{
    "type": "Feature",
    "properties": {
        "name": "FÖMI orthophoto 2016 leaf-off 20cm (webp)",
        "id": "FOMI_2016_leafoff_20cm",
        "country_code": "HU",
        "attribution": {
            "url": "https://lechnerkozpont.hu/oldal/ortofotok-es-legifelvetelek",
            "text": "Lechner Tudásközpont",
            "required": true
        },
        "start_date": "2016-01-01",
        "end_date": "2016-04-03",
        "url": "https://orto1.tile.openstreetmap.hu/fomi_2016_lombtalan_20cm/{zoom}/{x}/{y}.webp",
        "min_zoom": 8,
        "max_zoom": 19,
        "license_url": "https://wiki.openstreetmap.org/wiki/Hungary/Ortofot%C3%B3k#F%C3%96MI_ortofot%C3%B3k",
        "privacy_policy_url": "https://lechnerkozpont.hu/oldal/adatvedelem",
        "type": "tms",
        "category": "photo",
        "description": "Goverment-based leaf-off orthophotos with 20 cm/pixel resolution for several districts. This layer should be used as an alignment base in lack of a more accurate reference. WEBP format images, JOSM needs a webp plugin for them.",
        "i18n": true
    },
    "geometry": {
        "type": "MultiPolygon",
        "coordinates": [
            [
                [
                    [
                        19.93894,
                        47.94103
                    ],
                    [
                        19.93894,
                        47.94103
                    ],
                    [
                        19.92295,
                        47.91775
                    ],
                    [
                        19.93914,
                        47.91679
                    ],
                    [
                        19.95384,
                        47.90358
                    ],
                    [
                        19.96374,
                        47.90023
                    ],
                    [
                        19.98276,
                        47.87983
                    ],
                    [
                        19.99959,
                        47.87907
                    ],
                    [
                        20.01384,
                        47.87134
                    ],
                    [
                        20.03886,
                        47.87456
                    ],
                    [
                        20.04648,
                        47.86749
                    ],
                    [
                        20.06705,
                        47.87257
                    ],
                    [
                        20.08002,
                        47.88294
                    ],
                    [
                        20.09668,
                        47.88318
                    ],
                    [
                        20.11763,
                        47.89099
                    ],
                    [
                        20.12702,
                        47.88862
                    ],
                    [
                        20.13235,
                        47.87838
                    ],
                    [
                        20.14944,
                        47.86578
                    ],
                    [
                        20.16837,
                        47.85929
                    ],
                    [
                        20.17752,
                        47.82646
                    ],
                    [
                        20.19498,
                        47.82607
                    ],
                    [
                        20.19445,
                        47.81377
                    ],
                    [
                        20.21789,
                        47.81044
                    ],
                    [
                        20.2141,
                        47.80012
                    ],
                    [
                        20.24357,
                        47.79856
                    ],
                    [
                        20.26023,
                        47.78581
                    ],
                    [
                        20.28607,
                        47.79631
                    ],
                    [
                        20.30698,
                        47.78859
                    ],
                    [
                        20.29439,
                        47.78072
                    ],
                    [
                        20.30024,
                        47.76584
                    ],
                    [
                        20.32106,
                        47.75199
                    ],
                    [
                        20.32822,
                        47.75262
                    ],
                    [
                        20.35419,
                        47.76506
                    ],
                    [
                        20.37725,
                        47.78563
                    ],
                    [
                        20.39564,
                        47.77349
                    ],
                    [
                        20.42566,
                        47.77613
                    ],
                    [
                        20.43793,
                        47.76767
                    ],
                    [
                        20.45172,
                        47.78178
                    ],
                    [
                        20.45004,
                        47.79101
                    ],
                    [
                        20.46512,
                        47.80868
                    ],
                    [
                        20.49065,
                        47.81594
                    ],
                    [
                        20.50206,
                        47.81113
                    ],
                    [
                        20.50263,
                        47.81882
                    ],
                    [
                        20.51249,
                        47.82816
                    ],
                    [
                        20.51391,
                        47.83842
                    ],
                    [
                        20.50309,
                        47.86449
                    ],
                    [
                        20.49518,
                        47.86923
                    ],
                    [
                        20.46168,
                        47.87634
                    ],
                    [
                        20.45082,
                        47.89005
                    ],
                    [
                        20.44897,
                        47.89877
                    ],
                    [
                        20.47286,
                        47.90964
                    ],
                    [
                        20.48065,
                        47.90349
                    ],
                    [
                        20.50051,
                        47.90734
                    ],
                    [
                        20.49398,
                        47.91541
                    ],
                    [
                        20.51866,
                        47.92884
                    ],
                    [
                        20.5109,
                        47.94185
                    ],
                    [
                        20.49863,
                        47.94186
                    ],
                    [
                        20.48845,
                        47.94958
                    ],
                    [
                        20.45237,
                        47.96884
                    ],
                    [
                        20.46168,
                        47.97341
                    ],
                    [
                        20.47142,
                        47.99112
                    ],
                    [
                        20.47883,
                        47.99158
                    ],
                    [
                        20.4805,
                        48.00235
                    ],
                    [
                        20.4913,
                        48.02379
                    ],
                    [
                        20.49408,
                        48.04282
                    ],
                    [
                        20.48401,
                        48.04809
                    ],
                    [
                        20.47993,
                        48.05831
                    ],
                    [
                        20.50251,
                        48.05937
                    ],
                    [
                        20.49679,
                        48.04657
                    ],
                    [
                        20.51905,
                        48.03302
                    ],
                    [
                        20.53987,
                        48.0234
                    ],
                    [
                        20.55952,
                        48.02315
                    ],
                    [
                        20.58345,
                        48.01218
                    ],
                    [
                        20.60984,
                        47.99413
                    ],
                    [
                        20.61695,
                        47.98361
                    ],
                    [
                        20.6373,
                        47.99128
                    ],
                    [
                        20.64815,
                        47.99057
                    ],
                    [
                        20.64989,
                        47.97937
                    ],
                    [
                        20.6607,
                        47.9749
                    ],
                    [
                        20.68546,
                        47.97918
                    ],
                    [
                        20.69045,
                        47.98703
                    ],
                    [
                        20.70531,
                        47.97738
                    ],
                    [
                        20.70608,
                        47.96785
                    ],
                    [
                        20.71552,
                        47.94792
                    ],
                    [
                        20.72601,
                        47.94263
                    ],
                    [
                        20.73265,
                        47.93344
                    ],
                    [
                        20.76769,
                        47.93413
                    ],
                    [
                        20.77297,
                        47.92317
                    ],
                    [
                        20.77023,
                        47.90712
                    ],
                    [
                        20.76352,
                        47.90046
                    ],
                    [
                        20.78311,
                        47.89024
                    ],
                    [
                        20.80766,
                        47.88132
                    ],
                    [
                        20.80676,
                        47.86784
                    ],
                    [
                        20.78412,
                        47.86874
                    ],
                    [
                        20.74405,
                        47.85524
                    ],
                    [
                        20.73855,
                        47.84755
                    ],
                    [
                        20.74075,
                        47.83238
                    ],
                    [
                        20.75726,
                        47.813
                    ],
                    [
                        20.76974,
                        47.80433
                    ],
                    [
                        20.79637,
                        47.80371
                    ],
                    [
                        20.79625,
                        47.80872
                    ],
                    [
                        20.83171,
                        47.81123
                    ],
                    [
                        20.82607,
                        47.79961
                    ],
                    [
                        20.84131,
                        47.78461
                    ],
                    [
                        20.83838,
                        47.77842
                    ],
                    [
                        20.84972,
                        47.7638
                    ],
                    [
                        20.8654,
                        47.75815
                    ],
                    [
                        20.86733,
                        47.75281
                    ],
                    [
                        20.85369,
                        47.74148
                    ],
                    [
                        20.82223,
                        47.73757
                    ],
                    [
                        20.82697,
                        47.71101
                    ],
                    [
                        20.83212,
                        47.71046
                    ],
                    [
                        20.8353,
                        47.69073
                    ],
                    [
                        20.83465,
                        47.66965
                    ],
                    [
                        20.82737,
                        47.65866
                    ],
                    [
                        20.83706,
                        47.66145
                    ],
                    [
                        20.86206,
                        47.64378
                    ],
                    [
                        20.87808,
                        47.64336
                    ],
                    [
                        20.87879,
                        47.65153
                    ],
                    [
                        20.85592,
                        47.66187
                    ],
                    [
                        20.85276,
                        47.67496
                    ],
                    [
                        20.89403,
                        47.67026
                    ],
                    [
                        20.9028,
                        47.67608
                    ],
                    [
                        20.88804,
                        47.67862
                    ],
                    [
                        20.88423,
                        47.68933
                    ],
                    [
                        20.89092,
                        47.69745
                    ],
                    [
                        20.9035,
                        47.68545
                    ],
                    [
                        20.9183,
                        47.69353
                    ],
                    [
                        20.93455,
                        47.69366
                    ],
                    [
                        20.937,
                        47.70663
                    ],
                    [
                        20.95074,
                        47.71591
                    ],
                    [
                        20.96958,
                        47.71892
                    ],
                    [
                        20.993,
                        47.71818
                    ],
                    [
                        21.00113,
                        47.72426
                    ],
                    [
                        20.99678,
                        47.73795
                    ],
                    [
                        21.00264,
                        47.74136
                    ],
                    [
                        20.99917,
                        47.75215
                    ],
                    [
                        21.02171,
                        47.75765
                    ],
                    [
                        21.03692,
                        47.74634
                    ],
                    [
                        21.05373,
                        47.77343
                    ],
                    [
                        21.06611,
                        47.79988
                    ],
                    [
                        21.08205,
                        47.82105
                    ],
                    [
                        21.0764,
                        47.83222
                    ],
                    [
                        21.053,
                        47.85209
                    ],
                    [
                        21.06187,
                        47.85903
                    ],
                    [
                        21.08327,
                        47.86407
                    ],
                    [
                        21.08749,
                        47.88565
                    ],
                    [
                        21.08428,
                        47.88977
                    ],
                    [
                        21.09745,
                        47.9022
                    ],
                    [
                        21.12177,
                        47.90675
                    ],
                    [
                        21.12258,
                        47.91921
                    ],
                    [
                        21.10821,
                        47.9187
                    ],
                    [
                        21.09413,
                        47.92472
                    ],
                    [
                        21.11232,
                        47.93218
                    ],
                    [
                        21.12238,
                        47.96069
                    ],
                    [
                        21.13444,
                        47.96074
                    ],
                    [
                        21.14544,
                        47.9529
                    ],
                    [
                        21.15188,
                        47.9644
                    ],
                    [
                        21.17499,
                        47.96253
                    ],
                    [
                        21.1942,
                        47.95716
                    ],
                    [
                        21.23094,
                        47.94038
                    ],
                    [
                        21.23999,
                        47.93009
                    ],
                    [
                        21.26077,
                        47.92419
                    ],
                    [
                        21.26083,
                        47.91195
                    ],
                    [
                        21.27118,
                        47.90436
                    ],
                    [
                        21.29804,
                        47.90988
                    ],
                    [
                        21.30508,
                        47.91565
                    ],
                    [
                        21.32058,
                        47.9194
                    ],
                    [
                        21.35525,
                        47.92098
                    ],
                    [
                        21.37059,
                        47.91763
                    ],
                    [
                        21.42987,
                        47.92216
                    ],
                    [
                        21.43182,
                        47.92801
                    ],
                    [
                        21.47217,
                        47.9251
                    ],
                    [
                        21.49446,
                        47.92536
                    ],
                    [
                        21.5002,
                        47.93362
                    ],
                    [
                        21.51204,
                        47.93368
                    ],
                    [
                        21.51677,
                        47.94089
                    ],
                    [
                        21.56471,
                        47.9293
                    ],
                    [
                        21.55282,
                        47.90587
                    ],
                    [
                        21.55433,
                        47.88906
                    ],
                    [
                        21.56417,
                        47.88789
                    ],
                    [
                        21.55532,
                        47.87511
                    ],
                    [
                        21.55137,
                        47.8516
                    ],
                    [
                        21.54392,
                        47.82586
                    ],
                    [
                        21.54375,
                        47.79817
                    ],
                    [
                        21.54056,
                        47.79061
                    ],
                    [
                        21.59526,
                        47.77134
                    ],
                    [
                        21.62579,
                        47.74639
                    ],
                    [
                        21.62609,
                        47.73687
                    ],
                    [
                        21.63582,
                        47.72884
                    ],
                    [
                        21.67773,
                        47.72557
                    ],
                    [
                        21.68088,
                        47.73007
                    ],
                    [
                        21.70006,
                        47.73264
                    ],
                    [
                        21.70642,
                        47.72795
                    ],
                    [
                        21.71834,
                        47.70672
                    ],
                    [
                        21.73089,
                        47.70835
                    ],
                    [
                        21.75018,
                        47.70485
                    ],
                    [
                        21.7705,
                        47.70476
                    ],
                    [
                        21.76309,
                        47.68742
                    ],
                    [
                        21.79529,
                        47.68474
                    ],
                    [
                        21.80257,
                        47.67352
                    ],
                    [
                        21.84182,
                        47.66929
                    ],
                    [
                        21.8565,
                        47.67543
                    ],
                    [
                        21.85993,
                        47.6851
                    ],
                    [
                        21.87359,
                        47.68972
                    ],
                    [
                        21.88542,
                        47.69948
                    ],
                    [
                        21.88838,
                        47.72564
                    ],
                    [
                        21.9091,
                        47.72776
                    ],
                    [
                        21.93076,
                        47.73418
                    ],
                    [
                        21.93263,
                        47.74762
                    ],
                    [
                        21.94859,
                        47.7604
                    ],
                    [
                        21.95053,
                        47.77526
                    ],
                    [
                        21.94135,
                        47.78406
                    ],
                    [
                        21.93867,
                        47.79593
                    ],
                    [
                        21.96152,
                        47.79046
                    ],
                    [
                        21.97808,
                        47.81466
                    ],
                    [
                        21.97973,
                        47.82248
                    ],
                    [
                        21.97308,
                        47.85635
                    ],
                    [
                        21.95368,
                        47.85682
                    ],
                    [
                        21.94571,
                        47.85229
                    ],
                    [
                        21.94247,
                        47.85833
                    ],
                    [
                        21.94673,
                        47.87194
                    ],
                    [
                        21.94512,
                        47.88229
                    ],
                    [
                        21.95935,
                        47.90274
                    ],
                    [
                        21.97418,
                        47.90366
                    ],
                    [
                        21.99055,
                        47.91506
                    ],
                    [
                        21.99397,
                        47.92322
                    ],
                    [
                        22.01892,
                        47.8998
                    ],
                    [
                        22.0641,
                        47.90536
                    ],
                    [
                        22.07415,
                        47.91376
                    ],
                    [
                        22.09922,
                        47.92091
                    ],
                    [
                        22.10437,
                        47.91046
                    ],
                    [
                        22.11878,
                        47.91024
                    ],
                    [
                        22.10299,
                        47.92919
                    ],
                    [
                        22.09593,
                        47.95354
                    ],
                    [
                        22.10516,
                        47.96139
                    ],
                    [
                        22.11411,
                        47.95648
                    ],
                    [
                        22.12473,
                        47.96218
                    ],
                    [
                        22.10893,
                        47.99163
                    ],
                    [
                        22.12274,
                        47.99198
                    ],
                    [
                        22.12795,
                        48.00643
                    ],
                    [
                        22.15283,
                        48.01256
                    ],
                    [
                        22.15047,
                        48.02238
                    ],
                    [
                        22.15807,
                        48.03629
                    ],
                    [
                        22.15468,
                        48.04664
                    ],
                    [
                        22.15958,
                        48.05185
                    ],
                    [
                        22.15239,
                        48.07401
                    ],
                    [
                        22.14518,
                        48.07661
                    ],
                    [
                        22.12772,
                        48.07152
                    ],
                    [
                        22.11513,
                        48.0737
                    ],
                    [
                        22.09295,
                        48.08863
                    ],
                    [
                        22.07774,
                        48.09442
                    ],
                    [
                        22.03778,
                        48.07863
                    ],
                    [
                        22.00748,
                        48.07744
                    ],
                    [
                        22.00082,
                        48.07329
                    ],
                    [
                        21.98098,
                        48.11883
                    ],
                    [
                        21.97553,
                        48.12001
                    ],
                    [
                        21.97287,
                        48.13656
                    ],
                    [
                        21.9636,
                        48.14029
                    ],
                    [
                        21.94903,
                        48.17878
                    ],
                    [
                        21.93976,
                        48.18996
                    ],
                    [
                        21.91429,
                        48.17571
                    ],
                    [
                        21.88854,
                        48.17231
                    ],
                    [
                        21.8837,
                        48.16873
                    ],
                    [
                        21.84977,
                        48.17973
                    ],
                    [
                        21.83336,
                        48.17732
                    ],
                    [
                        21.83349,
                        48.19872
                    ],
                    [
                        21.8226,
                        48.21061
                    ],
                    [
                        21.83681,
                        48.22093
                    ],
                    [
                        21.83425,
                        48.23038
                    ],
                    [
                        21.84027,
                        48.23497
                    ],
                    [
                        21.8306,
                        48.24464
                    ],
                    [
                        21.82306,
                        48.24274
                    ],
                    [
                        21.82192,
                        48.23234
                    ],
                    [
                        21.81234,
                        48.23936
                    ],
                    [
                        21.81402,
                        48.22677
                    ],
                    [
                        21.79649,
                        48.22159
                    ],
                    [
                        21.79684,
                        48.21146
                    ],
                    [
                        21.78569,
                        48.21021
                    ],
                    [
                        21.78155,
                        48.20308
                    ],
                    [
                        21.77198,
                        48.20736
                    ],
                    [
                        21.76624,
                        48.19868
                    ],
                    [
                        21.77128,
                        48.19523
                    ],
                    [
                        21.75337,
                        48.19408
                    ],
                    [
                        21.75405,
                        48.20482
                    ],
                    [
                        21.73363,
                        48.19806
                    ],
                    [
                        21.7214,
                        48.20201
                    ],
                    [
                        21.72669,
                        48.1886
                    ],
                    [
                        21.71648,
                        48.19817
                    ],
                    [
                        21.70966,
                        48.19382
                    ],
                    [
                        21.68997,
                        48.19526
                    ],
                    [
                        21.67999,
                        48.19207
                    ],
                    [
                        21.64445,
                        48.19481
                    ],
                    [
                        21.62786,
                        48.19399
                    ],
                    [
                        21.60272,
                        48.19792
                    ],
                    [
                        21.58477,
                        48.2092
                    ],
                    [
                        21.57543,
                        48.20997
                    ],
                    [
                        21.5704,
                        48.20102
                    ],
                    [
                        21.55527,
                        48.20128
                    ],
                    [
                        21.5488,
                        48.19707
                    ],
                    [
                        21.53465,
                        48.19786
                    ],
                    [
                        21.52795,
                        48.18841
                    ],
                    [
                        21.51558,
                        48.18538
                    ],
                    [
                        21.52366,
                        48.17945
                    ],
                    [
                        21.50449,
                        48.17752
                    ],
                    [
                        21.48855,
                        48.18171
                    ],
                    [
                        21.47312,
                        48.1772
                    ],
                    [
                        21.47317,
                        48.16804
                    ],
                    [
                        21.46237,
                        48.17033
                    ],
                    [
                        21.46046,
                        48.17811
                    ],
                    [
                        21.44179,
                        48.17708
                    ],
                    [
                        21.43649,
                        48.16501
                    ],
                    [
                        21.42325,
                        48.15765
                    ],
                    [
                        21.42932,
                        48.13423
                    ],
                    [
                        21.41367,
                        48.12303
                    ],
                    [
                        21.42566,
                        48.10397
                    ],
                    [
                        21.45021,
                        48.08971
                    ],
                    [
                        21.43017,
                        48.08644
                    ],
                    [
                        21.43586,
                        48.07863
                    ],
                    [
                        21.45274,
                        48.07834
                    ],
                    [
                        21.46023,
                        48.07271
                    ],
                    [
                        21.43677,
                        48.06854
                    ],
                    [
                        21.43639,
                        48.04979
                    ],
                    [
                        21.42479,
                        48.04291
                    ],
                    [
                        21.41705,
                        48.05153
                    ],
                    [
                        21.40817,
                        48.05126
                    ],
                    [
                        21.40721,
                        48.04349
                    ],
                    [
                        21.41482,
                        48.03594
                    ],
                    [
                        21.40276,
                        48.03117
                    ],
                    [
                        21.37501,
                        48.03475
                    ],
                    [
                        21.38033,
                        48.02636
                    ],
                    [
                        21.36875,
                        48.03323
                    ],
                    [
                        21.35228,
                        48.03444
                    ],
                    [
                        21.33646,
                        48.02257
                    ],
                    [
                        21.32769,
                        48.02291
                    ],
                    [
                        21.31993,
                        48.03158
                    ],
                    [
                        21.29642,
                        48.02914
                    ],
                    [
                        21.29537,
                        48.03885
                    ],
                    [
                        21.28553,
                        48.03447
                    ],
                    [
                        21.26482,
                        48.04017
                    ],
                    [
                        21.26012,
                        48.04616
                    ],
                    [
                        21.26127,
                        48.05931
                    ],
                    [
                        21.23738,
                        48.05061
                    ],
                    [
                        21.22501,
                        48.04165
                    ],
                    [
                        21.22247,
                        48.03338
                    ],
                    [
                        21.22941,
                        48.02944
                    ],
                    [
                        21.21848,
                        48.02371
                    ],
                    [
                        21.19339,
                        48.03027
                    ],
                    [
                        21.17039,
                        48.02741
                    ],
                    [
                        21.17283,
                        48.03946
                    ],
                    [
                        21.15815,
                        48.04482
                    ],
                    [
                        21.15145,
                        48.0402
                    ],
                    [
                        21.14187,
                        48.04588
                    ],
                    [
                        21.11337,
                        48.0319
                    ],
                    [
                        21.11002,
                        48.02384
                    ],
                    [
                        21.09522,
                        48.02249
                    ],
                    [
                        21.09112,
                        48.01091
                    ],
                    [
                        21.07776,
                        48.00301
                    ],
                    [
                        21.0329,
                        48.00908
                    ],
                    [
                        21.01816,
                        48.01621
                    ],
                    [
                        21.02618,
                        48.02359
                    ],
                    [
                        21.01782,
                        48.03433
                    ],
                    [
                        21.01581,
                        48.05701
                    ],
                    [
                        21.03959,
                        48.06587
                    ],
                    [
                        21.06914,
                        48.08541
                    ],
                    [
                        21.06644,
                        48.09277
                    ],
                    [
                        21.08865,
                        48.09048
                    ],
                    [
                        21.09915,
                        48.112
                    ],
                    [
                        21.0791,
                        48.1187
                    ],
                    [
                        21.05958,
                        48.11933
                    ],
                    [
                        21.05778,
                        48.12973
                    ],
                    [
                        21.04889,
                        48.13494
                    ],
                    [
                        21.04648,
                        48.14834
                    ],
                    [
                        21.03466,
                        48.14636
                    ],
                    [
                        21.0128,
                        48.15116
                    ],
                    [
                        21.00652,
                        48.16007
                    ],
                    [
                        20.98958,
                        48.16772
                    ],
                    [
                        20.96825,
                        48.17165
                    ],
                    [
                        20.95993,
                        48.16185
                    ],
                    [
                        20.919,
                        48.16751
                    ],
                    [
                        20.89981,
                        48.1682
                    ],
                    [
                        20.89021,
                        48.18636
                    ],
                    [
                        20.8897,
                        48.198
                    ],
                    [
                        20.88143,
                        48.20919
                    ],
                    [
                        20.88346,
                        48.21817
                    ],
                    [
                        20.87839,
                        48.23436
                    ],
                    [
                        20.86459,
                        48.23865
                    ],
                    [
                        20.8415,
                        48.22088
                    ],
                    [
                        20.82256,
                        48.22673
                    ],
                    [
                        20.79512,
                        48.20735
                    ],
                    [
                        20.78213,
                        48.20313
                    ],
                    [
                        20.76507,
                        48.21137
                    ],
                    [
                        20.75289,
                        48.21177
                    ],
                    [
                        20.74347,
                        48.19887
                    ],
                    [
                        20.75133,
                        48.18954
                    ],
                    [
                        20.73615,
                        48.18369
                    ],
                    [
                        20.71167,
                        48.18512
                    ],
                    [
                        20.70095,
                        48.20088
                    ],
                    [
                        20.68266,
                        48.20492
                    ],
                    [
                        20.67108,
                        48.21259
                    ],
                    [
                        20.64378,
                        48.21195
                    ],
                    [
                        20.63041,
                        48.20757
                    ],
                    [
                        20.61574,
                        48.21802
                    ],
                    [
                        20.58835,
                        48.21457
                    ],
                    [
                        20.57946,
                        48.20236
                    ],
                    [
                        20.56396,
                        48.19336
                    ],
                    [
                        20.56325,
                        48.1882
                    ],
                    [
                        20.58127,
                        48.17912
                    ],
                    [
                        20.56399,
                        48.16249
                    ],
                    [
                        20.54388,
                        48.15296
                    ],
                    [
                        20.54865,
                        48.14067
                    ],
                    [
                        20.53364,
                        48.13721
                    ],
                    [
                        20.5311,
                        48.12359
                    ],
                    [
                        20.50778,
                        48.12044
                    ],
                    [
                        20.49116,
                        48.11245
                    ],
                    [
                        20.47984,
                        48.11732
                    ],
                    [
                        20.47472,
                        48.13213
                    ],
                    [
                        20.46423,
                        48.14134
                    ],
                    [
                        20.44373,
                        48.15247
                    ],
                    [
                        20.44926,
                        48.18274
                    ],
                    [
                        20.43983,
                        48.19488
                    ],
                    [
                        20.45971,
                        48.20845
                    ],
                    [
                        20.4675,
                        48.22283
                    ],
                    [
                        20.44579,
                        48.23578
                    ],
                    [
                        20.4797,
                        48.25083
                    ],
                    [
                        20.50601,
                        48.2576
                    ],
                    [
                        20.52218,
                        48.25916
                    ],
                    [
                        20.5214,
                        48.27235
                    ],
                    [
                        20.51063,
                        48.2727
                    ],
                    [
                        20.50953,
                        48.29076
                    ],
                    [
                        20.51668,
                        48.30179
                    ],
                    [
                        20.50896,
                        48.31124
                    ],
                    [
                        20.50864,
                        48.32381
                    ],
                    [
                        20.54697,
                        48.31648
                    ],
                    [
                        20.55618,
                        48.32244
                    ],
                    [
                        20.56994,
                        48.31671
                    ],
                    [
                        20.5936,
                        48.31472
                    ],
                    [
                        20.60923,
                        48.30945
                    ],
                    [
                        20.61525,
                        48.31612
                    ],
                    [
                        20.60957,
                        48.32256
                    ],
                    [
                        20.62958,
                        48.33403
                    ],
                    [
                        20.63636,
                        48.33448
                    ],
                    [
                        20.6308,
                        48.3475
                    ],
                    [
                        20.6213,
                        48.35138
                    ],
                    [
                        20.62171,
                        48.36026
                    ],
                    [
                        20.60995,
                        48.37573
                    ],
                    [
                        20.60097,
                        48.37661
                    ],
                    [
                        20.59358,
                        48.39007
                    ],
                    [
                        20.59848,
                        48.39917
                    ],
                    [
                        20.61253,
                        48.39648
                    ],
                    [
                        20.6168,
                        48.40769
                    ],
                    [
                        20.63004,
                        48.42775
                    ],
                    [
                        20.59653,
                        48.43187
                    ],
                    [
                        20.57791,
                        48.43967
                    ],
                    [
                        20.5622,
                        48.43841
                    ],
                    [
                        20.54377,
                        48.44131
                    ],
                    [
                        20.54323,
                        48.45159
                    ],
                    [
                        20.55338,
                        48.46609
                    ],
                    [
                        20.5465,
                        48.47234
                    ],
                    [
                        20.55724,
                        48.47156
                    ],
                    [
                        20.59361,
                        48.47641
                    ],
                    [
                        20.58727,
                        48.49532
                    ],
                    [
                        20.59452,
                        48.50838
                    ],
                    [
                        20.60681,
                        48.5125
                    ],
                    [
                        20.60633,
                        48.52218
                    ],
                    [
                        20.59176,
                        48.53319
                    ],
                    [
                        20.57236,
                        48.54023
                    ],
                    [
                        20.54563,
                        48.54444
                    ],
                    [
                        20.53688,
                        48.52851
                    ],
                    [
                        20.52556,
                        48.53094
                    ],
                    [
                        20.51856,
                        48.53792
                    ],
                    [
                        20.50636,
                        48.53495
                    ],
                    [
                        20.50168,
                        48.51995
                    ],
                    [
                        20.50824,
                        48.51539
                    ],
                    [
                        20.50389,
                        48.4902
                    ],
                    [
                        20.49437,
                        48.48795
                    ],
                    [
                        20.48793,
                        48.47615
                    ],
                    [
                        20.46391,
                        48.4647
                    ],
                    [
                        20.46885,
                        48.45344
                    ],
                    [
                        20.45148,
                        48.44913
                    ],
                    [
                        20.44234,
                        48.43898
                    ],
                    [
                        20.4161,
                        48.41933
                    ],
                    [
                        20.41354,
                        48.41218
                    ],
                    [
                        20.41972,
                        48.40412
                    ],
                    [
                        20.41203,
                        48.38818
                    ],
                    [
                        20.40186,
                        48.38226
                    ],
                    [
                        20.41086,
                        48.36991
                    ],
                    [
                        20.40677,
                        48.36313
                    ],
                    [
                        20.38391,
                        48.35182
                    ],
                    [
                        20.38571,
                        48.3479
                    ],
                    [
                        20.36686,
                        48.33202
                    ],
                    [
                        20.37304,
                        48.32671
                    ],
                    [
                        20.35695,
                        48.30998
                    ],
                    [
                        20.33461,
                        48.29934
                    ],
                    [
                        20.3273,
                        48.2885
                    ],
                    [
                        20.32496,
                        48.27332
                    ],
                    [
                        20.30886,
                        48.27387
                    ],
                    [
                        20.30993,
                        48.26582
                    ],
                    [
                        20.29065,
                        48.26212
                    ],
                    [
                        20.27048,
                        48.26835
                    ],
                    [
                        20.24946,
                        48.27962
                    ],
                    [
                        20.22724,
                        48.27709
                    ],
                    [
                        20.23457,
                        48.27142
                    ],
                    [
                        20.2278,
                        48.26322
                    ],
                    [
                        20.21495,
                        48.25948
                    ],
                    [
                        20.20604,
                        48.26264
                    ],
                    [
                        20.2069,
                        48.25286
                    ],
                    [
                        20.19542,
                        48.24902
                    ],
                    [
                        20.15425,
                        48.25095
                    ],
                    [
                        20.14642,
                        48.25551
                    ],
                    [
                        20.13289,
                        48.25448
                    ],
                    [
                        20.13847,
                        48.24356
                    ],
                    [
                        20.13327,
                        48.22563
                    ],
                    [
                        20.11221,
                        48.21656
                    ],
                    [
                        20.09475,
                        48.20423
                    ],
                    [
                        20.09011,
                        48.1974
                    ],
                    [
                        20.07788,
                        48.19691
                    ],
                    [
                        20.06677,
                        48.18827
                    ],
                    [
                        20.07788,
                        48.18369
                    ],
                    [
                        20.06057,
                        48.17853
                    ],
                    [
                        20.05124,
                        48.16802
                    ],
                    [
                        20.06082,
                        48.16693
                    ],
                    [
                        20.06535,
                        48.15421
                    ],
                    [
                        20.08954,
                        48.15105
                    ],
                    [
                        20.09229,
                        48.14366
                    ],
                    [
                        20.07773,
                        48.13656
                    ],
                    [
                        20.07133,
                        48.1219
                    ],
                    [
                        20.05,
                        48.12446
                    ],
                    [
                        20.04108,
                        48.10702
                    ],
                    [
                        20.03268,
                        48.10827
                    ],
                    [
                        20.00655,
                        48.10275
                    ],
                    [
                        19.98839,
                        48.09449
                    ],
                    [
                        19.97422,
                        48.09492
                    ],
                    [
                        19.96786,
                        48.08888
                    ],
                    [
                        19.97143,
                        48.07931
                    ],
                    [
                        19.98611,
                        48.07484
                    ],
                    [
                        19.9859,
                        48.0696
                    ],
                    [
                        20.01402,
                        48.05452
                    ],
                    [
                        20.00737,
                        48.05178
                    ],
                    [
                        20.0148,
                        48.03073
                    ],
                    [
                        20.01463,
                        48.01837
                    ],
                    [
                        20.03137,
                        48.0094
                    ],
                    [
                        20.0053,
                        48.00501
                    ],
                    [
                        19.99584,
                        48.00752
                    ],
                    [
                        19.99014,
                        47.99977
                    ],
                    [
                        19.98207,
                        47.99941
                    ],
                    [
                        19.975,
                        47.99098
                    ],
                    [
                        19.98561,
                        47.98181
                    ],
                    [
                        19.97562,
                        47.97412
                    ],
                    [
                        19.96329,
                        47.97167
                    ],
                    [
                        19.96749,
                        47.95052
                    ],
                    [
                        19.94097,
                        47.94458
                    ],
                    [
                        19.93894,
                        47.94103
                    ]
                ]
            ],
            [
                [
                    [
                        20.88402,
                        46.78999
                    ],
                    [
                        20.88402,
                        46.78999
                    ],
                    [
                        20.88384,
                        46.76825
                    ],
                    [
                        20.89375,
                        46.76356
                    ],
                    [
                        20.91956,
                        46.73656
                    ],
                    [
                        20.91978,
                        46.72537
                    ],
                    [
                        20.93552,
                        46.71635
                    ],
                    [
                        20.95836,
                        46.72248
                    ],
                    [
                        20.97255,
                        46.72983
                    ],
                    [
                        20.99846,
                        46.71528
                    ],
                    [
                        21.06044,
                        46.74512
                    ],
                    [
                        21.07128,
                        46.73523
                    ],
                    [
                        21.07635,
                        46.7439
                    ],
                    [
                        21.08491,
                        46.7463
                    ],
                    [
                        21.08653,
                        46.71946
                    ],
                    [
                        21.09158,
                        46.71582
                    ],
                    [
                        21.12194,
                        46.71537
                    ],
                    [
                        21.12865,
                        46.71953
                    ],
                    [
                        21.13515,
                        46.73266
                    ],
                    [
                        21.15085,
                        46.73348
                    ],
                    [
                        21.20669,
                        46.72893
                    ],
                    [
                        21.21091,
                        46.75744
                    ],
                    [
                        21.22778,
                        46.77763
                    ],
                    [
                        21.28804,
                        46.76851
                    ],
                    [
                        21.30777,
                        46.76969
                    ],
                    [
                        21.31237,
                        46.75605
                    ],
                    [
                        21.29921,
                        46.72337
                    ],
                    [
                        21.28137,
                        46.71682
                    ],
                    [
                        21.26907,
                        46.71664
                    ],
                    [
                        21.27456,
                        46.70079
                    ],
                    [
                        21.28223,
                        46.70581
                    ],
                    [
                        21.30112,
                        46.70546
                    ],
                    [
                        21.31555,
                        46.70001
                    ],
                    [
                        21.32458,
                        46.70649
                    ],
                    [
                        21.34072,
                        46.70339
                    ],
                    [
                        21.35079,
                        46.71347
                    ],
                    [
                        21.37667,
                        46.71381
                    ],
                    [
                        21.39011,
                        46.71765
                    ],
                    [
                        21.39491,
                        46.7096
                    ],
                    [
                        21.41346,
                        46.70511
                    ],
                    [
                        21.42493,
                        46.69521
                    ],
                    [
                        21.43437,
                        46.69499
                    ],
                    [
                        21.45152,
                        46.68805
                    ],
                    [
                        21.47276,
                        46.69511
                    ],
                    [
                        21.4948,
                        46.68638
                    ],
                    [
                        21.51004,
                        46.70146
                    ],
                    [
                        21.51213,
                        46.71129
                    ],
                    [
                        21.52992,
                        46.72044
                    ],
                    [
                        21.52707,
                        46.73966
                    ],
                    [
                        21.51213,
                        46.74579
                    ],
                    [
                        21.49493,
                        46.75723
                    ],
                    [
                        21.4857,
                        46.75891
                    ],
                    [
                        21.49065,
                        46.77512
                    ],
                    [
                        21.50838,
                        46.78211
                    ],
                    [
                        21.52292,
                        46.80827
                    ],
                    [
                        21.52001,
                        46.8358
                    ],
                    [
                        21.53516,
                        46.83925
                    ],
                    [
                        21.53873,
                        46.8469
                    ],
                    [
                        21.55735,
                        46.8532
                    ],
                    [
                        21.56898,
                        46.85339
                    ],
                    [
                        21.59527,
                        46.85997
                    ],
                    [
                        21.60408,
                        46.86882
                    ],
                    [
                        21.60418,
                        46.88464
                    ],
                    [
                        21.61497,
                        46.88663
                    ],
                    [
                        21.59817,
                        46.91819
                    ],
                    [
                        21.60643,
                        46.93198
                    ],
                    [
                        21.63835,
                        46.93246
                    ],
                    [
                        21.65898,
                        46.95541
                    ],
                    [
                        21.67386,
                        46.95347
                    ],
                    [
                        21.68225,
                        46.9674
                    ],
                    [
                        21.6689,
                        46.97058
                    ],
                    [
                        21.67985,
                        46.99737
                    ],
                    [
                        21.6882,
                        46.99918
                    ],
                    [
                        21.67802,
                        47.01892
                    ],
                    [
                        21.66181,
                        47.02086
                    ],
                    [
                        21.64936,
                        47.04007
                    ],
                    [
                        21.6834,
                        47.04563
                    ],
                    [
                        21.68541,
                        47.05188
                    ],
                    [
                        21.70509,
                        47.06292
                    ],
                    [
                        21.70234,
                        47.06809
                    ],
                    [
                        21.71711,
                        47.07506
                    ],
                    [
                        21.71359,
                        47.0825
                    ],
                    [
                        21.72672,
                        47.09811
                    ],
                    [
                        21.77113,
                        47.10837
                    ],
                    [
                        21.79063,
                        47.10543
                    ],
                    [
                        21.79218,
                        47.12384
                    ],
                    [
                        21.79927,
                        47.12764
                    ],
                    [
                        21.81252,
                        47.16519
                    ],
                    [
                        21.81796,
                        47.17216
                    ],
                    [
                        21.83927,
                        47.17683
                    ],
                    [
                        21.8588,
                        47.18696
                    ],
                    [
                        21.86067,
                        47.20341
                    ],
                    [
                        21.85892,
                        47.22022
                    ],
                    [
                        21.8484,
                        47.22252
                    ],
                    [
                        21.83035,
                        47.22026
                    ],
                    [
                        21.83015,
                        47.2125
                    ],
                    [
                        21.80869,
                        47.20852
                    ],
                    [
                        21.75802,
                        47.21971
                    ],
                    [
                        21.7548,
                        47.23258
                    ],
                    [
                        21.74936,
                        47.23555
                    ],
                    [
                        21.74165,
                        47.26034
                    ],
                    [
                        21.73714,
                        47.26392
                    ],
                    [
                        21.72484,
                        47.2592
                    ],
                    [
                        21.71787,
                        47.26563
                    ],
                    [
                        21.71384,
                        47.28564
                    ],
                    [
                        21.70898,
                        47.28779
                    ],
                    [
                        21.68667,
                        47.28302
                    ],
                    [
                        21.66403,
                        47.28085
                    ],
                    [
                        21.65721,
                        47.28365
                    ],
                    [
                        21.63986,
                        47.28184
                    ],
                    [
                        21.63745,
                        47.29197
                    ],
                    [
                        21.62444,
                        47.30575
                    ],
                    [
                        21.60742,
                        47.29992
                    ],
                    [
                        21.59653,
                        47.2893
                    ],
                    [
                        21.57028,
                        47.28182
                    ],
                    [
                        21.54016,
                        47.29038
                    ],
                    [
                        21.51725,
                        47.27491
                    ],
                    [
                        21.51069,
                        47.2751
                    ],
                    [
                        21.48756,
                        47.28839
                    ],
                    [
                        21.46133,
                        47.29025
                    ],
                    [
                        21.45487,
                        47.282
                    ],
                    [
                        21.44555,
                        47.28791
                    ],
                    [
                        21.43186,
                        47.28662
                    ],
                    [
                        21.41542,
                        47.29006
                    ],
                    [
                        21.40552,
                        47.27997
                    ],
                    [
                        21.38853,
                        47.26942
                    ],
                    [
                        21.39199,
                        47.24337
                    ],
                    [
                        21.40521,
                        47.24201
                    ],
                    [
                        21.41452,
                        47.22495
                    ],
                    [
                        21.4074,
                        47.21533
                    ],
                    [
                        21.40905,
                        47.20383
                    ],
                    [
                        21.39567,
                        47.19327
                    ],
                    [
                        21.40034,
                        47.18839
                    ],
                    [
                        21.39755,
                        47.16963
                    ],
                    [
                        21.35837,
                        47.14456
                    ],
                    [
                        21.34517,
                        47.14333
                    ],
                    [
                        21.30397,
                        47.15244
                    ],
                    [
                        21.30015,
                        47.151
                    ],
                    [
                        21.29317,
                        47.13133
                    ],
                    [
                        21.3007,
                        47.12605
                    ],
                    [
                        21.30004,
                        47.1162
                    ],
                    [
                        21.30644,
                        47.11098
                    ],
                    [
                        21.29096,
                        47.10359
                    ],
                    [
                        21.29462,
                        47.08683
                    ],
                    [
                        21.28803,
                        47.08222
                    ],
                    [
                        21.23202,
                        47.06048
                    ],
                    [
                        21.2396,
                        47.03742
                    ],
                    [
                        21.23245,
                        47.02278
                    ],
                    [
                        21.24916,
                        47.00636
                    ],
                    [
                        21.2535,
                        47.00917
                    ],
                    [
                        21.32004,
                        46.99076
                    ],
                    [
                        21.35604,
                        46.97933
                    ],
                    [
                        21.40728,
                        46.97638
                    ],
                    [
                        21.42043,
                        46.9742
                    ],
                    [
                        21.4253,
                        46.96841
                    ],
                    [
                        21.43783,
                        46.97027
                    ],
                    [
                        21.44143,
                        46.9591
                    ],
                    [
                        21.43006,
                        46.95793
                    ],
                    [
                        21.42269,
                        46.94333
                    ],
                    [
                        21.4105,
                        46.9351
                    ],
                    [
                        21.3924,
                        46.94599
                    ],
                    [
                        21.37726,
                        46.93765
                    ],
                    [
                        21.34546,
                        46.92679
                    ],
                    [
                        21.30091,
                        46.90944
                    ],
                    [
                        21.29974,
                        46.90309
                    ],
                    [
                        21.28368,
                        46.8788
                    ],
                    [
                        21.28497,
                        46.84309
                    ],
                    [
                        21.27339,
                        46.84085
                    ],
                    [
                        21.26181,
                        46.85291
                    ],
                    [
                        21.24462,
                        46.85968
                    ],
                    [
                        21.24322,
                        46.87065
                    ],
                    [
                        21.22073,
                        46.87214
                    ],
                    [
                        21.22079,
                        46.88931
                    ],
                    [
                        21.19872,
                        46.89558
                    ],
                    [
                        21.20058,
                        46.91462
                    ],
                    [
                        21.18457,
                        46.91327
                    ],
                    [
                        21.18477,
                        46.90934
                    ],
                    [
                        21.16844,
                        46.90721
                    ],
                    [
                        21.16666,
                        46.91432
                    ],
                    [
                        21.1529,
                        46.91474
                    ],
                    [
                        21.1493,
                        46.90751
                    ],
                    [
                        21.16307,
                        46.8912
                    ],
                    [
                        21.16114,
                        46.8844
                    ],
                    [
                        21.13692,
                        46.87793
                    ],
                    [
                        21.1263,
                        46.89091
                    ],
                    [
                        21.12403,
                        46.90101
                    ],
                    [
                        21.11104,
                        46.90473
                    ],
                    [
                        21.10494,
                        46.89763
                    ],
                    [
                        21.09792,
                        46.89955
                    ],
                    [
                        21.10858,
                        46.9069
                    ],
                    [
                        21.09237,
                        46.90929
                    ],
                    [
                        21.10094,
                        46.91472
                    ],
                    [
                        21.09262,
                        46.91725
                    ],
                    [
                        21.07178,
                        46.91096
                    ],
                    [
                        21.04937,
                        46.9287
                    ],
                    [
                        21.03127,
                        46.93507
                    ],
                    [
                        21.00892,
                        46.92999
                    ],
                    [
                        20.99586,
                        46.93686
                    ],
                    [
                        20.99544,
                        46.92619
                    ],
                    [
                        20.98276,
                        46.93095
                    ],
                    [
                        20.98793,
                        46.92322
                    ],
                    [
                        20.96456,
                        46.92094
                    ],
                    [
                        20.94672,
                        46.9
                    ],
                    [
                        20.96819,
                        46.89146
                    ],
                    [
                        20.97604,
                        46.87075
                    ],
                    [
                        20.96782,
                        46.86888
                    ],
                    [
                        20.97005,
                        46.8593
                    ],
                    [
                        20.95973,
                        46.85663
                    ],
                    [
                        20.96979,
                        46.84476
                    ],
                    [
                        20.92623,
                        46.83593
                    ],
                    [
                        20.86833,
                        46.8403
                    ],
                    [
                        20.86424,
                        46.83545
                    ],
                    [
                        20.85241,
                        46.83609
                    ],
                    [
                        20.84484,
                        46.82663
                    ],
                    [
                        20.88138,
                        46.82155
                    ],
                    [
                        20.88402,
                        46.78999
                    ]
                ]
            ],
            [
                [
                    [
                        20.3587,
                        47.01258
                    ],
                    [
                        20.3587,
                        47.01258
                    ],
                    [
                        20.34334,
                        47.01576
                    ],
                    [
                        20.33489,
                        46.9885
                    ],
                    [
                        20.32396,
                        46.97192
                    ],
                    [
                        20.34693,
                        46.96487
                    ],
                    [
                        20.36936,
                        46.95286
                    ],
                    [
                        20.37457,
                        46.95813
                    ],
                    [
                        20.38864,
                        46.95
                    ],
                    [
                        20.40569,
                        46.96002
                    ],
                    [
                        20.41597,
                        46.96058
                    ],
                    [
                        20.42251,
                        46.95218
                    ],
                    [
                        20.40204,
                        46.9367
                    ],
                    [
                        20.40021,
                        46.92869
                    ],
                    [
                        20.42107,
                        46.92967
                    ],
                    [
                        20.42476,
                        46.92299
                    ],
                    [
                        20.41196,
                        46.91974
                    ],
                    [
                        20.44127,
                        46.91076
                    ],
                    [
                        20.43972,
                        46.90294
                    ],
                    [
                        20.45678,
                        46.90371
                    ],
                    [
                        20.48597,
                        46.89083
                    ],
                    [
                        20.50068,
                        46.89059
                    ],
                    [
                        20.53638,
                        46.89907
                    ],
                    [
                        20.54539,
                        46.90446
                    ],
                    [
                        20.54714,
                        46.91444
                    ],
                    [
                        20.5861,
                        46.91156
                    ],
                    [
                        20.59919,
                        46.91779
                    ],
                    [
                        20.60711,
                        46.91673
                    ],
                    [
                        20.64087,
                        46.89986
                    ],
                    [
                        20.67299,
                        46.91339
                    ],
                    [
                        20.69378,
                        46.91043
                    ],
                    [
                        20.70473,
                        46.92108
                    ],
                    [
                        20.7212,
                        46.93115
                    ],
                    [
                        20.72784,
                        46.94057
                    ],
                    [
                        20.72588,
                        46.95638
                    ],
                    [
                        20.70998,
                        46.95623
                    ],
                    [
                        20.71238,
                        46.96197
                    ],
                    [
                        20.72733,
                        46.95962
                    ],
                    [
                        20.72184,
                        46.96961
                    ],
                    [
                        20.71052,
                        46.9785
                    ],
                    [
                        20.71401,
                        46.99616
                    ],
                    [
                        20.71893,
                        46.99976
                    ],
                    [
                        20.71095,
                        47.01252
                    ],
                    [
                        20.70284,
                        47.01304
                    ],
                    [
                        20.70854,
                        47.03419
                    ],
                    [
                        20.72373,
                        47.03023
                    ],
                    [
                        20.72823,
                        47.0431
                    ],
                    [
                        20.75574,
                        47.0526
                    ],
                    [
                        20.75878,
                        47.03571
                    ],
                    [
                        20.80643,
                        47.03635
                    ],
                    [
                        20.8042,
                        47.0457
                    ],
                    [
                        20.82613,
                        47.0517
                    ],
                    [
                        20.84407,
                        47.06855
                    ],
                    [
                        20.86169,
                        47.06261
                    ],
                    [
                        20.86191,
                        47.06733
                    ],
                    [
                        20.8443,
                        47.07896
                    ],
                    [
                        20.8525,
                        47.09307
                    ],
                    [
                        20.84552,
                        47.11626
                    ],
                    [
                        20.86677,
                        47.1196
                    ],
                    [
                        20.86171,
                        47.13316
                    ],
                    [
                        20.84815,
                        47.14853
                    ],
                    [
                        20.83705,
                        47.14291
                    ],
                    [
                        20.81369,
                        47.14774
                    ],
                    [
                        20.7939,
                        47.15488
                    ],
                    [
                        20.76092,
                        47.15696
                    ],
                    [
                        20.7337,
                        47.16229
                    ],
                    [
                        20.70936,
                        47.17112
                    ],
                    [
                        20.7067,
                        47.17718
                    ],
                    [
                        20.67782,
                        47.18095
                    ],
                    [
                        20.64057,
                        47.16692
                    ],
                    [
                        20.63765,
                        47.13855
                    ],
                    [
                        20.6267,
                        47.1387
                    ],
                    [
                        20.62517,
                        47.13145
                    ],
                    [
                        20.57616,
                        47.12986
                    ],
                    [
                        20.58821,
                        47.10887
                    ],
                    [
                        20.58701,
                        47.08617
                    ],
                    [
                        20.56572,
                        47.08773
                    ],
                    [
                        20.54046,
                        47.10333
                    ],
                    [
                        20.52471,
                        47.09843
                    ],
                    [
                        20.49333,
                        47.09705
                    ],
                    [
                        20.43309,
                        47.1035
                    ],
                    [
                        20.4035,
                        47.10119
                    ],
                    [
                        20.40719,
                        47.07463
                    ],
                    [
                        20.41025,
                        47.06936
                    ],
                    [
                        20.35904,
                        47.01616
                    ],
                    [
                        20.3587,
                        47.01258
                    ]
                ]
            ],
            [
                [
                    [
                        19.93883,
                        46.17566
                    ],
                    [
                        19.93883,
                        46.17566
                    ],
                    [
                        20.01502,
                        46.17603
                    ],
                    [
                        20.02228,
                        46.17281
                    ],
                    [
                        20.03061,
                        46.14841
                    ],
                    [
                        20.03712,
                        46.14411
                    ],
                    [
                        20.05523,
                        46.14733
                    ],
                    [
                        20.06372,
                        46.14313
                    ],
                    [
                        20.09599,
                        46.17652
                    ],
                    [
                        20.10316,
                        46.17586
                    ],
                    [
                        20.10637,
                        46.16223
                    ],
                    [
                        20.13623,
                        46.14682
                    ],
                    [
                        20.14704,
                        46.14435
                    ],
                    [
                        20.182,
                        46.15923
                    ],
                    [
                        20.20732,
                        46.14366
                    ],
                    [
                        20.21,
                        46.13498
                    ],
                    [
                        20.22923,
                        46.12867
                    ],
                    [
                        20.23357,
                        46.12334
                    ],
                    [
                        20.24791,
                        46.12908
                    ],
                    [
                        20.249,
                        46.11949
                    ],
                    [
                        20.2556,
                        46.11554
                    ],
                    [
                        20.26344,
                        46.12547
                    ],
                    [
                        20.27097,
                        46.12706
                    ],
                    [
                        20.28374,
                        46.1415
                    ],
                    [
                        20.29712,
                        46.15165
                    ],
                    [
                        20.30881,
                        46.15566
                    ],
                    [
                        20.31305,
                        46.14972
                    ],
                    [
                        20.35603,
                        46.16922
                    ],
                    [
                        20.35357,
                        46.18821
                    ],
                    [
                        20.36166,
                        46.18847
                    ],
                    [
                        20.36729,
                        46.21048
                    ],
                    [
                        20.37781,
                        46.2201
                    ],
                    [
                        20.37573,
                        46.22731
                    ],
                    [
                        20.36364,
                        46.22929
                    ],
                    [
                        20.35663,
                        46.22236
                    ],
                    [
                        20.34709,
                        46.2254
                    ],
                    [
                        20.3339,
                        46.24149
                    ],
                    [
                        20.3164,
                        46.23767
                    ],
                    [
                        20.30539,
                        46.2433
                    ],
                    [
                        20.30864,
                        46.25846
                    ],
                    [
                        20.2965,
                        46.29772
                    ],
                    [
                        20.33726,
                        46.29463
                    ],
                    [
                        20.36976,
                        46.29895
                    ],
                    [
                        20.41546,
                        46.32581
                    ],
                    [
                        20.43972,
                        46.33421
                    ],
                    [
                        20.43724,
                        46.33908
                    ],
                    [
                        20.45465,
                        46.34427
                    ],
                    [
                        20.49605,
                        46.34756
                    ],
                    [
                        20.50111,
                        46.35648
                    ],
                    [
                        20.51851,
                        46.37403
                    ],
                    [
                        20.54394,
                        46.38354
                    ],
                    [
                        20.56065,
                        46.40508
                    ],
                    [
                        20.58356,
                        46.40825
                    ],
                    [
                        20.58318,
                        46.45234
                    ],
                    [
                        20.6051,
                        46.45388
                    ],
                    [
                        20.60291,
                        46.46904
                    ],
                    [
                        20.59552,
                        46.47648
                    ],
                    [
                        20.60688,
                        46.5124
                    ],
                    [
                        20.61431,
                        46.51949
                    ],
                    [
                        20.61162,
                        46.53593
                    ],
                    [
                        20.58025,
                        46.56427
                    ],
                    [
                        20.56784,
                        46.57008
                    ],
                    [
                        20.50846,
                        46.55906
                    ],
                    [
                        20.47157,
                        46.54674
                    ],
                    [
                        20.46128,
                        46.55504
                    ],
                    [
                        20.41876,
                        46.54123
                    ],
                    [
                        20.42374,
                        46.53638
                    ],
                    [
                        20.41445,
                        46.52595
                    ],
                    [
                        20.37723,
                        46.51519
                    ],
                    [
                        20.37409,
                        46.52067
                    ],
                    [
                        20.36329,
                        46.51861
                    ],
                    [
                        20.31939,
                        46.52896
                    ],
                    [
                        20.31764,
                        46.52085
                    ],
                    [
                        20.32307,
                        46.5085
                    ],
                    [
                        20.31482,
                        46.50639
                    ],
                    [
                        20.31193,
                        46.51724
                    ],
                    [
                        20.3036,
                        46.51933
                    ],
                    [
                        20.31151,
                        46.52711
                    ],
                    [
                        20.3157,
                        46.54006
                    ],
                    [
                        20.25518,
                        46.54834
                    ],
                    [
                        20.22304,
                        46.54794
                    ],
                    [
                        20.21149,
                        46.55287
                    ],
                    [
                        20.15225,
                        46.56905
                    ],
                    [
                        20.14082,
                        46.56604
                    ],
                    [
                        20.12464,
                        46.56909
                    ],
                    [
                        20.11803,
                        46.56525
                    ],
                    [
                        20.0991,
                        46.56419
                    ],
                    [
                        20.0888,
                        46.55834
                    ],
                    [
                        20.06664,
                        46.56041
                    ],
                    [
                        20.05168,
                        46.55014
                    ],
                    [
                        20.03322,
                        46.56193
                    ],
                    [
                        19.99522,
                        46.59222
                    ],
                    [
                        19.96052,
                        46.56761
                    ],
                    [
                        19.94361,
                        46.54927
                    ],
                    [
                        19.89284,
                        46.57894
                    ],
                    [
                        19.85426,
                        46.56634
                    ],
                    [
                        19.81534,
                        46.55059
                    ],
                    [
                        19.77969,
                        46.53251
                    ],
                    [
                        19.80896,
                        46.50567
                    ],
                    [
                        19.84806,
                        46.51043
                    ],
                    [
                        19.89452,
                        46.48036
                    ],
                    [
                        19.9003,
                        46.46794
                    ],
                    [
                        19.89911,
                        46.46025
                    ],
                    [
                        19.88191,
                        46.44486
                    ],
                    [
                        19.89743,
                        46.42485
                    ],
                    [
                        19.89388,
                        46.40879
                    ],
                    [
                        19.93678,
                        46.38655
                    ],
                    [
                        19.96937,
                        46.3673
                    ],
                    [
                        20.02865,
                        46.32749
                    ],
                    [
                        20.00701,
                        46.31338
                    ],
                    [
                        19.99682,
                        46.30124
                    ],
                    [
                        19.96363,
                        46.28968
                    ],
                    [
                        19.96469,
                        46.28109
                    ],
                    [
                        19.95533,
                        46.27688
                    ],
                    [
                        19.96743,
                        46.25673
                    ],
                    [
                        19.95018,
                        46.25039
                    ],
                    [
                        19.93913,
                        46.2358
                    ],
                    [
                        19.95304,
                        46.22806
                    ],
                    [
                        19.95673,
                        46.21602
                    ],
                    [
                        19.9667,
                        46.20293
                    ],
                    [
                        19.95618,
                        46.19236
                    ],
                    [
                        19.94162,
                        46.18742
                    ],
                    [
                        19.9454,
                        46.18434
                    ],
                    [
                        19.93271,
                        46.17911
                    ],
                    [
                        19.93883,
                        46.17566
                    ]
                ]
            ],
            [
                [
                    [
                        18.95783,
                        46.83017
                    ],
                    [
                        18.95783,
                        46.83017
                    ],
                    [
                        18.97332,
                        46.83624
                    ],
                    [
                        18.97215,
                        46.84235
                    ],
                    [
                        19.01114,
                        46.84887
                    ],
                    [
                        19.02536,
                        46.86239
                    ],
                    [
                        19.02439,
                        46.87008
                    ],
                    [
                        19.04412,
                        46.86611
                    ],
                    [
                        19.05841,
                        46.87517
                    ],
                    [
                        19.07663,
                        46.88123
                    ],
                    [
                        19.12256,
                        46.89032
                    ],
                    [
                        19.13333,
                        46.88963
                    ],
                    [
                        19.138,
                        46.8801
                    ],
                    [
                        19.13052,
                        46.86914
                    ],
                    [
                        19.13612,
                        46.85637
                    ],
                    [
                        19.14326,
                        46.85368
                    ],
                    [
                        19.12994,
                        46.84469
                    ],
                    [
                        19.12831,
                        46.83394
                    ],
                    [
                        19.13449,
                        46.83144
                    ],
                    [
                        19.13247,
                        46.82262
                    ],
                    [
                        19.14431,
                        46.81985
                    ],
                    [
                        19.15471,
                        46.80924
                    ],
                    [
                        19.18053,
                        46.82753
                    ],
                    [
                        19.22252,
                        46.83994
                    ],
                    [
                        19.25639,
                        46.84296
                    ],
                    [
                        19.27375,
                        46.84717
                    ],
                    [
                        19.29411,
                        46.85767
                    ],
                    [
                        19.28823,
                        46.87169
                    ],
                    [
                        19.31762,
                        46.88281
                    ],
                    [
                        19.34069,
                        46.88311
                    ],
                    [
                        19.38869,
                        46.89099
                    ],
                    [
                        19.42105,
                        46.89853
                    ],
                    [
                        19.41142,
                        46.91547
                    ],
                    [
                        19.38892,
                        46.93825
                    ],
                    [
                        19.38276,
                        46.95033
                    ],
                    [
                        19.37264,
                        46.95036
                    ],
                    [
                        19.35243,
                        46.9711
                    ],
                    [
                        19.33926,
                        46.99504
                    ],
                    [
                        19.2962,
                        47.03614
                    ],
                    [
                        19.31506,
                        47.06657
                    ],
                    [
                        19.32946,
                        47.07557
                    ],
                    [
                        19.34843,
                        47.0929
                    ],
                    [
                        19.31251,
                        47.12079
                    ],
                    [
                        19.2822,
                        47.12859
                    ],
                    [
                        19.26944,
                        47.13481
                    ],
                    [
                        19.23645,
                        47.13123
                    ],
                    [
                        19.20907,
                        47.09034
                    ],
                    [
                        19.20242,
                        47.09809
                    ],
                    [
                        19.16395,
                        47.09623
                    ],
                    [
                        19.14288,
                        47.08319
                    ],
                    [
                        19.13183,
                        47.07222
                    ],
                    [
                        19.10642,
                        47.06806
                    ],
                    [
                        19.09766,
                        47.06339
                    ],
                    [
                        19.09468,
                        47.04588
                    ],
                    [
                        19.0707,
                        47.03732
                    ],
                    [
                        19.02466,
                        47.04933
                    ],
                    [
                        19.02029,
                        47.05478
                    ],
                    [
                        18.95665,
                        47.06465
                    ],
                    [
                        18.957,
                        47.05602
                    ],
                    [
                        18.97651,
                        47.04112
                    ],
                    [
                        18.96513,
                        47.03061
                    ],
                    [
                        18.96401,
                        47.01058
                    ],
                    [
                        18.9479,
                        46.99171
                    ],
                    [
                        18.95057,
                        46.96891
                    ],
                    [
                        18.95817,
                        46.95935
                    ],
                    [
                        18.96493,
                        46.93511
                    ],
                    [
                        18.95837,
                        46.90773
                    ],
                    [
                        18.95126,
                        46.89532
                    ],
                    [
                        18.93098,
                        46.87594
                    ],
                    [
                        18.92549,
                        46.86521
                    ],
                    [
                        18.92406,
                        46.83979
                    ],
                    [
                        18.93127,
                        46.83793
                    ],
                    [
                        18.94587,
                        46.82376
                    ],
                    [
                        18.95783,
                        46.83017
                    ]
                ]
            ],
            [
                [
                    [
                        18.21828,
                        47.22156
                    ],
                    [
                        18.21828,
                        47.22156
                    ],
                    [
                        18.22482,
                        47.20661
                    ],
                    [
                        18.22019,
                        47.18155
                    ],
                    [
                        18.22639,
                        47.17412
                    ],
                    [
                        18.21701,
                        47.17368
                    ],
                    [
                        18.22079,
                        47.16653
                    ],
                    [
                        18.21153,
                        47.16385
                    ],
                    [
                        18.21463,
                        47.14408
                    ],
                    [
                        18.22275,
                        47.12394
                    ],
                    [
                        18.22185,
                        47.11059
                    ],
                    [
                        18.23379,
                        47.09401
                    ],
                    [
                        18.21399,
                        47.0877
                    ],
                    [
                        18.20324,
                        47.07979
                    ],
                    [
                        18.21239,
                        47.0482
                    ],
                    [
                        18.23378,
                        47.02897
                    ],
                    [
                        18.2393,
                        47.01927
                    ],
                    [
                        18.25866,
                        47.02471
                    ],
                    [
                        18.29004,
                        47.01962
                    ],
                    [
                        18.30377,
                        47.01257
                    ],
                    [
                        18.31267,
                        47.00212
                    ],
                    [
                        18.32884,
                        47.0027
                    ],
                    [
                        18.33106,
                        46.99366
                    ],
                    [
                        18.35211,
                        46.99749
                    ],
                    [
                        18.36517,
                        46.9831
                    ],
                    [
                        18.40723,
                        47.00274
                    ],
                    [
                        18.42,
                        46.99356
                    ],
                    [
                        18.42662,
                        46.99603
                    ],
                    [
                        18.4357,
                        46.9862
                    ],
                    [
                        18.42672,
                        46.98152
                    ],
                    [
                        18.43812,
                        46.96916
                    ],
                    [
                        18.43014,
                        46.96028
                    ],
                    [
                        18.43442,
                        46.95457
                    ],
                    [
                        18.42823,
                        46.9471
                    ],
                    [
                        18.43585,
                        46.93708
                    ],
                    [
                        18.42909,
                        46.93346
                    ],
                    [
                        18.43541,
                        46.92602
                    ],
                    [
                        18.42979,
                        46.92098
                    ],
                    [
                        18.44186,
                        46.90474
                    ],
                    [
                        18.46144,
                        46.91394
                    ],
                    [
                        18.46923,
                        46.92142
                    ],
                    [
                        18.48455,
                        46.90426
                    ],
                    [
                        18.52856,
                        46.92269
                    ],
                    [
                        18.52106,
                        46.93294
                    ],
                    [
                        18.53808,
                        46.92999
                    ],
                    [
                        18.51825,
                        46.95727
                    ],
                    [
                        18.50024,
                        46.97363
                    ],
                    [
                        18.49507,
                        46.99114
                    ],
                    [
                        18.51526,
                        47.00819
                    ],
                    [
                        18.53294,
                        47.0114
                    ],
                    [
                        18.59404,
                        47.03656
                    ],
                    [
                        18.60749,
                        47.02041
                    ],
                    [
                        18.61418,
                        47.0226
                    ],
                    [
                        18.63338,
                        47.00705
                    ],
                    [
                        18.6416,
                        46.99622
                    ],
                    [
                        18.66167,
                        47.00555
                    ],
                    [
                        18.66981,
                        47.0059
                    ],
                    [
                        18.7133,
                        47.02895
                    ],
                    [
                        18.70368,
                        47.04034
                    ],
                    [
                        18.72013,
                        47.04663
                    ],
                    [
                        18.71236,
                        47.05747
                    ],
                    [
                        18.72146,
                        47.05526
                    ],
                    [
                        18.74028,
                        47.06949
                    ],
                    [
                        18.73717,
                        47.07604
                    ],
                    [
                        18.75001,
                        47.08265
                    ],
                    [
                        18.73822,
                        47.0943
                    ],
                    [
                        18.7254,
                        47.08866
                    ],
                    [
                        18.7164,
                        47.09179
                    ],
                    [
                        18.73927,
                        47.10294
                    ],
                    [
                        18.71814,
                        47.12388
                    ],
                    [
                        18.7061,
                        47.14421
                    ],
                    [
                        18.67545,
                        47.15131
                    ],
                    [
                        18.66234,
                        47.16367
                    ],
                    [
                        18.68029,
                        47.16317
                    ],
                    [
                        18.71919,
                        47.1679
                    ],
                    [
                        18.73554,
                        47.17616
                    ],
                    [
                        18.72194,
                        47.1946
                    ],
                    [
                        18.72827,
                        47.20261
                    ],
                    [
                        18.77678,
                        47.23461
                    ],
                    [
                        18.79742,
                        47.23938
                    ],
                    [
                        18.83179,
                        47.20738
                    ],
                    [
                        18.8243,
                        47.19899
                    ],
                    [
                        18.83937,
                        47.1871
                    ],
                    [
                        18.83491,
                        47.17075
                    ],
                    [
                        18.84862,
                        47.16194
                    ],
                    [
                        18.87323,
                        47.16169
                    ],
                    [
                        18.87898,
                        47.17557
                    ],
                    [
                        18.88228,
                        47.19597
                    ],
                    [
                        18.88747,
                        47.20452
                    ],
                    [
                        18.91086,
                        47.23102
                    ],
                    [
                        18.91235,
                        47.2443
                    ],
                    [
                        18.92127,
                        47.26494
                    ],
                    [
                        18.91749,
                        47.28456
                    ],
                    [
                        18.92138,
                        47.29534
                    ],
                    [
                        18.94034,
                        47.32195
                    ],
                    [
                        18.95192,
                        47.33465
                    ],
                    [
                        18.94931,
                        47.3512
                    ],
                    [
                        18.95326,
                        47.36186
                    ],
                    [
                        18.96304,
                        47.37232
                    ],
                    [
                        18.95783,
                        47.37619
                    ],
                    [
                        18.95214,
                        47.39251
                    ],
                    [
                        18.96281,
                        47.39882
                    ],
                    [
                        18.95786,
                        47.41837
                    ],
                    [
                        18.97698,
                        47.42988
                    ],
                    [
                        18.9793,
                        47.44711
                    ],
                    [
                        18.97104,
                        47.45101
                    ],
                    [
                        18.98184,
                        47.45511
                    ],
                    [
                        18.97976,
                        47.46878
                    ],
                    [
                        18.96788,
                        47.48005
                    ],
                    [
                        18.95448,
                        47.48667
                    ],
                    [
                        18.94727,
                        47.48312
                    ],
                    [
                        18.93684,
                        47.49162
                    ],
                    [
                        18.94507,
                        47.50316
                    ],
                    [
                        18.93491,
                        47.50739
                    ],
                    [
                        18.9454,
                        47.51786
                    ],
                    [
                        18.9362,
                        47.52234
                    ],
                    [
                        18.93654,
                        47.54327
                    ],
                    [
                        18.92661,
                        47.54407
                    ],
                    [
                        18.94143,
                        47.55044
                    ],
                    [
                        18.92998,
                        47.57217
                    ],
                    [
                        18.94299,
                        47.5783
                    ],
                    [
                        18.9769,
                        47.57341
                    ],
                    [
                        18.98546,
                        47.58359
                    ],
                    [
                        19.00197,
                        47.58293
                    ],
                    [
                        19.026,
                        47.58761
                    ],
                    [
                        19.0343,
                        47.58641
                    ],
                    [
                        19.0263,
                        47.60434
                    ],
                    [
                        19.03857,
                        47.60911
                    ],
                    [
                        19.07562,
                        47.60665
                    ],
                    [
                        19.07045,
                        47.59034
                    ],
                    [
                        19.07528,
                        47.58888
                    ],
                    [
                        19.09952,
                        47.61249
                    ],
                    [
                        19.10836,
                        47.60533
                    ],
                    [
                        19.13755,
                        47.59527
                    ],
                    [
                        19.15271,
                        47.58499
                    ],
                    [
                        19.14474,
                        47.57849
                    ],
                    [
                        19.15761,
                        47.57556
                    ],
                    [
                        19.17474,
                        47.5638
                    ],
                    [
                        19.20244,
                        47.57313
                    ],
                    [
                        19.2019,
                        47.58522
                    ],
                    [
                        19.21094,
                        47.59997
                    ],
                    [
                        19.23179,
                        47.61741
                    ],
                    [
                        19.22632,
                        47.63643
                    ],
                    [
                        19.24338,
                        47.6583
                    ],
                    [
                        19.22896,
                        47.66865
                    ],
                    [
                        19.20547,
                        47.67559
                    ],
                    [
                        19.17287,
                        47.69352
                    ],
                    [
                        19.1674,
                        47.71307
                    ],
                    [
                        19.14427,
                        47.71978
                    ],
                    [
                        19.13914,
                        47.71484
                    ],
                    [
                        19.12721,
                        47.718
                    ],
                    [
                        19.13349,
                        47.73805
                    ],
                    [
                        19.13196,
                        47.75858
                    ],
                    [
                        19.12289,
                        47.77721
                    ],
                    [
                        19.11201,
                        47.78844
                    ],
                    [
                        19.06351,
                        47.81475
                    ],
                    [
                        19.03388,
                        47.82012
                    ],
                    [
                        19.01283,
                        47.82015
                    ],
                    [
                        18.98703,
                        47.8124
                    ],
                    [
                        18.96604,
                        47.79179
                    ],
                    [
                        18.94858,
                        47.77002
                    ],
                    [
                        18.92652,
                        47.76532
                    ],
                    [
                        18.92413,
                        47.75
                    ],
                    [
                        18.91867,
                        47.74285
                    ],
                    [
                        18.92447,
                        47.7352
                    ],
                    [
                        18.94037,
                        47.72463
                    ],
                    [
                        18.93232,
                        47.71474
                    ],
                    [
                        18.92187,
                        47.71075
                    ],
                    [
                        18.90173,
                        47.72059
                    ],
                    [
                        18.88604,
                        47.72076
                    ],
                    [
                        18.88228,
                        47.71643
                    ],
                    [
                        18.86896,
                        47.71789
                    ],
                    [
                        18.851,
                        47.71182
                    ],
                    [
                        18.85462,
                        47.69668
                    ],
                    [
                        18.84612,
                        47.69228
                    ],
                    [
                        18.85282,
                        47.68666
                    ],
                    [
                        18.86296,
                        47.66852
                    ],
                    [
                        18.86444,
                        47.65184
                    ],
                    [
                        18.84395,
                        47.65726
                    ],
                    [
                        18.82955,
                        47.65431
                    ],
                    [
                        18.81231,
                        47.65768
                    ],
                    [
                        18.80214,
                        47.66483
                    ],
                    [
                        18.78061,
                        47.67166
                    ],
                    [
                        18.77792,
                        47.66141
                    ],
                    [
                        18.74842,
                        47.65995
                    ],
                    [
                        18.77367,
                        47.64776
                    ],
                    [
                        18.78084,
                        47.63982
                    ],
                    [
                        18.7704,
                        47.6388
                    ],
                    [
                        18.74268,
                        47.62369
                    ],
                    [
                        18.73834,
                        47.61508
                    ],
                    [
                        18.71961,
                        47.60856
                    ],
                    [
                        18.72081,
                        47.59688
                    ],
                    [
                        18.69755,
                        47.58531
                    ],
                    [
                        18.68792,
                        47.57759
                    ],
                    [
                        18.69945,
                        47.56097
                    ],
                    [
                        18.69136,
                        47.54876
                    ],
                    [
                        18.69409,
                        47.53249
                    ],
                    [
                        18.71001,
                        47.51557
                    ],
                    [
                        18.72873,
                        47.49095
                    ],
                    [
                        18.74174,
                        47.48832
                    ],
                    [
                        18.7512,
                        47.49183
                    ],
                    [
                        18.76194,
                        47.47761
                    ],
                    [
                        18.77943,
                        47.46587
                    ],
                    [
                        18.78488,
                        47.45643
                    ],
                    [
                        18.78974,
                        47.43539
                    ],
                    [
                        18.78863,
                        47.42587
                    ],
                    [
                        18.76321,
                        47.41338
                    ],
                    [
                        18.74861,
                        47.40058
                    ],
                    [
                        18.73127,
                        47.41543
                    ],
                    [
                        18.72541,
                        47.4126
                    ],
                    [
                        18.74235,
                        47.39793
                    ],
                    [
                        18.73101,
                        47.39349
                    ],
                    [
                        18.72333,
                        47.39881
                    ],
                    [
                        18.70991,
                        47.38889
                    ],
                    [
                        18.69692,
                        47.39914
                    ],
                    [
                        18.68129,
                        47.40512
                    ],
                    [
                        18.64444,
                        47.38329
                    ],
                    [
                        18.62378,
                        47.36796
                    ],
                    [
                        18.62588,
                        47.3493
                    ],
                    [
                        18.61325,
                        47.3445
                    ],
                    [
                        18.60163,
                        47.34483
                    ],
                    [
                        18.58581,
                        47.33602
                    ],
                    [
                        18.56944,
                        47.3414
                    ],
                    [
                        18.54725,
                        47.36116
                    ],
                    [
                        18.53154,
                        47.34323
                    ],
                    [
                        18.52157,
                        47.34286
                    ],
                    [
                        18.50315,
                        47.3313
                    ],
                    [
                        18.50643,
                        47.32897
                    ],
                    [
                        18.49544,
                        47.31795
                    ],
                    [
                        18.47311,
                        47.30667
                    ],
                    [
                        18.41619,
                        47.35605
                    ],
                    [
                        18.40722,
                        47.35473
                    ],
                    [
                        18.39286,
                        47.36276
                    ],
                    [
                        18.3717,
                        47.35804
                    ],
                    [
                        18.37861,
                        47.35343
                    ],
                    [
                        18.36792,
                        47.34477
                    ],
                    [
                        18.38056,
                        47.33533
                    ],
                    [
                        18.36267,
                        47.31543
                    ],
                    [
                        18.35499,
                        47.3118
                    ],
                    [
                        18.38581,
                        47.29187
                    ],
                    [
                        18.37483,
                        47.2847
                    ],
                    [
                        18.33985,
                        47.27947
                    ],
                    [
                        18.33064,
                        47.26737
                    ],
                    [
                        18.31612,
                        47.26695
                    ],
                    [
                        18.29301,
                        47.27317
                    ],
                    [
                        18.28917,
                        47.25318
                    ],
                    [
                        18.27497,
                        47.2593
                    ],
                    [
                        18.25146,
                        47.24138
                    ],
                    [
                        18.23104,
                        47.23884
                    ],
                    [
                        18.22413,
                        47.24864
                    ],
                    [
                        18.22777,
                        47.25458
                    ],
                    [
                        18.20958,
                        47.2617
                    ],
                    [
                        18.18142,
                        47.25004
                    ],
                    [
                        18.16829,
                        47.24945
                    ],
                    [
                        18.1728,
                        47.2387
                    ],
                    [
                        18.19643,
                        47.22222
                    ],
                    [
                        18.21828,
                        47.22156
                    ]
                ]
            ],
            [
                [
                    [
                        18.37525,
                        46.04027
                    ],
                    [
                        18.37525,
                        46.04027
                    ],
                    [
                        18.37051,
                        46.02973
                    ],
                    [
                        18.39228,
                        46.01717
                    ],
                    [
                        18.39665,
                        46.00708
                    ],
                    [
                        18.39055,
                        46.00196
                    ],
                    [
                        18.39217,
                        45.98947
                    ],
                    [
                        18.38692,
                        45.9863
                    ],
                    [
                        18.39198,
                        45.97378
                    ],
                    [
                        18.40065,
                        45.98099
                    ],
                    [
                        18.40846,
                        45.97671
                    ],
                    [
                        18.40682,
                        45.96477
                    ],
                    [
                        18.41533,
                        45.96726
                    ],
                    [
                        18.42295,
                        45.93147
                    ],
                    [
                        18.41562,
                        45.93118
                    ],
                    [
                        18.41943,
                        45.91162
                    ],
                    [
                        18.42859,
                        45.90694
                    ],
                    [
                        18.45524,
                        45.90595
                    ],
                    [
                        18.45543,
                        45.89682
                    ],
                    [
                        18.46853,
                        45.88736
                    ],
                    [
                        18.4839,
                        45.88895
                    ],
                    [
                        18.48963,
                        45.90088
                    ],
                    [
                        18.50147,
                        45.90159
                    ],
                    [
                        18.50143,
                        45.89344
                    ],
                    [
                        18.52381,
                        45.89661
                    ],
                    [
                        18.54675,
                        45.88186
                    ],
                    [
                        18.53783,
                        45.85103
                    ],
                    [
                        18.54509,
                        45.85243
                    ],
                    [
                        18.55138,
                        45.83407
                    ],
                    [
                        18.56402,
                        45.82781
                    ],
                    [
                        18.55673,
                        45.81278
                    ],
                    [
                        18.57366,
                        45.81321
                    ],
                    [
                        18.59577,
                        45.82101
                    ],
                    [
                        18.60413,
                        45.82765
                    ],
                    [
                        18.60172,
                        45.83337
                    ],
                    [
                        18.62353,
                        45.83897
                    ],
                    [
                        18.6159,
                        45.85252
                    ],
                    [
                        18.62375,
                        45.8538
                    ],
                    [
                        18.62851,
                        45.87287
                    ],
                    [
                        18.63799,
                        45.86761
                    ],
                    [
                        18.65558,
                        45.87448
                    ],
                    [
                        18.64209,
                        45.88883
                    ],
                    [
                        18.66105,
                        45.89478
                    ],
                    [
                        18.66031,
                        45.91631
                    ],
                    [
                        18.67004,
                        45.91029
                    ],
                    [
                        18.6763,
                        45.91431
                    ],
                    [
                        18.70435,
                        45.91745
                    ],
                    [
                        18.72185,
                        45.90453
                    ],
                    [
                        18.75633,
                        45.89627
                    ],
                    [
                        18.76039,
                        45.88811
                    ],
                    [
                        18.77539,
                        45.88637
                    ],
                    [
                        18.79114,
                        45.87762
                    ],
                    [
                        18.80965,
                        45.87926
                    ],
                    [
                        18.81336,
                        45.89072
                    ],
                    [
                        18.80819,
                        45.90312
                    ],
                    [
                        18.82222,
                        45.91429
                    ],
                    [
                        18.80513,
                        45.92727
                    ],
                    [
                        18.8077,
                        45.93387
                    ],
                    [
                        18.82943,
                        45.93817
                    ],
                    [
                        18.84416,
                        45.94728
                    ],
                    [
                        18.84481,
                        45.94155
                    ],
                    [
                        18.85529,
                        45.94525
                    ],
                    [
                        18.83676,
                        45.95599
                    ],
                    [
                        18.82606,
                        45.95734
                    ],
                    [
                        18.84119,
                        45.97538
                    ],
                    [
                        18.83717,
                        45.98074
                    ],
                    [
                        18.86942,
                        46.02074
                    ],
                    [
                        18.84462,
                        46.03022
                    ],
                    [
                        18.84808,
                        46.03481
                    ],
                    [
                        18.8376,
                        46.04232
                    ],
                    [
                        18.80877,
                        46.02516
                    ],
                    [
                        18.79011,
                        46.02877
                    ],
                    [
                        18.77526,
                        46.02465
                    ],
                    [
                        18.76431,
                        46.03199
                    ],
                    [
                        18.74375,
                        46.02952
                    ],
                    [
                        18.73407,
                        46.04535
                    ],
                    [
                        18.75383,
                        46.06309
                    ],
                    [
                        18.77058,
                        46.09429
                    ],
                    [
                        18.7982,
                        46.10339
                    ],
                    [
                        18.80318,
                        46.1083
                    ],
                    [
                        18.81931,
                        46.10834
                    ],
                    [
                        18.81194,
                        46.11462
                    ],
                    [
                        18.83255,
                        46.14323
                    ],
                    [
                        18.84171,
                        46.14852
                    ],
                    [
                        18.84014,
                        46.16784
                    ],
                    [
                        18.84488,
                        46.18306
                    ],
                    [
                        18.85344,
                        46.19158
                    ],
                    [
                        18.87171,
                        46.19312
                    ],
                    [
                        18.86729,
                        46.20127
                    ],
                    [
                        18.8727,
                        46.22245
                    ],
                    [
                        18.86754,
                        46.22298
                    ],
                    [
                        18.84999,
                        46.20944
                    ],
                    [
                        18.8316,
                        46.20159
                    ],
                    [
                        18.82286,
                        46.20583
                    ],
                    [
                        18.83035,
                        46.21748
                    ],
                    [
                        18.84294,
                        46.22284
                    ],
                    [
                        18.8541,
                        46.23558
                    ],
                    [
                        18.86752,
                        46.23158
                    ],
                    [
                        18.87757,
                        46.24568
                    ],
                    [
                        18.86323,
                        46.26571
                    ],
                    [
                        18.87571,
                        46.26999
                    ],
                    [
                        18.89198,
                        46.25926
                    ],
                    [
                        18.9121,
                        46.261
                    ],
                    [
                        18.9137,
                        46.27764
                    ],
                    [
                        18.92242,
                        46.30083
                    ],
                    [
                        18.92186,
                        46.31285
                    ],
                    [
                        18.90033,
                        46.33427
                    ],
                    [
                        18.89427,
                        46.3611
                    ],
                    [
                        18.89367,
                        46.37407
                    ],
                    [
                        18.88592,
                        46.39574
                    ],
                    [
                        18.88964,
                        46.41108
                    ],
                    [
                        18.90109,
                        46.42093
                    ],
                    [
                        18.91709,
                        46.44276
                    ],
                    [
                        18.91313,
                        46.44674
                    ],
                    [
                        18.89234,
                        46.44729
                    ],
                    [
                        18.87785,
                        46.45586
                    ],
                    [
                        18.87357,
                        46.46586
                    ],
                    [
                        18.85516,
                        46.48711
                    ],
                    [
                        18.85007,
                        46.50207
                    ],
                    [
                        18.79372,
                        46.50651
                    ],
                    [
                        18.78999,
                        46.51013
                    ],
                    [
                        18.77821,
                        46.50471
                    ],
                    [
                        18.7543,
                        46.51324
                    ],
                    [
                        18.74774,
                        46.50126
                    ],
                    [
                        18.73768,
                        46.49737
                    ],
                    [
                        18.74585,
                        46.48261
                    ],
                    [
                        18.7386,
                        46.47698
                    ],
                    [
                        18.72306,
                        46.47929
                    ],
                    [
                        18.72894,
                        46.49731
                    ],
                    [
                        18.71165,
                        46.50918
                    ],
                    [
                        18.70003,
                        46.51261
                    ],
                    [
                        18.68412,
                        46.50189
                    ],
                    [
                        18.67357,
                        46.5087
                    ],
                    [
                        18.6515,
                        46.48983
                    ],
                    [
                        18.64332,
                        46.4981
                    ],
                    [
                        18.633,
                        46.49325
                    ],
                    [
                        18.6107,
                        46.50962
                    ],
                    [
                        18.63423,
                        46.52185
                    ],
                    [
                        18.62218,
                        46.53548
                    ],
                    [
                        18.60251,
                        46.52723
                    ],
                    [
                        18.60348,
                        46.53306
                    ],
                    [
                        18.59554,
                        46.56005
                    ],
                    [
                        18.59943,
                        46.57899
                    ],
                    [
                        18.58413,
                        46.57137
                    ],
                    [
                        18.57776,
                        46.57928
                    ],
                    [
                        18.57562,
                        46.57257
                    ],
                    [
                        18.56507,
                        46.58
                    ],
                    [
                        18.55101,
                        46.56286
                    ],
                    [
                        18.56043,
                        46.54713
                    ],
                    [
                        18.55016,
                        46.53697
                    ],
                    [
                        18.55516,
                        46.52736
                    ],
                    [
                        18.54435,
                        46.50541
                    ],
                    [
                        18.56535,
                        46.46206
                    ],
                    [
                        18.58278,
                        46.46143
                    ],
                    [
                        18.59547,
                        46.47001
                    ],
                    [
                        18.60717,
                        46.44139
                    ],
                    [
                        18.60982,
                        46.42092
                    ],
                    [
                        18.59965,
                        46.41847
                    ],
                    [
                        18.60754,
                        46.39977
                    ],
                    [
                        18.62017,
                        46.39698
                    ],
                    [
                        18.62692,
                        46.38837
                    ],
                    [
                        18.64627,
                        46.38481
                    ],
                    [
                        18.65217,
                        46.37455
                    ],
                    [
                        18.63766,
                        46.37241
                    ],
                    [
                        18.61722,
                        46.36133
                    ],
                    [
                        18.61121,
                        46.35332
                    ],
                    [
                        18.61017,
                        46.3413
                    ],
                    [
                        18.61387,
                        46.32097
                    ],
                    [
                        18.63428,
                        46.31813
                    ],
                    [
                        18.6275,
                        46.3052
                    ],
                    [
                        18.62653,
                        46.28742
                    ],
                    [
                        18.6151,
                        46.27529
                    ],
                    [
                        18.60303,
                        46.27311
                    ],
                    [
                        18.61424,
                        46.25992
                    ],
                    [
                        18.62721,
                        46.25521
                    ],
                    [
                        18.64231,
                        46.26469
                    ],
                    [
                        18.65211,
                        46.24463
                    ],
                    [
                        18.65053,
                        46.23521
                    ],
                    [
                        18.66228,
                        46.21726
                    ],
                    [
                        18.66035,
                        46.20837
                    ],
                    [
                        18.6394,
                        46.20158
                    ],
                    [
                        18.63112,
                        46.19074
                    ],
                    [
                        18.62086,
                        46.18743
                    ],
                    [
                        18.6138,
                        46.19167
                    ],
                    [
                        18.59355,
                        46.18233
                    ],
                    [
                        18.58176,
                        46.19659
                    ],
                    [
                        18.5576,
                        46.19915
                    ],
                    [
                        18.53233,
                        46.20968
                    ],
                    [
                        18.53176,
                        46.20465
                    ],
                    [
                        18.54716,
                        46.1816
                    ],
                    [
                        18.52777,
                        46.16675
                    ],
                    [
                        18.53663,
                        46.14059
                    ],
                    [
                        18.55812,
                        46.13876
                    ],
                    [
                        18.55739,
                        46.12327
                    ],
                    [
                        18.54794,
                        46.12309
                    ],
                    [
                        18.54153,
                        46.1164
                    ],
                    [
                        18.55239,
                        46.09158
                    ],
                    [
                        18.5451,
                        46.09085
                    ],
                    [
                        18.53392,
                        46.07912
                    ],
                    [
                        18.50907,
                        46.09402
                    ],
                    [
                        18.50284,
                        46.10338
                    ],
                    [
                        18.49068,
                        46.09987
                    ],
                    [
                        18.49487,
                        46.09414
                    ],
                    [
                        18.48422,
                        46.08381
                    ],
                    [
                        18.4893,
                        46.07521
                    ],
                    [
                        18.47957,
                        46.06009
                    ],
                    [
                        18.4659,
                        46.05744
                    ],
                    [
                        18.45865,
                        46.04527
                    ],
                    [
                        18.45318,
                        46.04981
                    ],
                    [
                        18.43858,
                        46.04779
                    ],
                    [
                        18.44193,
                        46.03604
                    ],
                    [
                        18.42742,
                        46.03674
                    ],
                    [
                        18.42029,
                        46.04583
                    ],
                    [
                        18.39541,
                        46.04565
                    ],
                    [
                        18.37525,
                        46.04027
                    ]
                ]
            ],
            [
                [
                    [
                        17.44512,
                        46.6915
                    ],
                    [
                        17.44512,
                        46.6915
                    ],
                    [
                        17.44117,
                        46.6591
                    ],
                    [
                        17.47169,
                        46.66084
                    ],
                    [
                        17.50423,
                        46.65576
                    ],
                    [
                        17.49943,
                        46.70783
                    ],
                    [
                        17.51189,
                        46.71077
                    ],
                    [
                        17.52209,
                        46.67305
                    ],
                    [
                        17.52426,
                        46.65479
                    ],
                    [
                        17.53255,
                        46.64354
                    ],
                    [
                        17.54425,
                        46.63579
                    ],
                    [
                        17.5517,
                        46.6227
                    ],
                    [
                        17.55547,
                        46.60652
                    ],
                    [
                        17.56202,
                        46.60226
                    ],
                    [
                        17.5839,
                        46.6016
                    ],
                    [
                        17.59151,
                        46.56121
                    ],
                    [
                        17.59943,
                        46.5335
                    ],
                    [
                        17.60467,
                        46.52399
                    ],
                    [
                        17.61524,
                        46.52227
                    ],
                    [
                        17.66691,
                        46.5438
                    ],
                    [
                        17.69484,
                        46.54831
                    ],
                    [
                        17.70586,
                        46.53592
                    ],
                    [
                        17.72257,
                        46.54179
                    ],
                    [
                        17.73127,
                        46.54123
                    ],
                    [
                        17.72795,
                        46.55419
                    ],
                    [
                        17.74217,
                        46.55974
                    ],
                    [
                        17.74166,
                        46.58062
                    ],
                    [
                        17.75057,
                        46.58591
                    ],
                    [
                        17.76534,
                        46.58351
                    ],
                    [
                        17.76576,
                        46.58918
                    ],
                    [
                        17.78663,
                        46.58967
                    ],
                    [
                        17.78939,
                        46.58444
                    ],
                    [
                        17.8128,
                        46.58195
                    ],
                    [
                        17.81772,
                        46.58758
                    ],
                    [
                        17.81381,
                        46.61382
                    ],
                    [
                        17.80463,
                        46.62831
                    ],
                    [
                        17.79986,
                        46.64987
                    ],
                    [
                        17.82874,
                        46.6526
                    ],
                    [
                        17.83781,
                        46.63702
                    ],
                    [
                        17.84768,
                        46.65602
                    ],
                    [
                        17.86636,
                        46.65917
                    ],
                    [
                        17.86422,
                        46.66583
                    ],
                    [
                        17.88098,
                        46.67022
                    ],
                    [
                        17.88569,
                        46.66357
                    ],
                    [
                        17.9066,
                        46.66835
                    ],
                    [
                        17.90328,
                        46.69333
                    ],
                    [
                        17.88196,
                        46.69289
                    ],
                    [
                        17.87893,
                        46.69851
                    ],
                    [
                        17.88949,
                        46.70253
                    ],
                    [
                        17.89272,
                        46.71447
                    ],
                    [
                        17.87969,
                        46.72511
                    ],
                    [
                        17.85683,
                        46.72489
                    ],
                    [
                        17.85905,
                        46.71691
                    ],
                    [
                        17.84415,
                        46.71522
                    ],
                    [
                        17.83864,
                        46.72366
                    ],
                    [
                        17.80704,
                        46.72082
                    ],
                    [
                        17.80788,
                        46.72618
                    ],
                    [
                        17.79653,
                        46.74341
                    ],
                    [
                        17.79783,
                        46.75003
                    ],
                    [
                        17.79026,
                        46.76651
                    ],
                    [
                        17.77856,
                        46.78348
                    ],
                    [
                        17.75852,
                        46.79066
                    ],
                    [
                        17.73675,
                        46.78494
                    ],
                    [
                        17.69928,
                        46.82896
                    ],
                    [
                        17.66694,
                        46.81246
                    ],
                    [
                        17.62467,
                        46.8021
                    ],
                    [
                        17.58856,
                        46.78951
                    ],
                    [
                        17.53345,
                        46.77197
                    ],
                    [
                        17.50875,
                        46.75945
                    ],
                    [
                        17.48493,
                        46.75244
                    ],
                    [
                        17.46459,
                        46.75338
                    ],
                    [
                        17.45342,
                        46.74922
                    ],
                    [
                        17.43565,
                        46.74876
                    ],
                    [
                        17.43714,
                        46.70633
                    ],
                    [
                        17.43982,
                        46.69099
                    ],
                    [
                        17.44512,
                        46.6915
                    ]
                ]
            ],
            [
                [
                    [
                        16.50356,
                        46.83036
                    ],
                    [
                        16.50356,
                        46.83036
                    ],
                    [
                        16.50839,
                        46.80903
                    ],
                    [
                        16.51231,
                        46.81379
                    ],
                    [
                        16.52392,
                        46.8029
                    ],
                    [
                        16.53986,
                        46.79724
                    ],
                    [
                        16.56312,
                        46.80536
                    ],
                    [
                        16.5678,
                        46.78798
                    ],
                    [
                        16.5672,
                        46.77308
                    ],
                    [
                        16.58265,
                        46.77533
                    ],
                    [
                        16.59921,
                        46.79129
                    ],
                    [
                        16.61483,
                        46.79088
                    ],
                    [
                        16.6413,
                        46.78629
                    ],
                    [
                        16.63261,
                        46.76688
                    ],
                    [
                        16.64489,
                        46.76491
                    ],
                    [
                        16.65603,
                        46.76924
                    ],
                    [
                        16.66922,
                        46.76779
                    ],
                    [
                        16.66959,
                        46.7602
                    ],
                    [
                        16.65925,
                        46.7533
                    ],
                    [
                        16.65269,
                        46.73828
                    ],
                    [
                        16.66781,
                        46.7341
                    ],
                    [
                        16.67729,
                        46.7358
                    ],
                    [
                        16.69104,
                        46.71491
                    ],
                    [
                        16.6946,
                        46.72739
                    ],
                    [
                        16.70996,
                        46.72839
                    ],
                    [
                        16.71208,
                        46.72286
                    ],
                    [
                        16.72579,
                        46.71678
                    ],
                    [
                        16.7161,
                        46.69787
                    ],
                    [
                        16.72744,
                        46.68632
                    ],
                    [
                        16.70822,
                        46.65039
                    ],
                    [
                        16.69591,
                        46.65047
                    ],
                    [
                        16.69562,
                        46.6429
                    ],
                    [
                        16.68708,
                        46.63319
                    ],
                    [
                        16.68909,
                        46.62597
                    ],
                    [
                        16.72197,
                        46.64123
                    ],
                    [
                        16.7208,
                        46.6266
                    ],
                    [
                        16.73102,
                        46.62498
                    ],
                    [
                        16.74158,
                        46.61701
                    ],
                    [
                        16.74481,
                        46.60814
                    ],
                    [
                        16.73414,
                        46.59783
                    ],
                    [
                        16.74883,
                        46.59231
                    ],
                    [
                        16.75783,
                        46.59384
                    ],
                    [
                        16.77004,
                        46.60953
                    ],
                    [
                        16.79467,
                        46.60752
                    ],
                    [
                        16.80661,
                        46.61842
                    ],
                    [
                        16.82541,
                        46.62334
                    ],
                    [
                        16.82715,
                        46.61865
                    ],
                    [
                        16.8523,
                        46.62032
                    ],
                    [
                        16.86349,
                        46.63268
                    ],
                    [
                        16.87022,
                        46.62851
                    ],
                    [
                        16.87729,
                        46.64781
                    ],
                    [
                        16.8929,
                        46.67144
                    ],
                    [
                        16.90703,
                        46.69682
                    ],
                    [
                        16.93033,
                        46.69774
                    ],
                    [
                        16.9429,
                        46.69418
                    ],
                    [
                        16.97685,
                        46.69708
                    ],
                    [
                        16.98263,
                        46.70449
                    ],
                    [
                        16.99961,
                        46.7077
                    ],
                    [
                        17.01217,
                        46.69294
                    ],
                    [
                        17.01218,
                        46.68743
                    ],
                    [
                        17.02828,
                        46.6862
                    ],
                    [
                        17.03546,
                        46.69258
                    ],
                    [
                        17.03491,
                        46.7046
                    ],
                    [
                        17.06952,
                        46.71316
                    ],
                    [
                        17.07311,
                        46.72205
                    ],
                    [
                        17.05753,
                        46.73959
                    ],
                    [
                        17.06001,
                        46.74496
                    ],
                    [
                        17.06269,
                        46.78305
                    ],
                    [
                        17.05674,
                        46.79075
                    ],
                    [
                        17.07194,
                        46.80752
                    ],
                    [
                        17.0595,
                        46.81277
                    ],
                    [
                        17.05002,
                        46.82222
                    ],
                    [
                        17.05348,
                        46.83368
                    ],
                    [
                        17.06653,
                        46.83482
                    ],
                    [
                        17.07153,
                        46.84101
                    ],
                    [
                        17.07058,
                        46.85166
                    ],
                    [
                        17.05837,
                        46.86037
                    ],
                    [
                        17.04737,
                        46.85891
                    ],
                    [
                        17.04111,
                        46.86769
                    ],
                    [
                        17.03945,
                        46.88226
                    ],
                    [
                        17.04688,
                        46.89162
                    ],
                    [
                        17.03401,
                        46.90564
                    ],
                    [
                        17.02373,
                        46.89366
                    ],
                    [
                        17.01472,
                        46.89845
                    ],
                    [
                        17.0083,
                        46.89224
                    ],
                    [
                        17.00803,
                        46.90532
                    ],
                    [
                        17.01286,
                        46.92248
                    ],
                    [
                        17.00767,
                        46.93255
                    ],
                    [
                        16.98433,
                        46.93604
                    ],
                    [
                        16.97013,
                        46.95088
                    ],
                    [
                        16.97027,
                        46.96187
                    ],
                    [
                        16.92462,
                        46.96238
                    ],
                    [
                        16.9182,
                        46.97282
                    ],
                    [
                        16.89681,
                        46.97546
                    ],
                    [
                        16.87903,
                        46.97027
                    ],
                    [
                        16.86886,
                        46.97347
                    ],
                    [
                        16.84834,
                        46.97087
                    ],
                    [
                        16.83824,
                        46.98123
                    ],
                    [
                        16.82564,
                        46.97454
                    ],
                    [
                        16.81865,
                        46.97615
                    ],
                    [
                        16.8167,
                        46.95074
                    ],
                    [
                        16.78635,
                        46.94824
                    ],
                    [
                        16.78634,
                        46.93226
                    ],
                    [
                        16.77966,
                        46.92668
                    ],
                    [
                        16.73786,
                        46.93352
                    ],
                    [
                        16.70634,
                        46.93061
                    ],
                    [
                        16.68608,
                        46.93792
                    ],
                    [
                        16.66695,
                        46.93347
                    ],
                    [
                        16.65174,
                        46.92149
                    ],
                    [
                        16.63041,
                        46.92563
                    ],
                    [
                        16.62373,
                        46.91611
                    ],
                    [
                        16.60367,
                        46.89848
                    ],
                    [
                        16.59171,
                        46.89127
                    ],
                    [
                        16.5794,
                        46.875
                    ],
                    [
                        16.58203,
                        46.87134
                    ],
                    [
                        16.56803,
                        46.86651
                    ],
                    [
                        16.56128,
                        46.84489
                    ],
                    [
                        16.55428,
                        46.83826
                    ],
                    [
                        16.53665,
                        46.84244
                    ],
                    [
                        16.50201,
                        46.83519
                    ],
                    [
                        16.50356,
                        46.83036
                    ]
                ]
            ]
        ]
    }
}
