{
    "type": "Feature",
    "properties": {
        "id": "fr.ign.orthoexpress.2026",
        "name": "Ortho Express 2026",
        "description": "Photographies aériennes de 2026, couvrant 1/3 des départements avec une résolution de 20cm, produite dans un délai très court grâce à un traitement massivement automatisé.",
        "type": "tms",
        "url": "https://data.geopf.fr/tms/1.0.0/ORTHOIMAGERY.ORTHOPHOTOS.RVB-EXPRESS.2026/{zoom}/{x}/{y}.jpeg",
        "default": false,
        "category": "photo",
        "start_date": "2026-04-16",
        "end_date": "2026-08-31",
        "min_zoom": 0,
        "max_zoom": 19,
        "country_code": "FR",
        "attribution": {
            "url": "https://cartes.gouv.fr/rechercher-une-donnee/dataset/IGNF_ORTHO-EXPRESS",
            "text": "IGN",
            "required": true
        },
        "icon": "https://www.ign.fr/files/default/styles/thumbnail/public/2020-06/logoIGN_300x200.png",
        "license_url": "https://www.etalab.gouv.fr/wp-content/uploads/2018/11/open-licence.pdf",
        "privacy_policy_url": "https://www.ign.fr/institut/mentions-legales"
    },
    "geometry": {
        "type": "MultiPolygon",
        "coordinates": [
            [
                [
                    [
                        6.086761,
                        46.422264
                    ],
                    [
                        6.087269,
                        46.431262
                    ],
                    [
                        6.100283,
                        46.430909
                    ],
                    [
                        6.101305,
                        46.448905
                    ],
                    [
                        6.088288,
                        46.449257
                    ],
                    [
                        6.089307,
                        46.467253
                    ],
                    [
                        6.102329,
                        46.4669
                    ],
                    [
                        6.103353,
                        46.484895
                    ],
                    [
                        6.116379,
                        46.48454
                    ],
                    [
                        6.117408,
                        46.502535
                    ],
                    [
                        6.130437,
                        46.502179
                    ],
                    [
                        6.131471,
                        46.520174
                    ],
                    [
                        6.157539,
                        46.519457
                    ],
                    [
                        6.158583,
                        46.537452
                    ],
                    [
                        6.171621,
                        46.537091
                    ],
                    [
                        6.172145,
                        46.546088
                    ],
                    [
                        6.159105,
                        46.546449
                    ],
                    [
                        6.159627,
                        46.555446
                    ],
                    [
                        6.146584,
                        46.555806
                    ],
                    [
                        6.147104,
                        46.564803
                    ],
                    [
                        6.134059,
                        46.565161
                    ],
                    [
                        6.135614,
                        46.592153
                    ],
                    [
                        6.161717,
                        46.591435
                    ],
                    [
                        6.16224,
                        46.600432
                    ],
                    [
                        6.175293,
                        46.600071
                    ],
                    [
                        6.175818,
                        46.609068
                    ],
                    [
                        6.188873,
                        46.608705
                    ],
                    [
                        6.189401,
                        46.617702
                    ],
                    [
                        6.202458,
                        46.617337
                    ],
                    [
                        6.202987,
                        46.626334
                    ],
                    [
                        6.216046,
                        46.625968
                    ],
                    [
                        6.216579,
                        46.634965
                    ],
                    [
                        6.22964,
                        46.634598
                    ],
                    [
                        6.230174,
                        46.643595
                    ],
                    [
                        6.243237,
                        46.643226
                    ],
                    [
                        6.243774,
                        46.652222
                    ],
                    [
                        6.256839,
                        46.651852
                    ],
                    [
                        6.257378,
                        46.660848
                    ],
                    [
                        6.270445,
                        46.660476
                    ],
                    [
                        6.270987,
                        46.669473
                    ],
                    [
                        6.284056,
                        46.669099
                    ],
                    [
                        6.285144,
                        46.687092
                    ],
                    [
                        6.31129,
                        46.68634
                    ],
                    [
                        6.311838,
                        46.695336
                    ],
                    [
                        6.324913,
                        46.694958
                    ],
                    [
                        6.325464,
                        46.703954
                    ],
                    [
                        6.351618,
                        46.703193
                    ],
                    [
                        6.352173,
                        46.712189
                    ],
                    [
                        6.37833,
                        46.711422
                    ],
                    [
                        6.37889,
                        46.720417
                    ],
                    [
                        6.39197,
                        46.720031
                    ],
                    [
                        6.392533,
                        46.729027
                    ],
                    [
                        6.405615,
                        46.72864
                    ],
                    [
                        6.406745,
                        46.746631
                    ],
                    [
                        6.432918,
                        46.745851
                    ],
                    [
                        6.433487,
                        46.754847
                    ],
                    [
                        6.446575,
                        46.754455
                    ],
                    [
                        6.447147,
                        46.76345
                    ],
                    [
                        6.460237,
                        46.763057
                    ],
                    [
                        6.462535,
                        46.799038
                    ],
                    [
                        6.449436,
                        46.799432
                    ],
                    [
                        6.451728,
                        46.835413
                    ],
                    [
                        6.464835,
                        46.835019
                    ],
                    [
                        6.469446,
                        46.906979
                    ],
                    [
                        6.456321,
                        46.907374
                    ],
                    [
                        6.458046,
                        46.934359
                    ],
                    [
                        6.471178,
                        46.933964
                    ],
                    [
                        6.472333,
                        46.951954
                    ],
                    [
                        6.485469,
                        46.951557
                    ],
                    [
                        6.486049,
                        46.960552
                    ],
                    [
                        6.525462,
                        46.959353
                    ],
                    [
                        6.526049,
                        46.968348
                    ],
                    [
                        6.565466,
                        46.967135
                    ],
                    [
                        6.56606,
                        46.976129
                    ],
                    [
                        6.592342,
                        46.975313
                    ],
                    [
                        6.59294,
                        46.984308
                    ],
                    [
                        6.632367,
                        46.983072
                    ],
                    [
                        6.632973,
                        46.992066
                    ],
                    [
                        6.646117,
                        46.991651
                    ],
                    [
                        6.646724,
                        47.000645
                    ],
                    [
                        6.659871,
                        47.000229
                    ],
                    [
                        6.66109,
                        47.018216
                    ],
                    [
                        6.674241,
                        47.017798
                    ],
                    [
                        6.674853,
                        47.026792
                    ],
                    [
                        6.688006,
                        47.026372
                    ],
                    [
                        6.688621,
                        47.035366
                    ],
                    [
                        6.714929,
                        47.034522
                    ],
                    [
                        6.715549,
                        47.043515
                    ],
                    [
                        6.728705,
                        47.043091
                    ],
                    [
                        6.729949,
                        47.061077
                    ],
                    [
                        6.716788,
                        47.061502
                    ],
                    [
                        6.718028,
                        47.079488
                    ],
                    [
                        6.744358,
                        47.078637
                    ],
                    [
                        6.744983,
                        47.08763
                    ],
                    [
                        6.758149,
                        47.087203
                    ],
                    [
                        6.760032,
                        47.114182
                    ],
                    [
                        6.786378,
                        47.113321
                    ],
                    [
                        6.78701,
                        47.122314
                    ],
                    [
                        6.813359,
                        47.121448
                    ],
                    [
                        6.813996,
                        47.13044
                    ],
                    [
                        6.827173,
                        47.130005
                    ],
                    [
                        6.827812,
                        47.138997
                    ],
                    [
                        6.840991,
                        47.13856
                    ],
                    [
                        6.841632,
                        47.147553
                    ],
                    [
                        6.854813,
                        47.147114
                    ],
                    [
                        6.855457,
                        47.156106
                    ],
                    [
                        6.868639,
                        47.155666
                    ],
                    [
                        6.87058,
                        47.182642
                    ],
                    [
                        6.883768,
                        47.1822
                    ],
                    [
                        6.884418,
                        47.191192
                    ],
                    [
                        6.897609,
                        47.190749
                    ],
                    [
                        6.89826,
                        47.199741
                    ],
                    [
                        6.911453,
                        47.199296
                    ],
                    [
                        6.912107,
                        47.208287
                    ],
                    [
                        6.925302,
                        47.207841
                    ],
                    [
                        6.925959,
                        47.216832
                    ],
                    [
                        6.939156,
                        47.216384
                    ],
                    [
                        6.939815,
                        47.225376
                    ],
                    [
                        6.953013,
                        47.224926
                    ],
                    [
                        6.953675,
                        47.233917
                    ],
                    [
                        6.966876,
                        47.233466
                    ],
                    [
                        6.968204,
                        47.251448
                    ],
                    [
                        6.954998,
                        47.2519
                    ],
                    [
                        6.957648,
                        47.287865
                    ],
                    [
                        7.010503,
                        47.286049
                    ],
                    [
                        7.011175,
                        47.295039
                    ],
                    [
                        7.02439,
                        47.294582
                    ],
                    [
                        7.026413,
                        47.321554
                    ],
                    [
                        7.066078,
                        47.32017
                    ],
                    [
                        7.068805,
                        47.356132
                    ],
                    [
                        7.055575,
                        47.356594
                    ],
                    [
                        7.056936,
                        47.374575
                    ],
                    [
                        6.99076,
                        47.376868
                    ],
                    [
                        6.99009,
                        47.367877
                    ],
                    [
                        6.937154,
                        47.369684
                    ],
                    [
                        6.936494,
                        47.360693
                    ],
                    [
                        6.896796,
                        47.362032
                    ],
                    [
                        6.89745,
                        47.371023
                    ],
                    [
                        6.910685,
                        47.370578
                    ],
                    [
                        6.911341,
                        47.379569
                    ],
                    [
                        6.924578,
                        47.379123
                    ],
                    [
                        6.925895,
                        47.397105
                    ],
                    [
                        6.952378,
                        47.396207
                    ],
                    [
                        6.954368,
                        47.423179
                    ],
                    [
                        6.967616,
                        47.422728
                    ],
                    [
                        6.968282,
                        47.431718
                    ],
                    [
                        6.981532,
                        47.431265
                    ],
                    [
                        6.9822,
                        47.440256
                    ],
                    [
                        7.008703,
                        47.439345
                    ],
                    [
                        7.011398,
                        47.475306
                    ],
                    [
                        6.998138,
                        47.475762
                    ],
                    [
                        6.999482,
                        47.493742
                    ],
                    [
                        7.065802,
                        47.491445
                    ],
                    [
                        7.065119,
                        47.482455
                    ],
                    [
                        7.091641,
                        47.481525
                    ],
                    [
                        7.092329,
                        47.490515
                    ],
                    [
                        7.118854,
                        47.489579
                    ],
                    [
                        7.132117,
                        47.489109
                    ],
                    [
                        7.132812,
                        47.498099
                    ],
                    [
                        7.146076,
                        47.497627
                    ],
                    [
                        7.149565,
                        47.542572
                    ],
                    [
                        7.136289,
                        47.543044
                    ],
                    [
                        7.136985,
                        47.552033
                    ],
                    [
                        7.123707,
                        47.552504
                    ],
                    [
                        7.124401,
                        47.561493
                    ],
                    [
                        7.111121,
                        47.561962
                    ],
                    [
                        7.112506,
                        47.579941
                    ],
                    [
                        7.09922,
                        47.580408
                    ],
                    [
                        7.100601,
                        47.598387
                    ],
                    [
                        7.087312,
                        47.598853
                    ],
                    [
                        7.088,
                        47.607842
                    ],
                    [
                        7.03483,
                        47.609693
                    ],
                    [
                        7.03415,
                        47.600704
                    ],
                    [
                        7.020859,
                        47.601163
                    ],
                    [
                        7.024249,
                        47.64611
                    ],
                    [
                        7.050853,
                        47.645189
                    ],
                    [
                        7.054271,
                        47.690134
                    ],
                    [
                        7.040958,
                        47.690596
                    ],
                    [
                        7.04437,
                        47.73554
                    ],
                    [
                        7.031045,
                        47.736
                    ],
                    [
                        7.031726,
                        47.744988
                    ],
                    [
                        7.018399,
                        47.745447
                    ],
                    [
                        7.019078,
                        47.754436
                    ],
                    [
                        6.979089,
                        47.755803
                    ],
                    [
                        6.979762,
                        47.764792
                    ],
                    [
                        6.966429,
                        47.765244
                    ],
                    [
                        6.9671,
                        47.774233
                    ],
                    [
                        6.927094,
                        47.775583
                    ],
                    [
                        6.927758,
                        47.784572
                    ],
                    [
                        6.874406,
                        47.78635
                    ],
                    [
                        6.875061,
                        47.795339
                    ],
                    [
                        6.86172,
                        47.79578
                    ],
                    [
                        6.863026,
                        47.813759
                    ],
                    [
                        6.84968,
                        47.814198
                    ],
                    [
                        6.850983,
                        47.832177
                    ],
                    [
                        6.837633,
                        47.832615
                    ],
                    [
                        6.824282,
                        47.833051
                    ],
                    [
                        6.823635,
                        47.824062
                    ],
                    [
                        6.810287,
                        47.824496
                    ],
                    [
                        6.810931,
                        47.833486
                    ],
                    [
                        6.79758,
                        47.833919
                    ],
                    [
                        6.798866,
                        47.851899
                    ],
                    [
                        6.78551,
                        47.852331
                    ],
                    [
                        6.786151,
                        47.86132
                    ],
                    [
                        6.759434,
                        47.86218
                    ],
                    [
                        6.760071,
                        47.87117
                    ],
                    [
                        6.733349,
                        47.872023
                    ],
                    [
                        6.733981,
                        47.881013
                    ],
                    [
                        6.720618,
                        47.881438
                    ],
                    [
                        6.721248,
                        47.890427
                    ],
                    [
                        6.694515,
                        47.891272
                    ],
                    [
                        6.695141,
                        47.900262
                    ],
                    [
                        6.668404,
                        47.901101
                    ],
                    [
                        6.669025,
                        47.910091
                    ],
                    [
                        6.655654,
                        47.910508
                    ],
                    [
                        6.656893,
                        47.928488
                    ],
                    [
                        6.643517,
                        47.928904
                    ],
                    [
                        6.644135,
                        47.937894
                    ],
                    [
                        6.617377,
                        47.938721
                    ],
                    [
                        6.617991,
                        47.947711
                    ],
                    [
                        6.577846,
                        47.948941
                    ],
                    [
                        6.57724,
                        47.939951
                    ],
                    [
                        6.55048,
                        47.940763
                    ],
                    [
                        6.548675,
                        47.913792
                    ],
                    [
                        6.535302,
                        47.914195
                    ],
                    [
                        6.534703,
                        47.905204
                    ],
                    [
                        6.494588,
                        47.906406
                    ],
                    [
                        6.493996,
                        47.897415
                    ],
                    [
                        6.480627,
                        47.897812
                    ],
                    [
                        6.481216,
                        47.906803
                    ],
                    [
                        6.467844,
                        47.907199
                    ],
                    [
                        6.46902,
                        47.925181
                    ],
                    [
                        6.455643,
                        47.925575
                    ],
                    [
                        6.456229,
                        47.934566
                    ],
                    [
                        6.44285,
                        47.934959
                    ],
                    [
                        6.444018,
                        47.952941
                    ],
                    [
                        6.41725,
                        47.953723
                    ],
                    [
                        6.417829,
                        47.962714
                    ],
                    [
                        6.377669,
                        47.963875
                    ],
                    [
                        6.378242,
                        47.972866
                    ],
                    [
                        6.351463,
                        47.973633
                    ],
                    [
                        6.350894,
                        47.964642
                    ],
                    [
                        6.324119,
                        47.965402
                    ],
                    [
                        6.323555,
                        47.956411
                    ],
                    [
                        6.310169,
                        47.956789
                    ],
                    [
                        6.310731,
                        47.96578
                    ],
                    [
                        6.283954,
                        47.966531
                    ],
                    [
                        6.283397,
                        47.95754
                    ],
                    [
                        6.256625,
                        47.958285
                    ],
                    [
                        6.256072,
                        47.949293
                    ],
                    [
                        6.229303,
                        47.950032
                    ],
                    [
                        6.228756,
                        47.94104
                    ],
                    [
                        6.215373,
                        47.941408
                    ],
                    [
                        6.215919,
                        47.9504
                    ],
                    [
                        6.202534,
                        47.950765
                    ],
                    [
                        6.203077,
                        47.959757
                    ],
                    [
                        6.176302,
                        47.960484
                    ],
                    [
                        6.177919,
                        47.98746
                    ],
                    [
                        6.164525,
                        47.987821
                    ],
                    [
                        6.166137,
                        48.014797
                    ],
                    [
                        6.152735,
                        48.015157
                    ],
                    [
                        6.153271,
                        48.024149
                    ],
                    [
                        6.139867,
                        48.024507
                    ],
                    [
                        6.1404,
                        48.033499
                    ],
                    [
                        6.126994,
                        48.033856
                    ],
                    [
                        6.126463,
                        48.024864
                    ],
                    [
                        6.059439,
                        48.026626
                    ],
                    [
                        6.058919,
                        48.017634
                    ],
                    [
                        6.045516,
                        48.017982
                    ],
                    [
                        6.044999,
                        48.008989
                    ],
                    [
                        6.018197,
                        48.00968
                    ],
                    [
                        6.017173,
                        47.991695
                    ],
                    [
                        6.003776,
                        47.992038
                    ],
                    [
                        6.002247,
                        47.96506
                    ],
                    [
                        5.975467,
                        47.965741
                    ],
                    [
                        5.975972,
                        47.974734
                    ],
                    [
                        5.962579,
                        47.975072
                    ],
                    [
                        5.963082,
                        47.984065
                    ],
                    [
                        5.922896,
                        47.985071
                    ],
                    [
                        5.9224,
                        47.976078
                    ],
                    [
                        5.909007,
                        47.97641
                    ],
                    [
                        5.907527,
                        47.949431
                    ],
                    [
                        5.880753,
                        47.95009
                    ],
                    [
                        5.880264,
                        47.941097
                    ],
                    [
                        5.879288,
                        47.92311
                    ],
                    [
                        5.878312,
                        47.905123
                    ],
                    [
                        5.864936,
                        47.90545
                    ],
                    [
                        5.865422,
                        47.914443
                    ],
                    [
                        5.838665,
                        47.915093
                    ],
                    [
                        5.837703,
                        47.897106
                    ],
                    [
                        5.824329,
                        47.897428
                    ],
                    [
                        5.823373,
                        47.87944
                    ],
                    [
                        5.810003,
                        47.879761
                    ],
                    [
                        5.809051,
                        47.861773
                    ],
                    [
                        5.742224,
                        47.863355
                    ],
                    [
                        5.741759,
                        47.85436
                    ],
                    [
                        5.728396,
                        47.854672
                    ],
                    [
                        5.727472,
                        47.836683
                    ],
                    [
                        5.740831,
                        47.836371
                    ],
                    [
                        5.740367,
                        47.827376
                    ],
                    [
                        5.686939,
                        47.828613
                    ],
                    [
                        5.686484,
                        47.819619
                    ],
                    [
                        5.673129,
                        47.819924
                    ],
                    [
                        5.670418,
                        47.765954
                    ],
                    [
                        5.697101,
                        47.765342
                    ],
                    [
                        5.69619,
                        47.747352
                    ],
                    [
                        5.682852,
                        47.747658
                    ],
                    [
                        5.681493,
                        47.720672
                    ],
                    [
                        5.668163,
                        47.720977
                    ],
                    [
                        5.667712,
                        47.711981
                    ],
                    [
                        5.68104,
                        47.711677
                    ],
                    [
                        5.680135,
                        47.693686
                    ],
                    [
                        5.653487,
                        47.694294
                    ],
                    [
                        5.65304,
                        47.685298
                    ],
                    [
                        5.613073,
                        47.686198
                    ],
                    [
                        5.612632,
                        47.677202
                    ],
                    [
                        5.599312,
                        47.677499
                    ],
                    [
                        5.600629,
                        47.704487
                    ],
                    [
                        5.587302,
                        47.704782
                    ],
                    [
                        5.587739,
                        47.713778
                    ],
                    [
                        5.56108,
                        47.714365
                    ],
                    [
                        5.560647,
                        47.705369
                    ],
                    [
                        5.54732,
                        47.70566
                    ],
                    [
                        5.54689,
                        47.696664
                    ],
                    [
                        5.533565,
                        47.696954
                    ],
                    [
                        5.53271,
                        47.678961
                    ],
                    [
                        5.506067,
                        47.679536
                    ],
                    [
                        5.50649,
                        47.688532
                    ],
                    [
                        5.466519,
                        47.689382
                    ],
                    [
                        5.466103,
                        47.680386
                    ],
                    [
                        5.399493,
                        47.681772
                    ],
                    [
                        5.398684,
                        47.663779
                    ],
                    [
                        5.385366,
                        47.664051
                    ],
                    [
                        5.384159,
                        47.637061
                    ],
                    [
                        5.370848,
                        47.637332
                    ],
                    [
                        5.370448,
                        47.628335
                    ],
                    [
                        5.357139,
                        47.628604
                    ],
                    [
                        5.356344,
                        47.61061
                    ],
                    [
                        5.343039,
                        47.610878
                    ],
                    [
                        5.343434,
                        47.619875
                    ],
                    [
                        5.31682,
                        47.620406
                    ],
                    [
                        5.316429,
                        47.611409
                    ],
                    [
                        5.289819,
                        47.611934
                    ],
                    [
                        5.289433,
                        47.602937
                    ],
                    [
                        5.27613,
                        47.603197
                    ],
                    [
                        5.275746,
                        47.5942
                    ],
                    [
                        5.249144,
                        47.594715
                    ],
                    [
                        5.249523,
                        47.603713
                    ],
                    [
                        5.262826,
                        47.603456
                    ],
                    [
                        5.263971,
                        47.630448
                    ],
                    [
                        5.23735,
                        47.630961
                    ],
                    [
                        5.237728,
                        47.639958
                    ],
                    [
                        5.224415,
                        47.640213
                    ],
                    [
                        5.22479,
                        47.64921
                    ],
                    [
                        5.19816,
                        47.649714
                    ],
                    [
                        5.19853,
                        47.658711
                    ],
                    [
                        5.185213,
                        47.658961
                    ],
                    [
                        5.186319,
                        47.685953
                    ],
                    [
                        5.146346,
                        47.686694
                    ],
                    [
                        5.145621,
                        47.668699
                    ],
                    [
                        5.132301,
                        47.668943
                    ],
                    [
                        5.131941,
                        47.659945
                    ],
                    [
                        5.105305,
                        47.660428
                    ],
                    [
                        5.10566,
                        47.669426
                    ],
                    [
                        5.092339,
                        47.669665
                    ],
                    [
                        5.092692,
                        47.678663
                    ],
                    [
                        5.066046,
                        47.679137
                    ],
                    [
                        5.067093,
                        47.70613
                    ],
                    [
                        5.040432,
                        47.706598
                    ],
                    [
                        5.040777,
                        47.715595
                    ],
                    [
                        5.000779,
                        47.716286
                    ],
                    [
                        5.000104,
                        47.698291
                    ],
                    [
                        4.973447,
                        47.698744
                    ],
                    [
                        4.975782,
                        47.761728
                    ],
                    [
                        4.962437,
                        47.761952
                    ],
                    [
                        4.962769,
                        47.77095
                    ],
                    [
                        4.936075,
                        47.771394
                    ],
                    [
                        4.936403,
                        47.780392
                    ],
                    [
                        4.963101,
                        47.779947
                    ],
                    [
                        4.963433,
                        47.788945
                    ],
                    [
                        4.990135,
                        47.788494
                    ],
                    [
                        4.990472,
                        47.797492
                    ],
                    [
                        5.003825,
                        47.797264
                    ],
                    [
                        5.004842,
                        47.824256
                    ],
                    [
                        4.991482,
                        47.824483
                    ],
                    [
                        4.991819,
                        47.833481
                    ],
                    [
                        4.978457,
                        47.833707
                    ],
                    [
                        4.979462,
                        47.860698
                    ],
                    [
                        4.966093,
                        47.860923
                    ],
                    [
                        4.966426,
                        47.86992
                    ],
                    [
                        4.939683,
                        47.870365
                    ],
                    [
                        4.940669,
                        47.897356
                    ],
                    [
                        4.92729,
                        47.897577
                    ],
                    [
                        4.927944,
                        47.915571
                    ],
                    [
                        4.91456,
                        47.91579
                    ],
                    [
                        4.914885,
                        47.924786
                    ],
                    [
                        4.861342,
                        47.925647
                    ],
                    [
                        4.861658,
                        47.934644
                    ],
                    [
                        4.875046,
                        47.934431
                    ],
                    [
                        4.875682,
                        47.952425
                    ],
                    [
                        4.862289,
                        47.952638
                    ],
                    [
                        4.862605,
                        47.961635
                    ],
                    [
                        4.84921,
                        47.961846
                    ],
                    [
                        4.849524,
                        47.970843
                    ],
                    [
                        4.795933,
                        47.971674
                    ],
                    [
                        4.796238,
                        47.980671
                    ],
                    [
                        4.823038,
                        47.980259
                    ],
                    [
                        4.823657,
                        47.998252
                    ],
                    [
                        4.796848,
                        47.998665
                    ],
                    [
                        4.797458,
                        48.016658
                    ],
                    [
                        4.77064,
                        48.017065
                    ],
                    [
                        4.770339,
                        48.008068
                    ],
                    [
                        4.743525,
                        48.008468
                    ],
                    [
                        4.743821,
                        48.017465
                    ],
                    [
                        4.730411,
                        48.017663
                    ],
                    [
                        4.717001,
                        48.01786
                    ],
                    [
                        4.717293,
                        48.026856
                    ],
                    [
                        4.690468,
                        48.027245
                    ],
                    [
                        4.623406,
                        48.028189
                    ],
                    [
                        4.623681,
                        48.037186
                    ],
                    [
                        4.57002,
                        48.037914
                    ],
                    [
                        4.569754,
                        48.028917
                    ],
                    [
                        4.556341,
                        48.029095
                    ],
                    [
                        4.556076,
                        48.020098
                    ],
                    [
                        4.542665,
                        48.020274
                    ],
                    [
                        4.542403,
                        48.011277
                    ],
                    [
                        4.528994,
                        48.011452
                    ],
                    [
                        4.528216,
                        47.984459
                    ],
                    [
                        4.541618,
                        47.984285
                    ],
                    [
                        4.541356,
                        47.975287
                    ],
                    [
                        4.474356,
                        47.976146
                    ],
                    [
                        4.474106,
                        47.967149
                    ],
                    [
                        4.433912,
                        47.967646
                    ],
                    [
                        4.434156,
                        47.976643
                    ],
                    [
                        4.393954,
                        47.977127
                    ],
                    [
                        4.393718,
                        47.968129
                    ],
                    [
                        4.299927,
                        47.969203
                    ],
                    [
                        4.299707,
                        47.960205
                    ],
                    [
                        4.28631,
                        47.960353
                    ],
                    [
                        4.285656,
                        47.933358
                    ],
                    [
                        4.245486,
                        47.933791
                    ],
                    [
                        4.245908,
                        47.951787
                    ],
                    [
                        4.232514,
                        47.951929
                    ],
                    [
                        4.233141,
                        47.978923
                    ],
                    [
                        4.192936,
                        47.979338
                    ],
                    [
                        4.192734,
                        47.97034
                    ],
                    [
                        4.152535,
                        47.970741
                    ],
                    [
                        4.15234,
                        47.961742
                    ],
                    [
                        4.138942,
                        47.961873
                    ],
                    [
                        4.138749,
                        47.952874
                    ],
                    [
                        4.125354,
                        47.953004
                    ],
                    [
                        4.124972,
                        47.935006
                    ],
                    [
                        4.09819,
                        47.93526
                    ],
                    [
                        4.098563,
                        47.953257
                    ],
                    [
                        4.044981,
                        47.953746
                    ],
                    [
                        4.044627,
                        47.935748
                    ],
                    [
                        4.017844,
                        47.935983
                    ],
                    [
                        4.018017,
                        47.944982
                    ],
                    [
                        3.951049,
                        47.945543
                    ],
                    [
                        3.950888,
                        47.936544
                    ],
                    [
                        3.910713,
                        47.936863
                    ],
                    [
                        3.911176,
                        47.963859
                    ],
                    [
                        3.924575,
                        47.963754
                    ],
                    [
                        3.925046,
                        47.99075
                    ],
                    [
                        3.911641,
                        47.990855
                    ],
                    [
                        3.91195,
                        48.008852
                    ],
                    [
                        3.88513,
                        48.009057
                    ],
                    [
                        3.885431,
                        48.027053
                    ],
                    [
                        3.858602,
                        48.027252
                    ],
                    [
                        3.858894,
                        48.045249
                    ],
                    [
                        3.845475,
                        48.045346
                    ],
                    [
                        3.845618,
                        48.054344
                    ],
                    [
                        3.832197,
                        48.05444
                    ],
                    [
                        3.832622,
                        48.081435
                    ],
                    [
                        3.819193,
                        48.081529
                    ],
                    [
                        3.819611,
                        48.108523
                    ],
                    [
                        3.806176,
                        48.108616
                    ],
                    [
                        3.80645,
                        48.126612
                    ],
                    [
                        3.79301,
                        48.126703
                    ],
                    [
                        3.793145,
                        48.135701
                    ],
                    [
                        3.752819,
                        48.135965
                    ],
                    [
                        3.752947,
                        48.144963
                    ],
                    [
                        3.766391,
                        48.144876
                    ],
                    [
                        3.766783,
                        48.171869
                    ],
                    [
                        3.73988,
                        48.172041
                    ],
                    [
                        3.740006,
                        48.181039
                    ],
                    [
                        3.699644,
                        48.181285
                    ],
                    [
                        3.699406,
                        48.163289
                    ],
                    [
                        3.685957,
                        48.163368
                    ],
                    [
                        3.68584,
                        48.15437
                    ],
                    [
                        3.672393,
                        48.154448
                    ],
                    [
                        3.672622,
                        48.172443
                    ],
                    [
                        3.65917,
                        48.172519
                    ],
                    [
                        3.659394,
                        48.190515
                    ],
                    [
                        3.645938,
                        48.190589
                    ],
                    [
                        3.646048,
                        48.199587
                    ],
                    [
                        3.619131,
                        48.199731
                    ],
                    [
                        3.619342,
                        48.217726
                    ],
                    [
                        3.632805,
                        48.217655
                    ],
                    [
                        3.633021,
                        48.23565
                    ],
                    [
                        3.619553,
                        48.235721
                    ],
                    [
                        3.619659,
                        48.244718
                    ],
                    [
                        3.633129,
                        48.244647
                    ],
                    [
                        3.633453,
                        48.271639
                    ],
                    [
                        3.619976,
                        48.27171
                    ],
                    [
                        3.620082,
                        48.280707
                    ],
                    [
                        3.606602,
                        48.280777
                    ],
                    [
                        3.606706,
                        48.289774
                    ],
                    [
                        3.593224,
                        48.289843
                    ],
                    [
                        3.593427,
                        48.307837
                    ],
                    [
                        3.57994,
                        48.307904
                    ],
                    [
                        3.580138,
                        48.325897
                    ],
                    [
                        3.553156,
                        48.326027
                    ],
                    [
                        3.553345,
                        48.34402
                    ],
                    [
                        3.539849,
                        48.344083
                    ],
                    [
                        3.539942,
                        48.353079
                    ],
                    [
                        3.526444,
                        48.35314
                    ],
                    [
                        3.526624,
                        48.371133
                    ],
                    [
                        3.499618,
                        48.37125
                    ],
                    [
                        3.499703,
                        48.380247
                    ],
                    [
                        3.418672,
                        48.380561
                    ],
                    [
                        3.418744,
                        48.389557
                    ],
                    [
                        3.418815,
                        48.398554
                    ],
                    [
                        3.405305,
                        48.398601
                    ],
                    [
                        3.405375,
                        48.407597
                    ],
                    [
                        3.391863,
                        48.407643
                    ],
                    [
                        3.364838,
                        48.407729
                    ],
                    [
                        3.364776,
                        48.398732
                    ],
                    [
                        3.351266,
                        48.398773
                    ],
                    [
                        3.351145,
                        48.38078
                    ],
                    [
                        3.297124,
                        48.380928
                    ],
                    [
                        3.297174,
                        48.389924
                    ],
                    [
                        3.270159,
                        48.389989
                    ],
                    [
                        3.270113,
                        48.380992
                    ],
                    [
                        3.256607,
                        48.381022
                    ],
                    [
                        3.256563,
                        48.372026
                    ],
                    [
                        3.229557,
                        48.372081
                    ],
                    [
                        3.229596,
                        48.381078
                    ],
                    [
                        3.21609,
                        48.381103
                    ],
                    [
                        3.216053,
                        48.372106
                    ],
                    [
                        3.20255,
                        48.37213
                    ],
                    [
                        3.202585,
                        48.381127
                    ],
                    [
                        3.121551,
                        48.381238
                    ],
                    [
                        3.12153,
                        48.372241
                    ],
                    [
                        3.108027,
                        48.372254
                    ],
                    [
                        3.108008,
                        48.363257
                    ],
                    [
                        3.040503,
                        48.3633
                    ],
                    [
                        3.040496,
                        48.354303
                    ],
                    [
                        3.026998,
                        48.354307
                    ],
                    [
                        3.026984,
                        48.327316
                    ],
                    [
                        3.013492,
                        48.327318
                    ],
                    [
                        3.013487,
                        48.309324
                    ],
                    [
                        3,
                        48.309324
                    ],
                    [
                        3,
                        48.300327
                    ],
                    [
                        3.013485,
                        48.300326
                    ],
                    [
                        3.013478,
                        48.273334
                    ],
                    [
                        3.026956,
                        48.273332
                    ],
                    [
                        3.026947,
                        48.255337
                    ],
                    [
                        3.013473,
                        48.255339
                    ],
                    [
                        3.013467,
                        48.228346
                    ],
                    [
                        3,
                        48.228347
                    ],
                    [
                        3,
                        48.219349
                    ],
                    [
                        2.986536,
                        48.219349
                    ],
                    [
                        2.986538,
                        48.210351
                    ],
                    [
                        2.959614,
                        48.210345
                    ],
                    [
                        2.959621,
                        48.201347
                    ],
                    [
                        2.946161,
                        48.201341
                    ],
                    [
                        2.946171,
                        48.192343
                    ],
                    [
                        2.932713,
                        48.192336
                    ],
                    [
                        2.932725,
                        48.183339
                    ],
                    [
                        2.91927,
                        48.18333
                    ],
                    [
                        2.919297,
                        48.165334
                    ],
                    [
                        2.852045,
                        48.165269
                    ],
                    [
                        2.852095,
                        48.147272
                    ],
                    [
                        2.825204,
                        48.147236
                    ],
                    [
                        2.825234,
                        48.138237
                    ],
                    [
                        2.81179,
                        48.138217
                    ],
                    [
                        2.811726,
                        48.156213
                    ],
                    [
                        2.825174,
                        48.156234
                    ],
                    [
                        2.825114,
                        48.17423
                    ],
                    [
                        2.730946,
                        48.174053
                    ],
                    [
                        2.731083,
                        48.147059
                    ],
                    [
                        2.717638,
                        48.147027
                    ],
                    [
                        2.717686,
                        48.138029
                    ],
                    [
                        2.704242,
                        48.137996
                    ],
                    [
                        2.704293,
                        48.128998
                    ],
                    [
                        2.663969,
                        48.12889
                    ],
                    [
                        2.663912,
                        48.137888
                    ],
                    [
                        2.650469,
                        48.137849
                    ],
                    [
                        2.650409,
                        48.146847
                    ],
                    [
                        2.610072,
                        48.146721
                    ],
                    [
                        2.610139,
                        48.137723
                    ],
                    [
                        2.583252,
                        48.137631
                    ],
                    [
                        2.583181,
                        48.146629
                    ],
                    [
                        2.5294,
                        48.146427
                    ],
                    [
                        2.52948,
                        48.137429
                    ],
                    [
                        2.475707,
                        48.137202
                    ],
                    [
                        2.475618,
                        48.1462
                    ],
                    [
                        2.489063,
                        48.146259
                    ],
                    [
                        2.488976,
                        48.155257
                    ],
                    [
                        2.502424,
                        48.155314
                    ],
                    [
                        2.502509,
                        48.146316
                    ],
                    [
                        2.515954,
                        48.146372
                    ],
                    [
                        2.515872,
                        48.15537
                    ],
                    [
                        2.529319,
                        48.155425
                    ],
                    [
                        2.528597,
                        48.236405
                    ],
                    [
                        2.515129,
                        48.23635
                    ],
                    [
                        2.515046,
                        48.245348
                    ],
                    [
                        2.488105,
                        48.245234
                    ],
                    [
                        2.48793,
                        48.263229
                    ],
                    [
                        2.43403,
                        48.262983
                    ],
                    [
                        2.433546,
                        48.307969
                    ],
                    [
                        2.42006,
                        48.307904
                    ],
                    [
                        2.419862,
                        48.325897
                    ],
                    [
                        2.406371,
                        48.325831
                    ],
                    [
                        2.392879,
                        48.325762
                    ],
                    [
                        2.392983,
                        48.316765
                    ],
                    [
                        2.379494,
                        48.316695
                    ],
                    [
                        2.352517,
                        48.316551
                    ],
                    [
                        2.352296,
                        48.334545
                    ],
                    [
                        2.338803,
                        48.33447
                    ],
                    [
                        2.33869,
                        48.343467
                    ],
                    [
                        2.325194,
                        48.343391
                    ],
                    [
                        2.325309,
                        48.334394
                    ],
                    [
                        2.298323,
                        48.334237
                    ],
                    [
                        2.298443,
                        48.32524
                    ],
                    [
                        2.284952,
                        48.32516
                    ],
                    [
                        2.285075,
                        48.316163
                    ],
                    [
                        2.271586,
                        48.316081
                    ],
                    [
                        2.271462,
                        48.325077
                    ],
                    [
                        2.257971,
                        48.324994
                    ],
                    [
                        2.257717,
                        48.342987
                    ],
                    [
                        2.217232,
                        48.342726
                    ],
                    [
                        2.217098,
                        48.351723
                    ],
                    [
                        2.190103,
                        48.351541
                    ],
                    [
                        2.190242,
                        48.342545
                    ],
                    [
                        2.176747,
                        48.342452
                    ],
                    [
                        2.177028,
                        48.324459
                    ],
                    [
                        2.136557,
                        48.32417
                    ],
                    [
                        2.136852,
                        48.306177
                    ],
                    [
                        2.123366,
                        48.306078
                    ],
                    [
                        2.123217,
                        48.315075
                    ],
                    [
                        2.096241,
                        48.314872
                    ],
                    [
                        2.096395,
                        48.305875
                    ],
                    [
                        2.08291,
                        48.305771
                    ],
                    [
                        2.083067,
                        48.296775
                    ],
                    [
                        2.069583,
                        48.29667
                    ],
                    [
                        2.069425,
                        48.305666
                    ],
                    [
                        2.042454,
                        48.305451
                    ],
                    [
                        2.042618,
                        48.296454
                    ],
                    [
                        2.002169,
                        48.29612
                    ],
                    [
                        1.988686,
                        48.296006
                    ],
                    [
                        1.987476,
                        48.35898
                    ],
                    [
                        2.000975,
                        48.359095
                    ],
                    [
                        2.000804,
                        48.368091
                    ],
                    [
                        1.987303,
                        48.367976
                    ],
                    [
                        1.98661,
                        48.40396
                    ],
                    [
                        1.973099,
                        48.403844
                    ],
                    [
                        1.972924,
                        48.41284
                    ],
                    [
                        1.945898,
                        48.412603
                    ],
                    [
                        1.945357,
                        48.43959
                    ],
                    [
                        1.958876,
                        48.439709
                    ],
                    [
                        1.958698,
                        48.448705
                    ],
                    [
                        1.945176,
                        48.448585
                    ],
                    [
                        1.944815,
                        48.466576
                    ],
                    [
                        1.931289,
                        48.466455
                    ],
                    [
                        1.917762,
                        48.466332
                    ],
                    [
                        1.917948,
                        48.457337
                    ],
                    [
                        1.904424,
                        48.457213
                    ],
                    [
                        1.904611,
                        48.448218
                    ],
                    [
                        1.864047,
                        48.447836
                    ],
                    [
                        1.863852,
                        48.456832
                    ],
                    [
                        1.850329,
                        48.456702
                    ],
                    [
                        1.849935,
                        48.474692
                    ],
                    [
                        1.80935,
                        48.474292
                    ],
                    [
                        1.808942,
                        48.492282
                    ],
                    [
                        1.795409,
                        48.492145
                    ],
                    [
                        1.79479,
                        48.51913
                    ],
                    [
                        1.78125,
                        48.518992
                    ],
                    [
                        1.781041,
                        48.527987
                    ],
                    [
                        1.794583,
                        48.528125
                    ],
                    [
                        1.793755,
                        48.564103
                    ],
                    [
                        1.780204,
                        48.563965
                    ],
                    [
                        1.779995,
                        48.572959
                    ],
                    [
                        1.766441,
                        48.572819
                    ],
                    [
                        1.76623,
                        48.581813
                    ],
                    [
                        1.725563,
                        48.581385
                    ],
                    [
                        1.724687,
                        48.617361
                    ],
                    [
                        1.697558,
                        48.617067
                    ],
                    [
                        1.697334,
                        48.626061
                    ],
                    [
                        1.6702,
                        48.625761
                    ],
                    [
                        1.669971,
                        48.634755
                    ],
                    [
                        1.656402,
                        48.634603
                    ],
                    [
                        1.655709,
                        48.661583
                    ],
                    [
                        1.614981,
                        48.661117
                    ],
                    [
                        1.614267,
                        48.688097
                    ],
                    [
                        1.627849,
                        48.688254
                    ],
                    [
                        1.627613,
                        48.697247
                    ],
                    [
                        1.600443,
                        48.696931
                    ],
                    [
                        1.599961,
                        48.714917
                    ],
                    [
                        1.613551,
                        48.715076
                    ],
                    [
                        1.613312,
                        48.724069
                    ],
                    [
                        1.626905,
                        48.724226
                    ],
                    [
                        1.626432,
                        48.742212
                    ],
                    [
                        1.640029,
                        48.742367
                    ],
                    [
                        1.639794,
                        48.75136
                    ],
                    [
                        1.626195,
                        48.751204
                    ],
                    [
                        1.625958,
                        48.760197
                    ],
                    [
                        1.612357,
                        48.76004
                    ],
                    [
                        1.612118,
                        48.769032
                    ],
                    [
                        1.598514,
                        48.768873
                    ],
                    [
                        1.598031,
                        48.786858
                    ],
                    [
                        1.584422,
                        48.786698
                    ],
                    [
                        1.584178,
                        48.79569
                    ],
                    [
                        1.597789,
                        48.795851
                    ],
                    [
                        1.596822,
                        48.831819
                    ],
                    [
                        1.610442,
                        48.831978
                    ],
                    [
                        1.609962,
                        48.849962
                    ],
                    [
                        1.596337,
                        48.849803
                    ],
                    [
                        1.595853,
                        48.867787
                    ],
                    [
                        1.582223,
                        48.867626
                    ],
                    [
                        1.581978,
                        48.876617
                    ],
                    [
                        1.568346,
                        48.876455
                    ],
                    [
                        1.567604,
                        48.90343
                    ],
                    [
                        1.553966,
                        48.903266
                    ],
                    [
                        1.553216,
                        48.930239
                    ],
                    [
                        1.525924,
                        48.929907
                    ],
                    [
                        1.52567,
                        48.938898
                    ],
                    [
                        1.512022,
                        48.938729
                    ],
                    [
                        1.511764,
                        48.94772
                    ],
                    [
                        1.498114,
                        48.94755
                    ],
                    [
                        1.484464,
                        48.947378
                    ],
                    [
                        1.457164,
                        48.94703
                    ],
                    [
                        1.45743,
                        48.938039
                    ],
                    [
                        1.443783,
                        48.937862
                    ],
                    [
                        1.445127,
                        48.892907
                    ],
                    [
                        1.458763,
                        48.893084
                    ],
                    [
                        1.459029,
                        48.884092
                    ],
                    [
                        1.445395,
                        48.883916
                    ],
                    [
                        1.445664,
                        48.874925
                    ],
                    [
                        1.418402,
                        48.874568
                    ],
                    [
                        1.418675,
                        48.865577
                    ],
                    [
                        1.391418,
                        48.865213
                    ],
                    [
                        1.391696,
                        48.856222
                    ],
                    [
                        1.37807,
                        48.856038
                    ],
                    [
                        1.37835,
                        48.847047
                    ],
                    [
                        1.364726,
                        48.846861
                    ],
                    [
                        1.365008,
                        48.83787
                    ],
                    [
                        1.351387,
                        48.837683
                    ],
                    [
                        1.353092,
                        48.783733
                    ],
                    [
                        1.339485,
                        48.783545
                    ],
                    [
                        1.339772,
                        48.774553
                    ],
                    [
                        1.203732,
                        48.772585
                    ],
                    [
                        1.203423,
                        48.781576
                    ],
                    [
                        1.162606,
                        48.780955
                    ],
                    [
                        1.162289,
                        48.789947
                    ],
                    [
                        1.135074,
                        48.789525
                    ],
                    [
                        1.134753,
                        48.798516
                    ],
                    [
                        1.107533,
                        48.798088
                    ],
                    [
                        1.108837,
                        48.762123
                    ],
                    [
                        1.040837,
                        48.761027
                    ],
                    [
                        1.041175,
                        48.752036
                    ],
                    [
                        1.027577,
                        48.751812
                    ],
                    [
                        1.027917,
                        48.742821
                    ],
                    [
                        1.014322,
                        48.742595
                    ],
                    [
                        1.014664,
                        48.733604
                    ],
                    [
                        0.946703,
                        48.732454
                    ],
                    [
                        0.947057,
                        48.723463
                    ],
                    [
                        0.865522,
                        48.722032
                    ],
                    [
                        0.865889,
                        48.713041
                    ],
                    [
                        0.852303,
                        48.712797
                    ],
                    [
                        0.853042,
                        48.694815
                    ],
                    [
                        0.83946,
                        48.69457
                    ],
                    [
                        0.839832,
                        48.685579
                    ],
                    [
                        0.812674,
                        48.685083
                    ],
                    [
                        0.785516,
                        48.684582
                    ],
                    [
                        0.785897,
                        48.675591
                    ],
                    [
                        0.772321,
                        48.675338
                    ],
                    [
                        0.770019,
                        48.729283
                    ],
                    [
                        0.78361,
                        48.729536
                    ],
                    [
                        0.782846,
                        48.747517
                    ],
                    [
                        0.769251,
                        48.747264
                    ],
                    [
                        0.767714,
                        48.783226
                    ],
                    [
                        0.740505,
                        48.782714
                    ],
                    [
                        0.740116,
                        48.791704
                    ],
                    [
                        0.712904,
                        48.791186
                    ],
                    [
                        0.712509,
                        48.800176
                    ],
                    [
                        0.685293,
                        48.799652
                    ],
                    [
                        0.684495,
                        48.817632
                    ],
                    [
                        0.657269,
                        48.817101
                    ],
                    [
                        0.656865,
                        48.826091
                    ],
                    [
                        0.64325,
                        48.825823
                    ],
                    [
                        0.642844,
                        48.834812
                    ],
                    [
                        0.629227,
                        48.834543
                    ],
                    [
                        0.628818,
                        48.843533
                    ],
                    [
                        0.642437,
                        48.843802
                    ],
                    [
                        0.641623,
                        48.86178
                    ],
                    [
                        0.614375,
                        48.86124
                    ],
                    [
                        0.613963,
                        48.870229
                    ],
                    [
                        0.62759,
                        48.8705
                    ],
                    [
                        0.62677,
                        48.888478
                    ],
                    [
                        0.599509,
                        48.887934
                    ],
                    [
                        0.599094,
                        48.896923
                    ],
                    [
                        0.558195,
                        48.896096
                    ],
                    [
                        0.558617,
                        48.887107
                    ],
                    [
                        0.490467,
                        48.885698
                    ],
                    [
                        0.490034,
                        48.894686
                    ],
                    [
                        0.435507,
                        48.893531
                    ],
                    [
                        0.435064,
                        48.902519
                    ],
                    [
                        0.421431,
                        48.902226
                    ],
                    [
                        0.420985,
                        48.911214
                    ],
                    [
                        0.40735,
                        48.910919
                    ],
                    [
                        0.406005,
                        48.937883
                    ],
                    [
                        0.419648,
                        48.938177
                    ],
                    [
                        0.419202,
                        48.947165
                    ],
                    [
                        0.432847,
                        48.947458
                    ],
                    [
                        0.432404,
                        48.956446
                    ],
                    [
                        0.446051,
                        48.956738
                    ],
                    [
                        0.443842,
                        49.001675
                    ],
                    [
                        0.457501,
                        49.001965
                    ],
                    [
                        0.456181,
                        49.028927
                    ],
                    [
                        0.442514,
                        49.028636
                    ],
                    [
                        0.442071,
                        49.037623
                    ],
                    [
                        0.401064,
                        49.036743
                    ],
                    [
                        0.400614,
                        49.04573
                    ],
                    [
                        0.386943,
                        49.045433
                    ],
                    [
                        0.386037,
                        49.063406
                    ],
                    [
                        0.399713,
                        49.063703
                    ],
                    [
                        0.399263,
                        49.07269
                    ],
                    [
                        0.412941,
                        49.072985
                    ],
                    [
                        0.413389,
                        49.063998
                    ],
                    [
                        0.427065,
                        49.064292
                    ],
                    [
                        0.425281,
                        49.100238
                    ],
                    [
                        0.411595,
                        49.099944
                    ],
                    [
                        0.411146,
                        49.10893
                    ],
                    [
                        0.424834,
                        49.109224
                    ],
                    [
                        0.423941,
                        49.127197
                    ],
                    [
                        0.437634,
                        49.127489
                    ],
                    [
                        0.4363,
                        49.154447
                    ],
                    [
                        0.3952,
                        49.153565
                    ],
                    [
                        0.394748,
                        49.162551
                    ],
                    [
                        0.40845,
                        49.162846
                    ],
                    [
                        0.405748,
                        49.216759
                    ],
                    [
                        0.392032,
                        49.216463
                    ],
                    [
                        0.391579,
                        49.225449
                    ],
                    [
                        0.364142,
                        49.224852
                    ],
                    [
                        0.363684,
                        49.233837
                    ],
                    [
                        0.349963,
                        49.233536
                    ],
                    [
                        0.349041,
                        49.251505
                    ],
                    [
                        0.376492,
                        49.252106
                    ],
                    [
                        0.376036,
                        49.26109
                    ],
                    [
                        0.389764,
                        49.261388
                    ],
                    [
                        0.387947,
                        49.297327
                    ],
                    [
                        0.374209,
                        49.297029
                    ],
                    [
                        0.373752,
                        49.306013
                    ],
                    [
                        0.332533,
                        49.305109
                    ],
                    [
                        0.332069,
                        49.314093
                    ],
                    [
                        0.318327,
                        49.313789
                    ],
                    [
                        0.31786,
                        49.322773
                    ],
                    [
                        0.331604,
                        49.323077
                    ],
                    [
                        0.329745,
                        49.359013
                    ],
                    [
                        0.315991,
                        49.358708
                    ],
                    [
                        0.312713,
                        49.421591
                    ],
                    [
                        0.312244,
                        49.430574
                    ],
                    [
                        0.311306,
                        49.448539
                    ],
                    [
                        0.283751,
                        49.447924
                    ],
                    [
                        0.242421,
                        49.44699
                    ],
                    [
                        0.242902,
                        49.438007
                    ],
                    [
                        0.215353,
                        49.437377
                    ],
                    [
                        0.091395,
                        49.434461
                    ],
                    [
                        0.092917,
                        49.407515
                    ],
                    [
                        0.079152,
                        49.407183
                    ],
                    [
                        0.079661,
                        49.398201
                    ],
                    [
                        0.065898,
                        49.397868
                    ],
                    [
                        0.06641,
                        49.388886
                    ],
                    [
                        0.05265,
                        49.388551
                    ],
                    [
                        0.053677,
                        49.370586
                    ],
                    [
                        0.026167,
                        49.369913
                    ],
                    [
                        0.026686,
                        49.36093
                    ],
                    [
                        0.012933,
                        49.360591
                    ],
                    [
                        0.013454,
                        49.351609
                    ],
                    [
                        -0.014045,
                        49.350926
                    ],
                    [
                        -0.01352,
                        49.341944
                    ],
                    [
                        -0.027267,
                        49.3416
                    ],
                    [
                        -0.02674,
                        49.332617
                    ],
                    [
                        -0.040484,
                        49.332272
                    ],
                    [
                        -0.039955,
                        49.32329
                    ],
                    [
                        -0.094921,
                        49.321893
                    ],
                    [
                        -0.094382,
                        49.312911
                    ],
                    [
                        -0.121859,
                        49.312204
                    ],
                    [
                        -0.121316,
                        49.303221
                    ],
                    [
                        -0.217463,
                        49.300696
                    ],
                    [
                        -0.218023,
                        49.309678
                    ],
                    [
                        -0.286706,
                        49.307827
                    ],
                    [
                        -0.287278,
                        49.316809
                    ],
                    [
                        -0.314754,
                        49.316057
                    ],
                    [
                        -0.315332,
                        49.325039
                    ],
                    [
                        -0.329072,
                        49.324661
                    ],
                    [
                        -0.329652,
                        49.333642
                    ],
                    [
                        -0.357136,
                        49.332881
                    ],
                    [
                        -0.357721,
                        49.341861
                    ],
                    [
                        -0.371466,
                        49.341479
                    ],
                    [
                        -0.372053,
                        49.350459
                    ],
                    [
                        -0.468275,
                        49.347735
                    ],
                    [
                        -0.468879,
                        49.356715
                    ],
                    [
                        -0.496374,
                        49.355922
                    ],
                    [
                        -0.496983,
                        49.364902
                    ],
                    [
                        -0.744442,
                        49.357486
                    ],
                    [
                        -0.745095,
                        49.366464
                    ],
                    [
                        -0.813832,
                        49.364314
                    ],
                    [
                        -0.814497,
                        49.373292
                    ],
                    [
                        -0.855744,
                        49.371983
                    ],
                    [
                        -0.856416,
                        49.380961
                    ],
                    [
                        -0.883917,
                        49.38008
                    ],
                    [
                        -0.884594,
                        49.389058
                    ],
                    [
                        -0.898347,
                        49.388615
                    ],
                    [
                        -0.899027,
                        49.397593
                    ],
                    [
                        -0.912782,
                        49.397148
                    ],
                    [
                        -0.913464,
                        49.406126
                    ],
                    [
                        -0.927221,
                        49.405679
                    ],
                    [
                        -0.927906,
                        49.414657
                    ],
                    [
                        -1.13427,
                        49.407777
                    ],
                    [
                        -1.133549,
                        49.398801
                    ],
                    [
                        -1.127792,
                        49.326989
                    ],
                    [
                        -1.141526,
                        49.326519
                    ],
                    [
                        -1.140805,
                        49.317542
                    ],
                    [
                        -1.154537,
                        49.31707
                    ],
                    [
                        -1.152369,
                        49.290139
                    ],
                    [
                        -1.138644,
                        49.290611
                    ],
                    [
                        -1.137924,
                        49.281634
                    ],
                    [
                        -1.151646,
                        49.281162
                    ],
                    [
                        -1.150203,
                        49.263208
                    ],
                    [
                        -1.136485,
                        49.263679
                    ],
                    [
                        -1.135766,
                        49.254702
                    ],
                    [
                        -1.122051,
                        49.255172
                    ],
                    [
                        -1.121335,
                        49.246194
                    ],
                    [
                        -1.107622,
                        49.246663
                    ],
                    [
                        -1.106908,
                        49.237685
                    ],
                    [
                        -1.093197,
                        49.238151
                    ],
                    [
                        -1.092486,
                        49.229174
                    ],
                    [
                        -1.078777,
                        49.229638
                    ],
                    [
                        -1.078068,
                        49.22066
                    ],
                    [
                        -1.064362,
                        49.221124
                    ],
                    [
                        -1.063656,
                        49.212146
                    ],
                    [
                        -1.036247,
                        49.213067
                    ],
                    [
                        -1.034845,
                        49.19511
                    ],
                    [
                        -1.007444,
                        49.196026
                    ],
                    [
                        -1.006748,
                        49.187047
                    ],
                    [
                        -0.951954,
                        49.188858
                    ],
                    [
                        -0.95264,
                        49.197837
                    ],
                    [
                        -0.938938,
                        49.198287
                    ],
                    [
                        -0.939622,
                        49.207266
                    ],
                    [
                        -0.912214,
                        49.208159
                    ],
                    [
                        -0.911534,
                        49.19918
                    ],
                    [
                        -0.925236,
                        49.198734
                    ],
                    [
                        -0.923873,
                        49.180776
                    ],
                    [
                        -0.937571,
                        49.180328
                    ],
                    [
                        -0.936887,
                        49.171349
                    ],
                    [
                        -0.964276,
                        49.17045
                    ],
                    [
                        -0.9629,
                        49.152491
                    ],
                    [
                        -0.949211,
                        49.152941
                    ],
                    [
                        -0.948526,
                        49.143962
                    ],
                    [
                        -0.934838,
                        49.14441
                    ],
                    [
                        -0.934156,
                        49.135431
                    ],
                    [
                        -0.92047,
                        49.135878
                    ],
                    [
                        -0.91979,
                        49.126898
                    ],
                    [
                        -0.906107,
                        49.127343
                    ],
                    [
                        -0.90543,
                        49.118363
                    ],
                    [
                        -0.932791,
                        49.117471
                    ],
                    [
                        -0.930747,
                        49.090531
                    ],
                    [
                        -0.917073,
                        49.090978
                    ],
                    [
                        -0.917752,
                        49.099958
                    ],
                    [
                        -0.904076,
                        49.100403
                    ],
                    [
                        -0.904753,
                        49.109383
                    ],
                    [
                        -0.891074,
                        49.109827
                    ],
                    [
                        -0.887031,
                        49.055945
                    ],
                    [
                        -0.900695,
                        49.055501
                    ],
                    [
                        -0.897995,
                        49.019578
                    ],
                    [
                        -0.91165,
                        49.019134
                    ],
                    [
                        -0.910973,
                        49.010153
                    ],
                    [
                        -0.924625,
                        49.009707
                    ],
                    [
                        -0.923267,
                        48.991745
                    ],
                    [
                        -0.936915,
                        48.991298
                    ],
                    [
                        -0.936234,
                        48.982317
                    ],
                    [
                        -0.949878,
                        48.981868
                    ],
                    [
                        -0.949196,
                        48.972887
                    ],
                    [
                        -0.97648,
                        48.971985
                    ],
                    [
                        -0.975792,
                        48.963004
                    ],
                    [
                        -1.003071,
                        48.962096
                    ],
                    [
                        -1.001687,
                        48.944134
                    ],
                    [
                        -1.056222,
                        48.9423
                    ],
                    [
                        -1.055521,
                        48.933319
                    ],
                    [
                        -1.069152,
                        48.932856
                    ],
                    [
                        -1.068449,
                        48.923876
                    ],
                    [
                        -1.082077,
                        48.923412
                    ],
                    [
                        -1.081372,
                        48.914431
                    ],
                    [
                        -1.026867,
                        48.916277
                    ],
                    [
                        -1.026172,
                        48.907296
                    ],
                    [
                        -1.05342,
                        48.906376
                    ],
                    [
                        -1.05272,
                        48.897395
                    ],
                    [
                        -1.066342,
                        48.896933
                    ],
                    [
                        -1.064938,
                        48.878971
                    ],
                    [
                        -1.078555,
                        48.878508
                    ],
                    [
                        -1.079259,
                        48.887489
                    ],
                    [
                        -1.106496,
                        48.886557
                    ],
                    [
                        -1.105078,
                        48.868595
                    ],
                    [
                        -1.132305,
                        48.867657
                    ],
                    [
                        -1.131592,
                        48.858676
                    ],
                    [
                        -1.145203,
                        48.858205
                    ],
                    [
                        -1.144488,
                        48.849225
                    ],
                    [
                        -1.158096,
                        48.848752
                    ],
                    [
                        -1.157379,
                        48.839771
                    ],
                    [
                        -1.170984,
                        48.839297
                    ],
                    [
                        -1.168827,
                        48.812354
                    ],
                    [
                        -1.128031,
                        48.813771
                    ],
                    [
                        -1.12732,
                        48.80479
                    ],
                    [
                        -1.113723,
                        48.805259
                    ],
                    [
                        -1.111597,
                        48.778314
                    ],
                    [
                        -1.098007,
                        48.778782
                    ],
                    [
                        -1.097301,
                        48.7698
                    ],
                    [
                        -1.029359,
                        48.772113
                    ],
                    [
                        -1.028665,
                        48.763131
                    ],
                    [
                        -1.001491,
                        48.764045
                    ],
                    [
                        -1.00218,
                        48.773027
                    ],
                    [
                        -0.98859,
                        48.773482
                    ],
                    [
                        -0.987903,
                        48.7645
                    ],
                    [
                        -0.960728,
                        48.765405
                    ],
                    [
                        -0.96141,
                        48.774387
                    ],
                    [
                        -0.94782,
                        48.774838
                    ],
                    [
                        -0.94714,
                        48.765855
                    ],
                    [
                        -0.919963,
                        48.766751
                    ],
                    [
                        -0.919288,
                        48.757768
                    ],
                    [
                        -0.892115,
                        48.758657
                    ],
                    [
                        -0.891445,
                        48.749674
                    ],
                    [
                        -0.864276,
                        48.750557
                    ],
                    [
                        -0.862281,
                        48.723607
                    ],
                    [
                        -0.821546,
                        48.724919
                    ],
                    [
                        -0.820231,
                        48.706952
                    ],
                    [
                        -0.806657,
                        48.707386
                    ],
                    [
                        -0.806002,
                        48.698402
                    ],
                    [
                        -0.778858,
                        48.699265
                    ],
                    [
                        -0.777559,
                        48.681297
                    ],
                    [
                        -0.763991,
                        48.681726
                    ],
                    [
                        -0.763344,
                        48.672742
                    ],
                    [
                        -0.776909,
                        48.672313
                    ],
                    [
                        -0.773665,
                        48.62739
                    ],
                    [
                        -0.760111,
                        48.627819
                    ],
                    [
                        -0.758175,
                        48.600864
                    ],
                    [
                        -0.771721,
                        48.600436
                    ],
                    [
                        -0.771074,
                        48.591451
                    ],
                    [
                        -0.784618,
                        48.59102
                    ],
                    [
                        -0.78267,
                        48.564065
                    ],
                    [
                        -0.796207,
                        48.563634
                    ],
                    [
                        -0.795556,
                        48.554649
                    ],
                    [
                        -0.822625,
                        48.553781
                    ],
                    [
                        -0.82197,
                        48.544796
                    ],
                    [
                        -0.835501,
                        48.54436
                    ],
                    [
                        -0.834844,
                        48.535375
                    ],
                    [
                        -0.848373,
                        48.534938
                    ],
                    [
                        -0.847713,
                        48.525953
                    ],
                    [
                        -0.86124,
                        48.525514
                    ],
                    [
                        -0.859916,
                        48.507543
                    ],
                    [
                        -0.873438,
                        48.507103
                    ],
                    [
                        -0.872111,
                        48.489133
                    ],
                    [
                        -0.858594,
                        48.489573
                    ],
                    [
                        -0.845076,
                        48.490012
                    ],
                    [
                        -0.843759,
                        48.472041
                    ],
                    [
                        -0.830246,
                        48.472478
                    ],
                    [
                        -0.828279,
                        48.445521
                    ],
                    [
                        -0.801266,
                        48.44639
                    ],
                    [
                        -0.801917,
                        48.455376
                    ],
                    [
                        -0.788408,
                        48.455808
                    ],
                    [
                        -0.787111,
                        48.437836
                    ],
                    [
                        -0.773606,
                        48.438267
                    ],
                    [
                        -0.77296,
                        48.429281
                    ],
                    [
                        -0.732452,
                        48.430563
                    ],
                    [
                        -0.73309,
                        48.439549
                    ],
                    [
                        -0.706079,
                        48.440396
                    ],
                    [
                        -0.707348,
                        48.458369
                    ],
                    [
                        -0.680327,
                        48.45921
                    ],
                    [
                        -0.680957,
                        48.468197
                    ],
                    [
                        -0.667443,
                        48.468615
                    ],
                    [
                        -0.66556,
                        48.441656
                    ],
                    [
                        -0.625039,
                        48.442901
                    ],
                    [
                        -0.62566,
                        48.451888
                    ],
                    [
                        -0.59864,
                        48.452711
                    ],
                    [
                        -0.599257,
                        48.461698
                    ],
                    [
                        -0.545206,
                        48.463325
                    ],
                    [
                        -0.545813,
                        48.472312
                    ],
                    [
                        -0.532297,
                        48.472715
                    ],
                    [
                        -0.532902,
                        48.481702
                    ],
                    [
                        -0.519384,
                        48.482104
                    ],
                    [
                        -0.519987,
                        48.491091
                    ],
                    [
                        -0.465904,
                        48.492682
                    ],
                    [
                        -0.466498,
                        48.501669
                    ],
                    [
                        -0.398877,
                        48.503624
                    ],
                    [
                        -0.398295,
                        48.494637
                    ],
                    [
                        -0.384772,
                        48.495023
                    ],
                    [
                        -0.384192,
                        48.486035
                    ],
                    [
                        -0.370672,
                        48.48642
                    ],
                    [
                        -0.370095,
                        48.477432
                    ],
                    [
                        -0.343058,
                        48.478197
                    ],
                    [
                        -0.344204,
                        48.496172
                    ],
                    [
                        -0.330681,
                        48.496553
                    ],
                    [
                        -0.331252,
                        48.50554
                    ],
                    [
                        -0.317726,
                        48.505919
                    ],
                    [
                        -0.318295,
                        48.514907
                    ],
                    [
                        -0.304766,
                        48.515284
                    ],
                    [
                        -0.3042,
                        48.506296
                    ],
                    [
                        -0.290674,
                        48.506672
                    ],
                    [
                        -0.29011,
                        48.497684
                    ],
                    [
                        -0.263062,
                        48.49843
                    ],
                    [
                        -0.264181,
                        48.516406
                    ],
                    [
                        -0.237122,
                        48.517147
                    ],
                    [
                        -0.238233,
                        48.535123
                    ],
                    [
                        -0.224699,
                        48.535491
                    ],
                    [
                        -0.225252,
                        48.544479
                    ],
                    [
                        -0.238788,
                        48.544111
                    ],
                    [
                        -0.239344,
                        48.553099
                    ],
                    [
                        -0.198727,
                        48.554199
                    ],
                    [
                        -0.19763,
                        48.536223
                    ],
                    [
                        -0.184096,
                        48.536586
                    ],
                    [
                        -0.18355,
                        48.527598
                    ],
                    [
                        -0.170017,
                        48.527959
                    ],
                    [
                        -0.169474,
                        48.518971
                    ],
                    [
                        -0.183004,
                        48.518609
                    ],
                    [
                        -0.181367,
                        48.491644
                    ],
                    [
                        -0.167844,
                        48.492005
                    ],
                    [
                        -0.165675,
                        48.45605
                    ],
                    [
                        -0.15216,
                        48.456409
                    ],
                    [
                        -0.151621,
                        48.44742
                    ],
                    [
                        -0.138109,
                        48.447779
                    ],
                    [
                        -0.137572,
                        48.438789
                    ],
                    [
                        -0.07002,
                        48.440557
                    ],
                    [
                        -0.06687,
                        48.386619
                    ],
                    [
                        -0.065822,
                        48.368639
                    ],
                    [
                        -0.052329,
                        48.368987
                    ],
                    [
                        -0.038837,
                        48.369334
                    ],
                    [
                        -0.039356,
                        48.378324
                    ],
                    [
                        -0.012366,
                        48.379014
                    ],
                    [
                        -0.012881,
                        48.388004
                    ],
                    [
                        0.000616,
                        48.388346
                    ],
                    [
                        0.001129,
                        48.379356
                    ],
                    [
                        0.014625,
                        48.379697
                    ],
                    [
                        0.015135,
                        48.370706
                    ],
                    [
                        0.06911,
                        48.372054
                    ],
                    [
                        0.067606,
                        48.399026
                    ],
                    [
                        0.108109,
                        48.400021
                    ],
                    [
                        0.107614,
                        48.409011
                    ],
                    [
                        0.121118,
                        48.40934
                    ],
                    [
                        0.120133,
                        48.427321
                    ],
                    [
                        0.160659,
                        48.428298
                    ],
                    [
                        0.160173,
                        48.437289
                    ],
                    [
                        0.173684,
                        48.437612
                    ],
                    [
                        0.173201,
                        48.446602
                    ],
                    [
                        0.186714,
                        48.446923
                    ],
                    [
                        0.186233,
                        48.455914
                    ],
                    [
                        0.213266,
                        48.456552
                    ],
                    [
                        0.212788,
                        48.465542
                    ],
                    [
                        0.266865,
                        48.4668
                    ],
                    [
                        0.266397,
                        48.475791
                    ],
                    [
                        0.293441,
                        48.47641
                    ],
                    [
                        0.293905,
                        48.46742
                    ],
                    [
                        0.320945,
                        48.468033
                    ],
                    [
                        0.321404,
                        48.459042
                    ],
                    [
                        0.334922,
                        48.459346
                    ],
                    [
                        0.335378,
                        48.450355
                    ],
                    [
                        0.348894,
                        48.450658
                    ],
                    [
                        0.349348,
                        48.441667
                    ],
                    [
                        0.362861,
                        48.441968
                    ],
                    [
                        0.368718,
                        48.325076
                    ],
                    [
                        0.382201,
                        48.325375
                    ],
                    [
                        0.382649,
                        48.316382
                    ],
                    [
                        0.39613,
                        48.31668
                    ],
                    [
                        0.396575,
                        48.307687
                    ],
                    [
                        0.423534,
                        48.308278
                    ],
                    [
                        0.423974,
                        48.299285
                    ],
                    [
                        0.464407,
                        48.300159
                    ],
                    [
                        0.46484,
                        48.291166
                    ],
                    [
                        0.478316,
                        48.291454
                    ],
                    [
                        0.479176,
                        48.273468
                    ],
                    [
                        0.492648,
                        48.273755
                    ],
                    [
                        0.493076,
                        48.264762
                    ],
                    [
                        0.506545,
                        48.265047
                    ],
                    [
                        0.50697,
                        48.256054
                    ],
                    [
                        0.520437,
                        48.256337
                    ],
                    [
                        0.52086,
                        48.247344
                    ],
                    [
                        0.534325,
                        48.247625
                    ],
                    [
                        0.534745,
                        48.238632
                    ],
                    [
                        0.60206,
                        48.240017
                    ],
                    [
                        0.602469,
                        48.231024
                    ],
                    [
                        0.642853,
                        48.231836
                    ],
                    [
                        0.641646,
                        48.258817
                    ],
                    [
                        0.655114,
                        48.259085
                    ],
                    [
                        0.655514,
                        48.250092
                    ],
                    [
                        0.668981,
                        48.250358
                    ],
                    [
                        0.669378,
                        48.241364
                    ],
                    [
                        0.682842,
                        48.241629
                    ],
                    [
                        0.683632,
                        48.223641
                    ],
                    [
                        0.697092,
                        48.223904
                    ],
                    [
                        0.697877,
                        48.205916
                    ],
                    [
                        0.711332,
                        48.206178
                    ],
                    [
                        0.712112,
                        48.18819
                    ],
                    [
                        0.725563,
                        48.18845
                    ],
                    [
                        0.72595,
                        48.179455
                    ],
                    [
                        0.752847,
                        48.17997
                    ],
                    [
                        0.75323,
                        48.170976
                    ],
                    [
                        0.766677,
                        48.171231
                    ],
                    [
                        0.766296,
                        48.180226
                    ],
                    [
                        0.793194,
                        48.180732
                    ],
                    [
                        0.806643,
                        48.180982
                    ],
                    [
                        0.807017,
                        48.171988
                    ],
                    [
                        0.820464,
                        48.172237
                    ],
                    [
                        0.820835,
                        48.163242
                    ],
                    [
                        0.83428,
                        48.16349
                    ],
                    [
                        0.834649,
                        48.154495
                    ],
                    [
                        0.888421,
                        48.15547
                    ],
                    [
                        0.88878,
                        48.146475
                    ],
                    [
                        0.875339,
                        48.146233
                    ],
                    [
                        0.875701,
                        48.137238
                    ],
                    [
                        0.835386,
                        48.136505
                    ],
                    [
                        0.836491,
                        48.10952
                    ],
                    [
                        0.809629,
                        48.109024
                    ],
                    [
                        0.810001,
                        48.100029
                    ],
                    [
                        0.796573,
                        48.099779
                    ],
                    [
                        0.796948,
                        48.090784
                    ],
                    [
                        0.810374,
                        48.091034
                    ],
                    [
                        0.810746,
                        48.082039
                    ],
                    [
                        0.797322,
                        48.081789
                    ],
                    [
                        0.797697,
                        48.072793
                    ],
                    [
                        0.784275,
                        48.072542
                    ],
                    [
                        0.786157,
                        48.027565
                    ],
                    [
                        0.812978,
                        48.028067
                    ],
                    [
                        0.813349,
                        48.019071
                    ],
                    [
                        0.826757,
                        48.01932
                    ],
                    [
                        0.827495,
                        48.001328
                    ],
                    [
                        0.814092,
                        48.00108
                    ],
                    [
                        0.815575,
                        47.965097
                    ],
                    [
                        0.82897,
                        47.965345
                    ],
                    [
                        0.830074,
                        47.938357
                    ],
                    [
                        0.803299,
                        47.93786
                    ],
                    [
                        0.804044,
                        47.919868
                    ],
                    [
                        0.763895,
                        47.91911
                    ],
                    [
                        0.764274,
                        47.910114
                    ],
                    [
                        0.750894,
                        47.909858
                    ],
                    [
                        0.753559,
                        47.846886
                    ],
                    [
                        0.766924,
                        47.847141
                    ],
                    [
                        0.767302,
                        47.838144
                    ],
                    [
                        0.740577,
                        47.837632
                    ],
                    [
                        0.74096,
                        47.828636
                    ],
                    [
                        0.7276,
                        47.828378
                    ],
                    [
                        0.728369,
                        47.810385
                    ],
                    [
                        0.715014,
                        47.810126
                    ],
                    [
                        0.7154,
                        47.801129
                    ],
                    [
                        0.688695,
                        47.800605
                    ],
                    [
                        0.689086,
                        47.791609
                    ],
                    [
                        0.675736,
                        47.791345
                    ],
                    [
                        0.676521,
                        47.773352
                    ],
                    [
                        0.64983,
                        47.77282
                    ],
                    [
                        0.650228,
                        47.763823
                    ],
                    [
                        0.636885,
                        47.763555
                    ],
                    [
                        0.637284,
                        47.754558
                    ],
                    [
                        0.610603,
                        47.754017
                    ],
                    [
                        0.61141,
                        47.736024
                    ],
                    [
                        0.584739,
                        47.735476
                    ],
                    [
                        0.585147,
                        47.72648
                    ],
                    [
                        0.571813,
                        47.726204
                    ],
                    [
                        0.573043,
                        47.699215
                    ],
                    [
                        0.58637,
                        47.699491
                    ],
                    [
                        0.587184,
                        47.681498
                    ],
                    [
                        0.587592,
                        47.672501
                    ],
                    [
                        0.574272,
                        47.672226
                    ],
                    [
                        0.573862,
                        47.681222
                    ],
                    [
                        0.547218,
                        47.680666
                    ],
                    [
                        0.548046,
                        47.662673
                    ],
                    [
                        0.508095,
                        47.661828
                    ],
                    [
                        0.508515,
                        47.652832
                    ],
                    [
                        0.455258,
                        47.651684
                    ],
                    [
                        0.455687,
                        47.642687
                    ],
                    [
                        0.442375,
                        47.642397
                    ],
                    [
                        0.443238,
                        47.624404
                    ],
                    [
                        0.429931,
                        47.624112
                    ],
                    [
                        0.429497,
                        47.633108
                    ],
                    [
                        0.416188,
                        47.632814
                    ],
                    [
                        0.415752,
                        47.641811
                    ],
                    [
                        0.402441,
                        47.641515
                    ],
                    [
                        0.402003,
                        47.650511
                    ],
                    [
                        0.375376,
                        47.649916
                    ],
                    [
                        0.375819,
                        47.64092
                    ],
                    [
                        0.362508,
                        47.64062
                    ],
                    [
                        0.362953,
                        47.631624
                    ],
                    [
                        0.349644,
                        47.631323
                    ],
                    [
                        0.350538,
                        47.613331
                    ],
                    [
                        0.363842,
                        47.613632
                    ],
                    [
                        0.364286,
                        47.604636
                    ],
                    [
                        0.377588,
                        47.604936
                    ],
                    [
                        0.378913,
                        47.577947
                    ],
                    [
                        0.365618,
                        47.577648
                    ],
                    [
                        0.365174,
                        47.586644
                    ],
                    [
                        0.351877,
                        47.586343
                    ],
                    [
                        0.351431,
                        47.595339
                    ],
                    [
                        0.338131,
                        47.595036
                    ],
                    [
                        0.337683,
                        47.604032
                    ],
                    [
                        0.284478,
                        47.602807
                    ],
                    [
                        0.28402,
                        47.611802
                    ],
                    [
                        0.270717,
                        47.611492
                    ],
                    [
                        0.270257,
                        47.620488
                    ],
                    [
                        0.230342,
                        47.619548
                    ],
                    [
                        0.217038,
                        47.619231
                    ],
                    [
                        0.217975,
                        47.60124
                    ],
                    [
                        0.218913,
                        47.583249
                    ],
                    [
                        0.205617,
                        47.582931
                    ],
                    [
                        0.206088,
                        47.573936
                    ],
                    [
                        0.192795,
                        47.573616
                    ],
                    [
                        0.194212,
                        47.546629
                    ],
                    [
                        0.180926,
                        47.546309
                    ],
                    [
                        0.181875,
                        47.528318
                    ],
                    [
                        0.195156,
                        47.528638
                    ],
                    [
                        0.195628,
                        47.519642
                    ],
                    [
                        0.208908,
                        47.519961
                    ],
                    [
                        0.209847,
                        47.501969
                    ],
                    [
                        0.196572,
                        47.50165
                    ],
                    [
                        0.197043,
                        47.492654
                    ],
                    [
                        0.18377,
                        47.492334
                    ],
                    [
                        0.18519,
                        47.465346
                    ],
                    [
                        0.171924,
                        47.465025
                    ],
                    [
                        0.174299,
                        47.420044
                    ],
                    [
                        0.161044,
                        47.419722
                    ],
                    [
                        0.161521,
                        47.410725
                    ],
                    [
                        0.148268,
                        47.410401
                    ],
                    [
                        0.149226,
                        47.392409
                    ],
                    [
                        0.162474,
                        47.392733
                    ],
                    [
                        0.163426,
                        47.374741
                    ],
                    [
                        0.150182,
                        47.374416
                    ],
                    [
                        0.15066,
                        47.36542
                    ],
                    [
                        0.137419,
                        47.365095
                    ],
                    [
                        0.138379,
                        47.347102
                    ],
                    [
                        0.125143,
                        47.346775
                    ],
                    [
                        0.125625,
                        47.337779
                    ],
                    [
                        0.112391,
                        47.337451
                    ],
                    [
                        0.112875,
                        47.328454
                    ],
                    [
                        0.099643,
                        47.328124
                    ],
                    [
                        0.100129,
                        47.319128
                    ],
                    [
                        0.0869,
                        47.318797
                    ],
                    [
                        0.087876,
                        47.300804
                    ],
                    [
                        0.074651,
                        47.300472
                    ],
                    [
                        0.076121,
                        47.273483
                    ],
                    [
                        0.062903,
                        47.273149
                    ],
                    [
                        0.065851,
                        47.219171
                    ],
                    [
                        0.052646,
                        47.218835
                    ],
                    [
                        0.053139,
                        47.209839
                    ],
                    [
                        0.039937,
                        47.209502
                    ],
                    [
                        0.040927,
                        47.19151
                    ],
                    [
                        0.054125,
                        47.191846
                    ],
                    [
                        0.05511,
                        47.173853
                    ],
                    [
                        0.041916,
                        47.173517
                    ],
                    [
                        0.028723,
                        47.173179
                    ],
                    [
                        0.028226,
                        47.182175
                    ],
                    [
                        0.001836,
                        47.181495
                    ],
                    [
                        0.002337,
                        47.172498
                    ],
                    [
                        -0.010856,
                        47.172156
                    ],
                    [
                        -0.010353,
                        47.163159
                    ],
                    [
                        -0.023543,
                        47.162816
                    ],
                    [
                        -0.023038,
                        47.153819
                    ],
                    [
                        -0.036226,
                        47.153474
                    ],
                    [
                        -0.035211,
                        47.135481
                    ],
                    [
                        -0.048395,
                        47.135135
                    ],
                    [
                        -0.046359,
                        47.099149
                    ],
                    [
                        -0.059534,
                        47.098801
                    ],
                    [
                        -0.060045,
                        47.107798
                    ],
                    [
                        -0.099574,
                        47.106744
                    ],
                    [
                        -0.099057,
                        47.097748
                    ],
                    [
                        -0.11223,
                        47.097394
                    ],
                    [
                        -0.110673,
                        47.070406
                    ],
                    [
                        -0.137007,
                        47.069694
                    ],
                    [
                        -0.138054,
                        47.087686
                    ],
                    [
                        -0.124882,
                        47.088043
                    ],
                    [
                        -0.125926,
                        47.106035
                    ],
                    [
                        -0.139102,
                        47.105678
                    ],
                    [
                        -0.139626,
                        47.114674
                    ],
                    [
                        -0.192336,
                        47.11323
                    ],
                    [
                        -0.191803,
                        47.104234
                    ],
                    [
                        -0.218152,
                        47.103504
                    ],
                    [
                        -0.218689,
                        47.112499
                    ],
                    [
                        -0.310922,
                        47.109894
                    ],
                    [
                        -0.310369,
                        47.100899
                    ],
                    [
                        -0.402578,
                        47.098221
                    ],
                    [
                        -0.401442,
                        47.080232
                    ],
                    [
                        -0.454111,
                        47.078669
                    ],
                    [
                        -0.454688,
                        47.087663
                    ],
                    [
                        -0.533698,
                        47.085274
                    ],
                    [
                        -0.533109,
                        47.07628
                    ],
                    [
                        -0.559439,
                        47.075471
                    ],
                    [
                        -0.558846,
                        47.066477
                    ],
                    [
                        -0.572009,
                        47.066071
                    ],
                    [
                        -0.569032,
                        47.0211
                    ],
                    [
                        -0.595335,
                        47.020284
                    ],
                    [
                        -0.594736,
                        47.01129
                    ],
                    [
                        -0.607885,
                        47.010879
                    ],
                    [
                        -0.607284,
                        47.001885
                    ],
                    [
                        -0.646724,
                        47.000645
                    ],
                    [
                        -0.647332,
                        47.009639
                    ],
                    [
                        -0.686777,
                        47.008385
                    ],
                    [
                        -0.686162,
                        46.999391
                    ],
                    [
                        -0.725599,
                        46.998124
                    ],
                    [
                        -0.72622,
                        47.007118
                    ],
                    [
                        -0.765661,
                        47.005837
                    ],
                    [
                        -0.766288,
                        47.01483
                    ],
                    [
                        -0.792585,
                        47.013968
                    ],
                    [
                        -0.791954,
                        47.004975
                    ],
                    [
                        -0.831391,
                        47.003672
                    ],
                    [
                        -0.830753,
                        46.994679
                    ],
                    [
                        -0.85704,
                        46.993803
                    ],
                    [
                        -0.856397,
                        46.98481
                    ],
                    [
                        -0.882679,
                        46.983928
                    ],
                    [
                        -0.908959,
                        46.98304
                    ],
                    [
                        -0.908308,
                        46.974048
                    ],
                    [
                        -0.907007,
                        46.956063
                    ],
                    [
                        -0.893873,
                        46.956507
                    ],
                    [
                        -0.892577,
                        46.938522
                    ],
                    [
                        -0.866318,
                        46.939407
                    ],
                    [
                        -0.865675,
                        46.930414
                    ],
                    [
                        -0.852547,
                        46.930854
                    ],
                    [
                        -0.851906,
                        46.921861
                    ],
                    [
                        -0.838781,
                        46.922299
                    ],
                    [
                        -0.838142,
                        46.913306
                    ],
                    [
                        -0.825019,
                        46.913743
                    ],
                    [
                        -0.824382,
                        46.90475
                    ],
                    [
                        -0.837504,
                        46.904313
                    ],
                    [
                        -0.83559,
                        46.877334
                    ],
                    [
                        -0.822475,
                        46.87777
                    ],
                    [
                        -0.821205,
                        46.859784
                    ],
                    [
                        -0.808094,
                        46.860219
                    ],
                    [
                        -0.807461,
                        46.851225
                    ],
                    [
                        -0.794352,
                        46.851659
                    ],
                    [
                        -0.793092,
                        46.833672
                    ],
                    [
                        -0.779987,
                        46.834103
                    ],
                    [
                        -0.77936,
                        46.82511
                    ],
                    [
                        -0.753154,
                        46.825968
                    ],
                    [
                        -0.75253,
                        46.816975
                    ],
                    [
                        -0.713227,
                        46.818251
                    ],
                    [
                        -0.71261,
                        46.809257
                    ],
                    [
                        -0.725709,
                        46.808833
                    ],
                    [
                        -0.724473,
                        46.790845
                    ],
                    [
                        -0.737568,
                        46.79042
                    ],
                    [
                        -0.735088,
                        46.754445
                    ],
                    [
                        -0.722002,
                        46.75487
                    ],
                    [
                        -0.721385,
                        46.745876
                    ],
                    [
                        -0.708301,
                        46.746299
                    ],
                    [
                        -0.706457,
                        46.719317
                    ],
                    [
                        -0.680301,
                        46.720159
                    ],
                    [
                        -0.678472,
                        46.693176
                    ],
                    [
                        -0.691543,
                        46.692755
                    ],
                    [
                        -0.690321,
                        46.674767
                    ],
                    [
                        -0.664186,
                        46.675605
                    ],
                    [
                        -0.662366,
                        46.648622
                    ],
                    [
                        -0.675427,
                        46.648203
                    ],
                    [
                        -0.674211,
                        46.630214
                    ],
                    [
                        -0.63504,
                        46.631464
                    ],
                    [
                        -0.629635,
                        46.550511
                    ],
                    [
                        -0.616597,
                        46.550924
                    ],
                    [
                        -0.615402,
                        46.532934
                    ],
                    [
                        -0.654502,
                        46.531691
                    ],
                    [
                        -0.652089,
                        46.495711
                    ],
                    [
                        -0.639065,
                        46.496127
                    ],
                    [
                        -0.637263,
                        46.469142
                    ],
                    [
                        -0.624245,
                        46.469556
                    ],
                    [
                        -0.622452,
                        46.442571
                    ],
                    [
                        -0.648476,
                        46.441742
                    ],
                    [
                        -0.64487,
                        46.387772
                    ],
                    [
                        -0.605872,
                        46.389011
                    ],
                    [
                        -0.607061,
                        46.407002
                    ],
                    [
                        -0.594057,
                        46.407412
                    ],
                    [
                        -0.593464,
                        46.398417
                    ],
                    [
                        -0.580463,
                        46.398826
                    ],
                    [
                        -0.579873,
                        46.389831
                    ],
                    [
                        -0.553872,
                        46.390644
                    ],
                    [
                        -0.552702,
                        46.372653
                    ],
                    [
                        -0.565698,
                        46.372247
                    ],
                    [
                        -0.565111,
                        46.363252
                    ],
                    [
                        -0.591098,
                        46.362436
                    ],
                    [
                        -0.591689,
                        46.371431
                    ],
                    [
                        -0.617679,
                        46.370609
                    ],
                    [
                        -0.616488,
                        46.352619
                    ],
                    [
                        -0.629479,
                        46.352206
                    ],
                    [
                        -0.628882,
                        46.343211
                    ],
                    [
                        -0.64187,
                        46.342796
                    ],
                    [
                        -0.64127,
                        46.333801
                    ],
                    [
                        -0.654257,
                        46.333385
                    ],
                    [
                        -0.653655,
                        46.32439
                    ],
                    [
                        -0.679622,
                        46.323554
                    ],
                    [
                        -0.680228,
                        46.332549
                    ],
                    [
                        -0.706199,
                        46.331707
                    ],
                    [
                        -0.705589,
                        46.322712
                    ],
                    [
                        -0.731554,
                        46.321864
                    ],
                    [
                        -0.73094,
                        46.31287
                    ],
                    [
                        -0.743921,
                        46.312444
                    ],
                    [
                        -0.769881,
                        46.311587
                    ],
                    [
                        -0.769261,
                        46.302593
                    ],
                    [
                        -0.768641,
                        46.293598
                    ],
                    [
                        -0.755665,
                        46.294027
                    ],
                    [
                        -0.753196,
                        46.258049
                    ],
                    [
                        -0.766164,
                        46.25762
                    ],
                    [
                        -0.764926,
                        46.239631
                    ],
                    [
                        -0.751963,
                        46.240059
                    ],
                    [
                        -0.751347,
                        46.231065
                    ],
                    [
                        -0.725425,
                        46.231917
                    ],
                    [
                        -0.724813,
                        46.222922
                    ],
                    [
                        -0.711853,
                        46.223346
                    ],
                    [
                        -0.711244,
                        46.214351
                    ],
                    [
                        -0.698287,
                        46.214774
                    ],
                    [
                        -0.697679,
                        46.205779
                    ],
                    [
                        -0.710635,
                        46.205356
                    ],
                    [
                        -0.708808,
                        46.178372
                    ],
                    [
                        -0.695859,
                        46.178794
                    ],
                    [
                        -0.695252,
                        46.169799
                    ],
                    [
                        -0.682305,
                        46.170219
                    ],
                    [
                        -0.68291,
                        46.179214
                    ],
                    [
                        -0.66996,
                        46.179633
                    ],
                    [
                        -0.668756,
                        46.161643
                    ],
                    [
                        -0.642866,
                        46.162477
                    ],
                    [
                        -0.641073,
                        46.135491
                    ],
                    [
                        -0.628134,
                        46.135905
                    ],
                    [
                        -0.627539,
                        46.12691
                    ],
                    [
                        -0.601664,
                        46.127734
                    ],
                    [
                        -0.602255,
                        46.136729
                    ],
                    [
                        -0.550494,
                        46.13836
                    ],
                    [
                        -0.549912,
                        46.129364
                    ],
                    [
                        -0.536974,
                        46.129768
                    ],
                    [
                        -0.536394,
                        46.120773
                    ],
                    [
                        -0.523457,
                        46.121175
                    ],
                    [
                        -0.522302,
                        46.103183
                    ],
                    [
                        -0.496437,
                        46.103983
                    ],
                    [
                        -0.495864,
                        46.094987
                    ],
                    [
                        -0.457071,
                        46.096176
                    ],
                    [
                        -0.456505,
                        46.08718
                    ],
                    [
                        -0.417716,
                        46.088356
                    ],
                    [
                        -0.417156,
                        46.079359
                    ],
                    [
                        -0.391301,
                        46.080135
                    ],
                    [
                        -0.391856,
                        46.089132
                    ],
                    [
                        -0.378926,
                        46.089518
                    ],
                    [
                        -0.377819,
                        46.071524
                    ],
                    [
                        -0.287332,
                        46.074184
                    ],
                    [
                        -0.285718,
                        46.047193
                    ],
                    [
                        -0.246954,
                        46.04831
                    ],
                    [
                        -0.246423,
                        46.039313
                    ],
                    [
                        -0.207664,
                        46.040416
                    ],
                    [
                        -0.207139,
                        46.031419
                    ],
                    [
                        -0.194221,
                        46.031784
                    ],
                    [
                        -0.193698,
                        46.022786
                    ],
                    [
                        -0.180782,
                        46.02315
                    ],
                    [
                        -0.179741,
                        46.005154
                    ],
                    [
                        -0.166829,
                        46.005516
                    ],
                    [
                        -0.166311,
                        45.996518
                    ],
                    [
                        -0.153401,
                        45.996879
                    ],
                    [
                        -0.151855,
                        45.969885
                    ],
                    [
                        -0.113143,
                        45.970957
                    ],
                    [
                        -0.112634,
                        45.961959
                    ],
                    [
                        -0.112125,
                        45.952961
                    ],
                    [
                        -0.099225,
                        45.953315
                    ],
                    [
                        -0.098718,
                        45.944317
                    ],
                    [
                        -0.111616,
                        45.943963
                    ],
                    [
                        -0.111108,
                        45.934965
                    ],
                    [
                        -0.16269,
                        45.933535
                    ],
                    [
                        -0.160108,
                        45.888546
                    ],
                    [
                        -0.147223,
                        45.888906
                    ],
                    [
                        -0.146196,
                        45.87091
                    ],
                    [
                        -0.133315,
                        45.871268
                    ],
                    [
                        -0.132293,
                        45.853272
                    ],
                    [
                        -0.145169,
                        45.852914
                    ],
                    [
                        -0.144656,
                        45.843917
                    ],
                    [
                        -0.157531,
                        45.843557
                    ],
                    [
                        -0.157016,
                        45.83456
                    ],
                    [
                        -0.144143,
                        45.834919
                    ],
                    [
                        -0.143118,
                        45.816923
                    ],
                    [
                        -0.155986,
                        45.816564
                    ],
                    [
                        -0.155472,
                        45.807567
                    ],
                    [
                        -0.168337,
                        45.807206
                    ],
                    [
                        -0.167821,
                        45.798208
                    ],
                    [
                        -0.206411,
                        45.797118
                    ],
                    [
                        -0.205888,
                        45.788121
                    ],
                    [
                        -0.218749,
                        45.787755
                    ],
                    [
                        -0.219273,
                        45.796752
                    ],
                    [
                        -0.232136,
                        45.796384
                    ],
                    [
                        -0.23319,
                        45.814379
                    ],
                    [
                        -0.310388,
                        45.812141
                    ],
                    [
                        -0.309309,
                        45.794147
                    ],
                    [
                        -0.412196,
                        45.791082
                    ],
                    [
                        -0.41164,
                        45.782085
                    ],
                    [
                        -0.424498,
                        45.781696
                    ],
                    [
                        -0.42394,
                        45.772699
                    ],
                    [
                        -0.462507,
                        45.771522
                    ],
                    [
                        -0.461943,
                        45.762525
                    ],
                    [
                        -0.474796,
                        45.76213
                    ],
                    [
                        -0.473099,
                        45.735141
                    ],
                    [
                        -0.421711,
                        45.736713
                    ],
                    [
                        -0.421154,
                        45.727717
                    ],
                    [
                        -0.433999,
                        45.727326
                    ],
                    [
                        -0.430648,
                        45.673348
                    ],
                    [
                        -0.404983,
                        45.674128
                    ],
                    [
                        -0.404429,
                        45.665131
                    ],
                    [
                        -0.41726,
                        45.664742
                    ],
                    [
                        -0.416704,
                        45.655746
                    ],
                    [
                        -0.429533,
                        45.655356
                    ],
                    [
                        -0.428418,
                        45.637363
                    ],
                    [
                        -0.441243,
                        45.636971
                    ],
                    [
                        -0.440124,
                        45.618979
                    ],
                    [
                        -0.427304,
                        45.61937
                    ],
                    [
                        -0.426748,
                        45.610374
                    ],
                    [
                        -0.388292,
                        45.611539
                    ],
                    [
                        -0.387742,
                        45.602543
                    ],
                    [
                        -0.374925,
                        45.602928
                    ],
                    [
                        -0.374377,
                        45.593932
                    ],
                    [
                        -0.361563,
                        45.594316
                    ],
                    [
                        -0.361017,
                        45.585319
                    ],
                    [
                        -0.348204,
                        45.585702
                    ],
                    [
                        -0.34766,
                        45.576705
                    ],
                    [
                        -0.322038,
                        45.577465
                    ],
                    [
                        -0.321499,
                        45.568469
                    ],
                    [
                        -0.30869,
                        45.568846
                    ],
                    [
                        -0.308153,
                        45.55985
                    ],
                    [
                        -0.32096,
                        45.559472
                    ],
                    [
                        -0.320421,
                        45.550475
                    ],
                    [
                        -0.333226,
                        45.550096
                    ],
                    [
                        -0.332145,
                        45.532102
                    ],
                    [
                        -0.319344,
                        45.532481
                    ],
                    [
                        -0.318805,
                        45.523485
                    ],
                    [
                        -0.293207,
                        45.524239
                    ],
                    [
                        -0.292673,
                        45.515242
                    ],
                    [
                        -0.279876,
                        45.515616
                    ],
                    [
                        -0.278813,
                        45.497622
                    ],
                    [
                        -0.26602,
                        45.497996
                    ],
                    [
                        -0.264961,
                        45.480002
                    ],
                    [
                        -0.290539,
                        45.479254
                    ],
                    [
                        -0.28894,
                        45.452264
                    ],
                    [
                        -0.276157,
                        45.452638
                    ],
                    [
                        -0.275627,
                        45.443641
                    ],
                    [
                        -0.262846,
                        45.444014
                    ],
                    [
                        -0.260734,
                        45.408026
                    ],
                    [
                        -0.286279,
                        45.40728
                    ],
                    [
                        -0.285747,
                        45.398283
                    ],
                    [
                        -0.324057,
                        45.397153
                    ],
                    [
                        -0.322444,
                        45.370163
                    ],
                    [
                        -0.30968,
                        45.370541
                    ],
                    [
                        -0.309145,
                        45.361545
                    ],
                    [
                        -0.296383,
                        45.361921
                    ],
                    [
                        -0.29585,
                        45.352925
                    ],
                    [
                        -0.28309,
                        45.3533
                    ],
                    [
                        -0.28256,
                        45.344303
                    ],
                    [
                        -0.295317,
                        45.343928
                    ],
                    [
                        -0.292656,
                        45.298945
                    ],
                    [
                        -0.279908,
                        45.29932
                    ],
                    [
                        -0.279379,
                        45.290323
                    ],
                    [
                        -0.253887,
                        45.291068
                    ],
                    [
                        -0.254413,
                        45.300065
                    ],
                    [
                        -0.241665,
                        45.300435
                    ],
                    [
                        -0.242189,
                        45.309432
                    ],
                    [
                        -0.216688,
                        45.310168
                    ],
                    [
                        -0.216168,
                        45.301171
                    ],
                    [
                        -0.165173,
                        45.302626
                    ],
                    [
                        -0.164662,
                        45.293629
                    ],
                    [
                        -0.151915,
                        45.293989
                    ],
                    [
                        -0.151406,
                        45.284992
                    ],
                    [
                        -0.125915,
                        45.285707
                    ],
                    [
                        -0.123393,
                        45.240721
                    ],
                    [
                        -0.046979,
                        45.242831
                    ],
                    [
                        -0.045995,
                        45.224836
                    ],
                    [
                        -0.007798,
                        45.225872
                    ],
                    [
                        -0.006828,
                        45.207876
                    ],
                    [
                        -0.005859,
                        45.189881
                    ],
                    [
                        -0.005374,
                        45.180883
                    ],
                    [
                        0.007348,
                        45.181225
                    ],
                    [
                        0.006866,
                        45.190223
                    ],
                    [
                        0.01959,
                        45.190563
                    ],
                    [
                        0.01911,
                        45.199561
                    ],
                    [
                        0.044564,
                        45.200238
                    ],
                    [
                        0.044087,
                        45.209236
                    ],
                    [
                        0.056816,
                        45.209572
                    ],
                    [
                        0.056341,
                        45.21857
                    ],
                    [
                        0.069073,
                        45.218905
                    ],
                    [
                        0.069545,
                        45.209907
                    ],
                    [
                        0.082275,
                        45.21024
                    ],
                    [
                        0.081804,
                        45.219238
                    ],
                    [
                        0.094536,
                        45.21957
                    ],
                    [
                        0.095005,
                        45.210572
                    ],
                    [
                        0.107734,
                        45.210903
                    ],
                    [
                        0.108201,
                        45.201904
                    ],
                    [
                        0.146385,
                        45.202887
                    ],
                    [
                        0.145925,
                        45.211885
                    ],
                    [
                        0.158655,
                        45.21221
                    ],
                    [
                        0.158197,
                        45.221208
                    ],
                    [
                        0.170929,
                        45.221532
                    ],
                    [
                        0.170473,
                        45.23053
                    ],
                    [
                        0.183208,
                        45.230852
                    ],
                    [
                        0.182298,
                        45.248849
                    ],
                    [
                        0.195037,
                        45.249169
                    ],
                    [
                        0.194585,
                        45.258168
                    ],
                    [
                        0.220067,
                        45.258805
                    ],
                    [
                        0.219169,
                        45.276802
                    ],
                    [
                        0.231915,
                        45.277119
                    ],
                    [
                        0.231468,
                        45.286118
                    ],
                    [
                        0.269712,
                        45.287058
                    ],
                    [
                        0.269271,
                        45.296057
                    ],
                    [
                        0.282021,
                        45.296367
                    ],
                    [
                        0.279824,
                        45.341363
                    ],
                    [
                        0.267064,
                        45.341052
                    ],
                    [
                        0.26441,
                        45.395047
                    ],
                    [
                        0.277183,
                        45.395358
                    ],
                    [
                        0.27586,
                        45.422355
                    ],
                    [
                        0.326979,
                        45.423586
                    ],
                    [
                        0.326546,
                        45.432585
                    ],
                    [
                        0.339328,
                        45.43289
                    ],
                    [
                        0.338466,
                        45.450888
                    ],
                    [
                        0.351252,
                        45.451191
                    ],
                    [
                        0.350823,
                        45.460191
                    ],
                    [
                        0.363611,
                        45.460492
                    ],
                    [
                        0.363184,
                        45.469492
                    ],
                    [
                        0.388765,
                        45.47009
                    ],
                    [
                        0.388342,
                        45.47909
                    ],
                    [
                        0.439515,
                        45.480269
                    ],
                    [
                        0.438685,
                        45.498269
                    ],
                    [
                        0.451482,
                        45.49856
                    ],
                    [
                        0.451069,
                        45.50756
                    ],
                    [
                        0.463869,
                        45.50785
                    ],
                    [
                        0.463046,
                        45.52585
                    ],
                    [
                        0.47585,
                        45.526139
                    ],
                    [
                        0.475441,
                        45.535139
                    ],
                    [
                        0.51386,
                        45.535996
                    ],
                    [
                        0.512246,
                        45.571997
                    ],
                    [
                        0.525061,
                        45.57228
                    ],
                    [
                        0.522648,
                        45.626282
                    ],
                    [
                        0.573959,
                        45.6274
                    ],
                    [
                        0.573565,
                        45.636401
                    ],
                    [
                        0.586395,
                        45.636677
                    ],
                    [
                        0.58561,
                        45.654678
                    ],
                    [
                        0.598445,
                        45.654952
                    ],
                    [
                        0.598054,
                        45.663953
                    ],
                    [
                        0.610891,
                        45.664226
                    ],
                    [
                        0.610114,
                        45.682228
                    ],
                    [
                        0.622955,
                        45.682499
                    ],
                    [
                        0.622568,
                        45.6915
                    ],
                    [
                        0.635411,
                        45.69177
                    ],
                    [
                        0.648255,
                        45.692039
                    ],
                    [
                        0.648637,
                        45.683038
                    ],
                    [
                        0.73853,
                        45.684879
                    ],
                    [
                        0.738898,
                        45.675878
                    ],
                    [
                        0.751738,
                        45.676135
                    ],
                    [
                        0.752469,
                        45.658133
                    ],
                    [
                        0.765305,
                        45.658389
                    ],
                    [
                        0.765669,
                        45.649387
                    ],
                    [
                        0.752835,
                        45.649132
                    ],
                    [
                        0.753565,
                        45.631129
                    ],
                    [
                        0.740735,
                        45.630873
                    ],
                    [
                        0.741836,
                        45.603869
                    ],
                    [
                        0.75466,
                        45.604126
                    ],
                    [
                        0.755024,
                        45.595125
                    ],
                    [
                        0.767846,
                        45.59538
                    ],
                    [
                        0.768209,
                        45.586379
                    ],
                    [
                        0.793848,
                        45.586885
                    ],
                    [
                        0.794206,
                        45.577884
                    ],
                    [
                        0.807024,
                        45.578135
                    ],
                    [
                        0.80738,
                        45.569133
                    ],
                    [
                        0.833012,
                        45.56963
                    ],
                    [
                        0.83266,
                        45.578632
                    ],
                    [
                        0.858296,
                        45.579123
                    ],
                    [
                        0.8576,
                        45.597126
                    ],
                    [
                        1.024301,
                        45.600178
                    ],
                    [
                        1.025584,
                        45.56417
                    ],
                    [
                        1.0384,
                        45.564395
                    ],
                    [
                        1.039037,
                        45.546391
                    ],
                    [
                        1.06466,
                        45.546835
                    ],
                    [
                        1.065288,
                        45.528831
                    ],
                    [
                        1.142135,
                        45.530129
                    ],
                    [
                        1.142436,
                        45.521126
                    ],
                    [
                        1.12963,
                        45.520914
                    ],
                    [
                        1.129933,
                        45.511912
                    ],
                    [
                        1.11713,
                        45.511698
                    ],
                    [
                        1.11774,
                        45.493693
                    ],
                    [
                        1.104941,
                        45.493478
                    ],
                    [
                        1.105862,
                        45.466472
                    ],
                    [
                        1.16983,
                        45.467534
                    ],
                    [
                        1.170423,
                        45.449529
                    ],
                    [
                        1.221582,
                        45.450352
                    ],
                    [
                        1.222158,
                        45.432347
                    ],
                    [
                        1.260516,
                        45.432949
                    ],
                    [
                        1.260798,
                        45.423947
                    ],
                    [
                        1.248014,
                        45.423748
                    ],
                    [
                        1.249148,
                        45.387738
                    ],
                    [
                        1.261924,
                        45.387937
                    ],
                    [
                        1.262205,
                        45.378935
                    ],
                    [
                        1.313301,
                        45.379716
                    ],
                    [
                        1.313574,
                        45.370713
                    ],
                    [
                        1.300802,
                        45.37052
                    ],
                    [
                        1.301076,
                        45.361518
                    ],
                    [
                        1.275537,
                        45.361128
                    ],
                    [
                        1.276094,
                        45.343123
                    ],
                    [
                        1.263329,
                        45.342926
                    ],
                    [
                        1.26361,
                        45.333923
                    ],
                    [
                        1.250846,
                        45.333725
                    ],
                    [
                        1.251129,
                        45.324722
                    ],
                    [
                        1.225606,
                        45.324321
                    ],
                    [
                        1.226753,
                        45.288312
                    ],
                    [
                        1.214,
                        45.288109
                    ],
                    [
                        1.214865,
                        45.261103
                    ],
                    [
                        1.227612,
                        45.261306
                    ],
                    [
                        1.227898,
                        45.252304
                    ],
                    [
                        1.266132,
                        45.252904
                    ],
                    [
                        1.266412,
                        45.243901
                    ],
                    [
                        1.253669,
                        45.243703
                    ],
                    [
                        1.253951,
                        45.234701
                    ],
                    [
                        1.22847,
                        45.2343
                    ],
                    [
                        1.229042,
                        45.216296
                    ],
                    [
                        1.216305,
                        45.216093
                    ],
                    [
                        1.217168,
                        45.189088
                    ],
                    [
                        1.28082,
                        45.190086
                    ],
                    [
                        1.281097,
                        45.181084
                    ],
                    [
                        1.268369,
                        45.180887
                    ],
                    [
                        1.268648,
                        45.171885
                    ],
                    [
                        1.243195,
                        45.171487
                    ],
                    [
                        1.243761,
                        45.153484
                    ],
                    [
                        1.256484,
                        45.153683
                    ],
                    [
                        1.256764,
                        45.144681
                    ],
                    [
                        1.269485,
                        45.144879
                    ],
                    [
                        1.269763,
                        45.135877
                    ],
                    [
                        1.2952,
                        45.136269
                    ],
                    [
                        1.295475,
                        45.127267
                    ],
                    [
                        1.384492,
                        45.128592
                    ],
                    [
                        1.384752,
                        45.11959
                    ],
                    [
                        1.397467,
                        45.119773
                    ],
                    [
                        1.397725,
                        45.110771
                    ],
                    [
                        1.372299,
                        45.110403
                    ],
                    [
                        1.372823,
                        45.092399
                    ],
                    [
                        1.385532,
                        45.092583
                    ],
                    [
                        1.386051,
                        45.074579
                    ],
                    [
                        1.398756,
                        45.074763
                    ],
                    [
                        1.399014,
                        45.065761
                    ],
                    [
                        1.386311,
                        45.065577
                    ],
                    [
                        1.386571,
                        45.056575
                    ],
                    [
                        1.399271,
                        45.056759
                    ],
                    [
                        1.399529,
                        45.047757
                    ],
                    [
                        1.412227,
                        45.047938
                    ],
                    [
                        1.412738,
                        45.029934
                    ],
                    [
                        1.425433,
                        45.030115
                    ],
                    [
                        1.425686,
                        45.021112
                    ],
                    [
                        1.438379,
                        45.021291
                    ],
                    [
                        1.43863,
                        45.012289
                    ],
                    [
                        1.45132,
                        45.012467
                    ],
                    [
                        1.451569,
                        45.003465
                    ],
                    [
                        1.476947,
                        45.003815
                    ],
                    [
                        1.476702,
                        45.012817
                    ],
                    [
                        1.489393,
                        45.01299
                    ],
                    [
                        1.489151,
                        45.021992
                    ],
                    [
                        1.501844,
                        45.022163
                    ],
                    [
                        1.501603,
                        45.031166
                    ],
                    [
                        1.539689,
                        45.031672
                    ],
                    [
                        1.539924,
                        45.022669
                    ],
                    [
                        1.565311,
                        45.022999
                    ],
                    [
                        1.56508,
                        45.032002
                    ],
                    [
                        1.603167,
                        45.032486
                    ],
                    [
                        1.603392,
                        45.023484
                    ],
                    [
                        1.641473,
                        45.023955
                    ],
                    [
                        1.64191,
                        45.00595
                    ],
                    [
                        1.66729,
                        45.006257
                    ],
                    [
                        1.667504,
                        44.997254
                    ],
                    [
                        1.680192,
                        44.997406
                    ],
                    [
                        1.680404,
                        44.988403
                    ],
                    [
                        1.69309,
                        44.988553
                    ],
                    [
                        1.69351,
                        44.970548
                    ],
                    [
                        1.706192,
                        44.970696
                    ],
                    [
                        1.7064,
                        44.961694
                    ],
                    [
                        1.71908,
                        44.96184
                    ],
                    [
                        1.719286,
                        44.952838
                    ],
                    [
                        1.744642,
                        44.953127
                    ],
                    [
                        1.745247,
                        44.92612
                    ],
                    [
                        1.757919,
                        44.926262
                    ],
                    [
                        1.758118,
                        44.91726
                    ],
                    [
                        1.783459,
                        44.91754
                    ],
                    [
                        1.783263,
                        44.926543
                    ],
                    [
                        1.795936,
                        44.926681
                    ],
                    [
                        1.796129,
                        44.917678
                    ],
                    [
                        1.83414,
                        44.918083
                    ],
                    [
                        1.833953,
                        44.927086
                    ],
                    [
                        1.846626,
                        44.927218
                    ],
                    [
                        1.846441,
                        44.936221
                    ],
                    [
                        1.859115,
                        44.936352
                    ],
                    [
                        1.858932,
                        44.945354
                    ],
                    [
                        1.896963,
                        44.945738
                    ],
                    [
                        1.896608,
                        44.963743
                    ],
                    [
                        1.90929,
                        44.963869
                    ],
                    [
                        1.909114,
                        44.972871
                    ],
                    [
                        1.921797,
                        44.972995
                    ],
                    [
                        1.921971,
                        44.963992
                    ],
                    [
                        1.934652,
                        44.964114
                    ],
                    [
                        1.934994,
                        44.946109
                    ],
                    [
                        1.960348,
                        44.946349
                    ],
                    [
                        1.960181,
                        44.955352
                    ],
                    [
                        1.98554,
                        44.955586
                    ],
                    [
                        1.985377,
                        44.964589
                    ],
                    [
                        1.998058,
                        44.964704
                    ],
                    [
                        1.997897,
                        44.973707
                    ],
                    [
                        2.048632,
                        44.974152
                    ],
                    [
                        2.048785,
                        44.965149
                    ],
                    [
                        2.061466,
                        44.965257
                    ],
                    [
                        2.074148,
                        44.965363
                    ],
                    [
                        2.073999,
                        44.974366
                    ],
                    [
                        2.137419,
                        44.974876
                    ],
                    [
                        2.13728,
                        44.983879
                    ],
                    [
                        2.149966,
                        44.983977
                    ],
                    [
                        2.149556,
                        45.010986
                    ],
                    [
                        2.136864,
                        45.010889
                    ],
                    [
                        2.136586,
                        45.028895
                    ],
                    [
                        2.12389,
                        45.028796
                    ],
                    [
                        2.123608,
                        45.046803
                    ],
                    [
                        2.110908,
                        45.046702
                    ],
                    [
                        2.110622,
                        45.064709
                    ],
                    [
                        2.136031,
                        45.064909
                    ],
                    [
                        2.135892,
                        45.073912
                    ],
                    [
                        2.186718,
                        45.074294
                    ],
                    [
                        2.186194,
                        45.110308
                    ],
                    [
                        2.198909,
                        45.110401
                    ],
                    [
                        2.198651,
                        45.128408
                    ],
                    [
                        2.21137,
                        45.128498
                    ],
                    [
                        2.211243,
                        45.137502
                    ],
                    [
                        2.223964,
                        45.137591
                    ],
                    [
                        2.223714,
                        45.155598
                    ],
                    [
                        2.236439,
                        45.155686
                    ],
                    [
                        2.23607,
                        45.182697
                    ],
                    [
                        2.210607,
                        45.18252
                    ],
                    [
                        2.20997,
                        45.227539
                    ],
                    [
                        2.235453,
                        45.227716
                    ],
                    [
                        2.23533,
                        45.23672
                    ],
                    [
                        2.248074,
                        45.236807
                    ],
                    [
                        2.247709,
                        45.263818
                    ],
                    [
                        2.273209,
                        45.263987
                    ],
                    [
                        2.272974,
                        45.281995
                    ],
                    [
                        2.298483,
                        45.282158
                    ],
                    [
                        2.298369,
                        45.291162
                    ],
                    [
                        2.311126,
                        45.291241
                    ],
                    [
                        2.310903,
                        45.309249
                    ],
                    [
                        2.323663,
                        45.309327
                    ],
                    [
                        2.323554,
                        45.318331
                    ],
                    [
                        2.361842,
                        45.318556
                    ],
                    [
                        2.361739,
                        45.32756
                    ],
                    [
                        2.374503,
                        45.327632
                    ],
                    [
                        2.373592,
                        45.40867
                    ],
                    [
                        2.386375,
                        45.408741
                    ],
                    [
                        2.386574,
                        45.390732
                    ],
                    [
                        2.424912,
                        45.390935
                    ],
                    [
                        2.425005,
                        45.381931
                    ],
                    [
                        2.437782,
                        45.381996
                    ],
                    [
                        2.437873,
                        45.372992
                    ],
                    [
                        2.463423,
                        45.373117
                    ],
                    [
                        2.46351,
                        45.364113
                    ],
                    [
                        2.489056,
                        45.364232
                    ],
                    [
                        2.488974,
                        45.373236
                    ],
                    [
                        2.5273,
                        45.373405
                    ],
                    [
                        2.527223,
                        45.382409
                    ],
                    [
                        2.540001,
                        45.382462
                    ],
                    [
                        2.539852,
                        45.400471
                    ],
                    [
                        2.52707,
                        45.400418
                    ],
                    [
                        2.526994,
                        45.409422
                    ],
                    [
                        2.51421,
                        45.409367
                    ],
                    [
                        2.514131,
                        45.418372
                    ],
                    [
                        2.501346,
                        45.418316
                    ],
                    [
                        2.501265,
                        45.42732
                    ],
                    [
                        2.514053,
                        45.427376
                    ],
                    [
                        2.513659,
                        45.472398
                    ],
                    [
                        2.526457,
                        45.472453
                    ],
                    [
                        2.526303,
                        45.490462
                    ],
                    [
                        2.526227,
                        45.499467
                    ],
                    [
                        2.513422,
                        45.499412
                    ],
                    [
                        2.513343,
                        45.508416
                    ],
                    [
                        2.52615,
                        45.508471
                    ],
                    [
                        2.525688,
                        45.562498
                    ],
                    [
                        2.50005,
                        45.562387
                    ],
                    [
                        2.499969,
                        45.571392
                    ],
                    [
                        2.487148,
                        45.571334
                    ],
                    [
                        2.486982,
                        45.589343
                    ],
                    [
                        2.474157,
                        45.589284
                    ],
                    [
                        2.474071,
                        45.598289
                    ],
                    [
                        2.486898,
                        45.598348
                    ],
                    [
                        2.486565,
                        45.634366
                    ],
                    [
                        2.525071,
                        45.634535
                    ],
                    [
                        2.524994,
                        45.64354
                    ],
                    [
                        2.537832,
                        45.643593
                    ],
                    [
                        2.537682,
                        45.661603
                    ],
                    [
                        2.52484,
                        45.661549
                    ],
                    [
                        2.524762,
                        45.670554
                    ],
                    [
                        2.537606,
                        45.670607
                    ],
                    [
                        2.537381,
                        45.697621
                    ],
                    [
                        2.52453,
                        45.697568
                    ],
                    [
                        2.524453,
                        45.706573
                    ],
                    [
                        2.537305,
                        45.706626
                    ],
                    [
                        2.53723,
                        45.715631
                    ],
                    [
                        2.524376,
                        45.715577
                    ],
                    [
                        2.524221,
                        45.733587
                    ],
                    [
                        2.511362,
                        45.733532
                    ],
                    [
                        2.511283,
                        45.742536
                    ],
                    [
                        2.498422,
                        45.74248
                    ],
                    [
                        2.49834,
                        45.751485
                    ],
                    [
                        2.485478,
                        45.751427
                    ],
                    [
                        2.485394,
                        45.760431
                    ],
                    [
                        2.459664,
                        45.760311
                    ],
                    [
                        2.459576,
                        45.769316
                    ],
                    [
                        2.446709,
                        45.769253
                    ],
                    [
                        2.446439,
                        45.796267
                    ],
                    [
                        2.433566,
                        45.796204
                    ],
                    [
                        2.433473,
                        45.805208
                    ],
                    [
                        2.420598,
                        45.805143
                    ],
                    [
                        2.420409,
                        45.823152
                    ],
                    [
                        2.433288,
                        45.823218
                    ],
                    [
                        2.433196,
                        45.832222
                    ],
                    [
                        2.446077,
                        45.832286
                    ],
                    [
                        2.445987,
                        45.841291
                    ],
                    [
                        2.458871,
                        45.841353
                    ],
                    [
                        2.458694,
                        45.859363
                    ],
                    [
                        2.510246,
                        45.859598
                    ],
                    [
                        2.510086,
                        45.877607
                    ],
                    [
                        2.522978,
                        45.877663
                    ],
                    [
                        2.5229,
                        45.886667
                    ],
                    [
                        2.535794,
                        45.886721
                    ],
                    [
                        2.535718,
                        45.895726
                    ],
                    [
                        2.548615,
                        45.895778
                    ],
                    [
                        2.548541,
                        45.904783
                    ],
                    [
                        2.56144,
                        45.904833
                    ],
                    [
                        2.561153,
                        45.940853
                    ],
                    [
                        2.57406,
                        45.940902
                    ],
                    [
                        2.57399,
                        45.949907
                    ],
                    [
                        2.599809,
                        45.950001
                    ],
                    [
                        2.599743,
                        45.959006
                    ],
                    [
                        2.612654,
                        45.959051
                    ],
                    [
                        2.612591,
                        45.968055
                    ],
                    [
                        2.625505,
                        45.968099
                    ],
                    [
                        2.625443,
                        45.977104
                    ],
                    [
                        2.612528,
                        45.97706
                    ],
                    [
                        2.612401,
                        45.99507
                    ],
                    [
                        2.599481,
                        45.995025
                    ],
                    [
                        2.599416,
                        46.00403
                    ],
                    [
                        2.612338,
                        46.004075
                    ],
                    [
                        2.612084,
                        46.040094
                    ],
                    [
                        2.599153,
                        46.040049
                    ],
                    [
                        2.599088,
                        46.049054
                    ],
                    [
                        2.586155,
                        46.049007
                    ],
                    [
                        2.586087,
                        46.058012
                    ],
                    [
                        2.573153,
                        46.057964
                    ],
                    [
                        2.573013,
                        46.075974
                    ],
                    [
                        2.560074,
                        46.075924
                    ],
                    [
                        2.559714,
                        46.120948
                    ],
                    [
                        2.572663,
                        46.120998
                    ],
                    [
                        2.572593,
                        46.130002
                    ],
                    [
                        2.572453,
                        46.148012
                    ],
                    [
                        2.572172,
                        46.184031
                    ],
                    [
                        2.546243,
                        46.18393
                    ],
                    [
                        2.546169,
                        46.192935
                    ],
                    [
                        2.533202,
                        46.192882
                    ],
                    [
                        2.532896,
                        46.228901
                    ],
                    [
                        2.519921,
                        46.228847
                    ],
                    [
                        2.519684,
                        46.255861
                    ],
                    [
                        2.493722,
                        46.255748
                    ],
                    [
                        2.493389,
                        46.291767
                    ],
                    [
                        2.467409,
                        46.291648
                    ],
                    [
                        2.467322,
                        46.300653
                    ],
                    [
                        2.428347,
                        46.300464
                    ],
                    [
                        2.428158,
                        46.318473
                    ],
                    [
                        2.415162,
                        46.318407
                    ],
                    [
                        2.415066,
                        46.327411
                    ],
                    [
                        2.402068,
                        46.327344
                    ],
                    [
                        2.40197,
                        46.336348
                    ],
                    [
                        2.375969,
                        46.336209
                    ],
                    [
                        2.376072,
                        46.327205
                    ],
                    [
                        2.363074,
                        46.327133
                    ],
                    [
                        2.362969,
                        46.336137
                    ],
                    [
                        2.323969,
                        46.335913
                    ],
                    [
                        2.323747,
                        46.353921
                    ],
                    [
                        2.349755,
                        46.354073
                    ],
                    [
                        2.349434,
                        46.381086
                    ],
                    [
                        2.310402,
                        46.380856
                    ],
                    [
                        2.310288,
                        46.389861
                    ],
                    [
                        2.297275,
                        46.389781
                    ],
                    [
                        2.296928,
                        46.416794
                    ],
                    [
                        2.296464,
                        46.452811
                    ],
                    [
                        2.309492,
                        46.452891
                    ],
                    [
                        2.309378,
                        46.461895
                    ],
                    [
                        2.335438,
                        46.462049
                    ],
                    [
                        2.335108,
                        46.489062
                    ],
                    [
                        2.348145,
                        46.489137
                    ],
                    [
                        2.348037,
                        46.498141
                    ],
                    [
                        2.361076,
                        46.498215
                    ],
                    [
                        2.36097,
                        46.507219
                    ],
                    [
                        2.374011,
                        46.507291
                    ],
                    [
                        2.373908,
                        46.516295
                    ],
                    [
                        2.478253,
                        46.516819
                    ],
                    [
                        2.478167,
                        46.525823
                    ],
                    [
                        2.491212,
                        46.525882
                    ],
                    [
                        2.491297,
                        46.516878
                    ],
                    [
                        2.556513,
                        46.517149
                    ],
                    [
                        2.55644,
                        46.526154
                    ],
                    [
                        2.582531,
                        46.526252
                    ],
                    [
                        2.582462,
                        46.535256
                    ],
                    [
                        2.59551,
                        46.535303
                    ],
                    [
                        2.595443,
                        46.544307
                    ],
                    [
                        2.621543,
                        46.544397
                    ],
                    [
                        2.621293,
                        46.580414
                    ],
                    [
                        2.608234,
                        46.58037
                    ],
                    [
                        2.60804,
                        46.607382
                    ],
                    [
                        2.594975,
                        46.607337
                    ],
                    [
                        2.594841,
                        46.625345
                    ],
                    [
                        2.60791,
                        46.625391
                    ],
                    [
                        2.607715,
                        46.652403
                    ],
                    [
                        2.633867,
                        46.65249
                    ],
                    [
                        2.633807,
                        46.661494
                    ],
                    [
                        2.646885,
                        46.661535
                    ],
                    [
                        2.646768,
                        46.679543
                    ],
                    [
                        2.65985,
                        46.679583
                    ],
                    [
                        2.659794,
                        46.688587
                    ],
                    [
                        2.672879,
                        46.688625
                    ],
                    [
                        2.672824,
                        46.697629
                    ],
                    [
                        2.685911,
                        46.697665
                    ],
                    [
                        2.685859,
                        46.70667
                    ],
                    [
                        2.698948,
                        46.706705
                    ],
                    [
                        2.698898,
                        46.715709
                    ],
                    [
                        2.71199,
                        46.715742
                    ],
                    [
                        2.711894,
                        46.73375
                    ],
                    [
                        2.738085,
                        46.733813
                    ],
                    [
                        2.738172,
                        46.715805
                    ],
                    [
                        2.751264,
                        46.715834
                    ],
                    [
                        2.751305,
                        46.70683
                    ],
                    [
                        2.764394,
                        46.706858
                    ],
                    [
                        2.764355,
                        46.715862
                    ],
                    [
                        2.790538,
                        46.715912
                    ],
                    [
                        2.790503,
                        46.724916
                    ],
                    [
                        2.842877,
                        46.725
                    ],
                    [
                        2.842903,
                        46.715996
                    ],
                    [
                        2.855994,
                        46.716013
                    ],
                    [
                        2.855923,
                        46.743025
                    ],
                    [
                        2.869021,
                        46.743041
                    ],
                    [
                        2.868999,
                        46.752045
                    ],
                    [
                        2.882099,
                        46.752059
                    ],
                    [
                        2.882079,
                        46.761063
                    ],
                    [
                        2.895182,
                        46.761076
                    ],
                    [
                        2.895164,
                        46.77008
                    ],
                    [
                        2.921373,
                        46.770101
                    ],
                    [
                        2.921347,
                        46.788109
                    ],
                    [
                        2.960674,
                        46.788129
                    ],
                    [
                        2.960667,
                        46.797133
                    ],
                    [
                        2.986889,
                        46.797139
                    ],
                    [
                        2.986891,
                        46.788135
                    ],
                    [
                        3.026218,
                        46.788133
                    ],
                    [
                        3.026205,
                        46.761121
                    ],
                    [
                        3.039307,
                        46.761117
                    ],
                    [
                        3.0393,
                        46.752113
                    ],
                    [
                        3.0524,
                        46.752108
                    ],
                    [
                        3.052392,
                        46.743104
                    ],
                    [
                        3.06549,
                        46.743097
                    ],
                    [
                        3.065479,
                        46.734093
                    ],
                    [
                        3.078575,
                        46.734085
                    ],
                    [
                        3.078562,
                        46.725081
                    ],
                    [
                        3.117842,
                        46.725047
                    ],
                    [
                        3.117823,
                        46.716043
                    ],
                    [
                        3.130914,
                        46.716029
                    ],
                    [
                        3.130893,
                        46.707025
                    ],
                    [
                        3.143982,
                        46.707009
                    ],
                    [
                        3.143934,
                        46.689001
                    ],
                    [
                        3.157019,
                        46.688984
                    ],
                    [
                        3.156993,
                        46.67998
                    ],
                    [
                        3.183158,
                        46.679941
                    ],
                    [
                        3.183128,
                        46.670937
                    ],
                    [
                        3.222369,
                        46.670867
                    ],
                    [
                        3.222406,
                        46.679871
                    ],
                    [
                        3.235489,
                        46.679845
                    ],
                    [
                        3.235528,
                        46.688849
                    ],
                    [
                        3.248613,
                        46.688822
                    ],
                    [
                        3.248654,
                        46.697826
                    ],
                    [
                        3.274828,
                        46.697766
                    ],
                    [
                        3.274873,
                        46.70677
                    ],
                    [
                        3.287963,
                        46.706738
                    ],
                    [
                        3.287915,
                        46.697734
                    ],
                    [
                        3.301002,
                        46.697701
                    ],
                    [
                        3.300902,
                        46.679692
                    ],
                    [
                        3.379397,
                        46.67946
                    ],
                    [
                        3.379523,
                        46.697468
                    ],
                    [
                        3.39261,
                        46.697424
                    ],
                    [
                        3.392675,
                        46.706428
                    ],
                    [
                        3.418853,
                        46.706335
                    ],
                    [
                        3.418714,
                        46.688327
                    ],
                    [
                        3.444883,
                        46.688229
                    ],
                    [
                        3.444809,
                        46.679225
                    ],
                    [
                        3.431727,
                        46.679275
                    ],
                    [
                        3.431512,
                        46.652262
                    ],
                    [
                        3.444588,
                        46.652212
                    ],
                    [
                        3.444515,
                        46.643208
                    ],
                    [
                        3.496809,
                        46.642994
                    ],
                    [
                        3.496974,
                        46.661002
                    ],
                    [
                        3.510052,
                        46.660944
                    ],
                    [
                        3.510136,
                        46.669948
                    ],
                    [
                        3.523216,
                        46.669889
                    ],
                    [
                        3.523303,
                        46.678893
                    ],
                    [
                        3.536385,
                        46.678833
                    ],
                    [
                        3.536296,
                        46.669829
                    ],
                    [
                        3.562456,
                        46.669704
                    ],
                    [
                        3.562549,
                        46.678708
                    ],
                    [
                        3.575631,
                        46.678643
                    ],
                    [
                        3.575822,
                        46.696651
                    ],
                    [
                        3.562736,
                        46.696716
                    ],
                    [
                        3.562829,
                        46.70572
                    ],
                    [
                        3.589006,
                        46.705588
                    ],
                    [
                        3.589104,
                        46.714592
                    ],
                    [
                        3.602194,
                        46.714524
                    ],
                    [
                        3.602494,
                        46.741536
                    ],
                    [
                        3.615591,
                        46.741466
                    ],
                    [
                        3.615387,
                        46.723459
                    ],
                    [
                        3.62848,
                        46.723388
                    ],
                    [
                        3.628167,
                        46.696376
                    ],
                    [
                        3.641254,
                        46.696304
                    ],
                    [
                        3.641041,
                        46.678296
                    ],
                    [
                        3.654123,
                        46.678222
                    ],
                    [
                        3.654015,
                        46.669218
                    ],
                    [
                        3.667094,
                        46.669143
                    ],
                    [
                        3.666984,
                        46.660139
                    ],
                    [
                        3.693139,
                        46.659984
                    ],
                    [
                        3.692795,
                        46.632972
                    ],
                    [
                        3.705866,
                        46.632893
                    ],
                    [
                        3.705398,
                        46.596877
                    ],
                    [
                        3.718461,
                        46.596796
                    ],
                    [
                        3.718342,
                        46.587792
                    ],
                    [
                        3.731402,
                        46.587709
                    ],
                    [
                        3.731039,
                        46.560697
                    ],
                    [
                        3.717986,
                        46.56078
                    ],
                    [
                        3.717748,
                        46.542771
                    ],
                    [
                        3.730797,
                        46.542689
                    ],
                    [
                        3.730677,
                        46.533685
                    ],
                    [
                        3.769818,
                        46.533428
                    ],
                    [
                        3.769691,
                        46.524424
                    ],
                    [
                        3.782735,
                        46.524336
                    ],
                    [
                        3.782606,
                        46.515332
                    ],
                    [
                        3.821734,
                        46.515057
                    ],
                    [
                        3.821869,
                        46.524061
                    ],
                    [
                        3.834914,
                        46.523967
                    ],
                    [
                        3.834638,
                        46.505959
                    ],
                    [
                        3.847678,
                        46.505863
                    ],
                    [
                        3.847398,
                        46.487855
                    ],
                    [
                        3.860434,
                        46.487758
                    ],
                    [
                        3.860292,
                        46.478754
                    ],
                    [
                        3.912427,
                        46.478349
                    ],
                    [
                        3.912577,
                        46.487353
                    ],
                    [
                        3.938649,
                        46.487142
                    ],
                    [
                        3.938339,
                        46.469134
                    ],
                    [
                        3.977432,
                        46.468807
                    ],
                    [
                        3.977271,
                        46.459803
                    ],
                    [
                        3.9903,
                        46.459691
                    ],
                    [
                        3.989973,
                        46.441683
                    ],
                    [
                        3.976949,
                        46.441795
                    ],
                    [
                        3.976304,
                        46.405779
                    ],
                    [
                        3.963288,
                        46.40589
                    ],
                    [
                        3.962971,
                        46.387882
                    ],
                    [
                        3.975983,
                        46.387771
                    ],
                    [
                        3.974858,
                        46.324743
                    ],
                    [
                        3.935867,
                        46.32507
                    ],
                    [
                        3.935559,
                        46.307062
                    ],
                    [
                        3.909574,
                        46.307272
                    ],
                    [
                        3.909424,
                        46.298268
                    ],
                    [
                        3.883443,
                        46.298473
                    ],
                    [
                        3.883152,
                        46.280464
                    ],
                    [
                        3.883007,
                        46.27146
                    ],
                    [
                        3.895991,
                        46.271359
                    ],
                    [
                        3.89555,
                        46.244346
                    ],
                    [
                        3.882572,
                        46.244447
                    ],
                    [
                        3.881992,
                        46.20843
                    ],
                    [
                        3.894961,
                        46.208329
                    ],
                    [
                        3.894814,
                        46.199325
                    ],
                    [
                        3.95965,
                        46.198796
                    ],
                    [
                        3.959335,
                        46.180788
                    ],
                    [
                        3.972297,
                        46.180678
                    ],
                    [
                        3.971978,
                        46.162669
                    ],
                    [
                        4.03677,
                        46.162097
                    ],
                    [
                        4.03694,
                        46.171101
                    ],
                    [
                        4.06286,
                        46.170861
                    ],
                    [
                        4.063035,
                        46.179865
                    ],
                    [
                        4.088959,
                        46.17962
                    ],
                    [
                        4.089138,
                        46.188624
                    ],
                    [
                        4.102102,
                        46.188499
                    ],
                    [
                        4.101921,
                        46.179495
                    ],
                    [
                        4.127845,
                        46.179241
                    ],
                    [
                        4.12766,
                        46.170237
                    ],
                    [
                        4.192459,
                        46.169575
                    ],
                    [
                        4.192654,
                        46.178579
                    ],
                    [
                        4.218577,
                        46.178304
                    ],
                    [
                        4.218377,
                        46.1693
                    ],
                    [
                        4.244296,
                        46.16902
                    ],
                    [
                        4.243888,
                        46.151012
                    ],
                    [
                        4.295707,
                        46.150433
                    ],
                    [
                        4.296133,
                        46.16844
                    ],
                    [
                        4.335009,
                        46.16799
                    ],
                    [
                        4.335229,
                        46.176994
                    ],
                    [
                        4.387072,
                        46.176373
                    ],
                    [
                        4.412993,
                        46.176053
                    ],
                    [
                        4.412761,
                        46.16705
                    ],
                    [
                        4.425719,
                        46.166888
                    ],
                    [
                        4.425485,
                        46.157885
                    ],
                    [
                        4.412529,
                        46.158047
                    ],
                    [
                        4.412297,
                        46.149043
                    ],
                    [
                        4.399343,
                        46.149204
                    ],
                    [
                        4.399573,
                        46.158207
                    ],
                    [
                        4.360703,
                        46.158679
                    ],
                    [
                        4.360257,
                        46.140672
                    ],
                    [
                        4.308447,
                        46.141281
                    ],
                    [
                        4.307804,
                        46.11427
                    ],
                    [
                        4.294858,
                        46.114418
                    ],
                    [
                        4.293797,
                        46.0694
                    ],
                    [
                        4.280861,
                        46.069547
                    ],
                    [
                        4.280651,
                        46.060543
                    ],
                    [
                        4.24185,
                        46.060974
                    ],
                    [
                        4.241443,
                        46.042967
                    ],
                    [
                        4.254373,
                        46.042824
                    ],
                    [
                        4.253962,
                        46.024817
                    ],
                    [
                        4.266888,
                        46.024673
                    ],
                    [
                        4.26668,
                        46.015669
                    ],
                    [
                        4.279603,
                        46.015524
                    ],
                    [
                        4.279394,
                        46.00652
                    ],
                    [
                        4.240631,
                        46.006952
                    ],
                    [
                        4.240022,
                        45.97994
                    ],
                    [
                        4.252937,
                        45.979798
                    ],
                    [
                        4.252732,
                        45.970794
                    ],
                    [
                        4.278557,
                        45.970505
                    ],
                    [
                        4.278139,
                        45.952498
                    ],
                    [
                        4.291047,
                        45.952352
                    ],
                    [
                        4.290836,
                        45.943348
                    ],
                    [
                        4.303742,
                        45.9432
                    ],
                    [
                        4.303529,
                        45.934196
                    ],
                    [
                        4.316433,
                        45.934047
                    ],
                    [
                        4.316218,
                        45.925043
                    ],
                    [
                        4.329119,
                        45.924892
                    ],
                    [
                        4.328902,
                        45.915889
                    ],
                    [
                        4.316003,
                        45.916039
                    ],
                    [
                        4.315358,
                        45.889028
                    ],
                    [
                        4.328251,
                        45.888878
                    ],
                    [
                        4.327818,
                        45.87087
                    ],
                    [
                        4.340707,
                        45.870718
                    ],
                    [
                        4.340488,
                        45.861715
                    ],
                    [
                        4.379148,
                        45.861249
                    ],
                    [
                        4.378473,
                        45.834239
                    ],
                    [
                        4.365593,
                        45.834395
                    ],
                    [
                        4.36448,
                        45.789377
                    ],
                    [
                        4.35161,
                        45.789532
                    ],
                    [
                        4.351389,
                        45.780529
                    ],
                    [
                        4.338521,
                        45.780682
                    ],
                    [
                        4.337867,
                        45.753671
                    ],
                    [
                        4.350729,
                        45.753518
                    ],
                    [
                        4.350509,
                        45.744514
                    ],
                    [
                        4.376228,
                        45.744203
                    ],
                    [
                        4.375556,
                        45.717193
                    ],
                    [
                        4.362703,
                        45.717349
                    ],
                    [
                        4.362037,
                        45.690339
                    ],
                    [
                        4.349191,
                        45.690493
                    ],
                    [
                        4.348971,
                        45.68149
                    ],
                    [
                        4.361816,
                        45.681335
                    ],
                    [
                        4.361373,
                        45.663328
                    ],
                    [
                        4.374213,
                        45.663172
                    ],
                    [
                        4.37399,
                        45.654169
                    ],
                    [
                        4.386828,
                        45.654011
                    ],
                    [
                        4.386378,
                        45.636004
                    ],
                    [
                        4.399212,
                        45.635846
                    ],
                    [
                        4.398984,
                        45.626842
                    ],
                    [
                        4.411816,
                        45.626682
                    ],
                    [
                        4.411587,
                        45.617679
                    ],
                    [
                        4.437246,
                        45.617354
                    ],
                    [
                        4.436779,
                        45.599347
                    ],
                    [
                        4.449605,
                        45.599183
                    ],
                    [
                        4.44937,
                        45.590179
                    ],
                    [
                        4.462193,
                        45.590013
                    ],
                    [
                        4.461955,
                        45.58101
                    ],
                    [
                        4.500419,
                        45.580503
                    ],
                    [
                        4.500175,
                        45.5715
                    ],
                    [
                        4.512994,
                        45.571328
                    ],
                    [
                        4.512749,
                        45.562325
                    ],
                    [
                        4.525565,
                        45.562152
                    ],
                    [
                        4.525813,
                        45.571155
                    ],
                    [
                        4.577087,
                        45.570448
                    ],
                    [
                        4.576831,
                        45.561445
                    ],
                    [
                        4.61528,
                        45.560899
                    ],
                    [
                        4.615018,
                        45.551896
                    ],
                    [
                        4.627832,
                        45.551711
                    ],
                    [
                        4.627304,
                        45.533705
                    ],
                    [
                        4.640113,
                        45.533519
                    ],
                    [
                        4.638518,
                        45.479503
                    ],
                    [
                        4.651315,
                        45.479315
                    ],
                    [
                        4.651048,
                        45.470312
                    ],
                    [
                        4.715022,
                        45.469353
                    ],
                    [
                        4.715578,
                        45.487358
                    ],
                    [
                        4.728377,
                        45.487161
                    ],
                    [
                        4.727817,
                        45.469156
                    ],
                    [
                        4.740611,
                        45.468959
                    ],
                    [
                        4.740329,
                        45.459956
                    ],
                    [
                        4.740047,
                        45.450954
                    ],
                    [
                        4.739766,
                        45.441951
                    ],
                    [
                        4.752554,
                        45.441752
                    ],
                    [
                        4.75227,
                        45.43275
                    ],
                    [
                        4.739484,
                        45.432949
                    ],
                    [
                        4.738358,
                        45.396939
                    ],
                    [
                        4.751135,
                        45.396741
                    ],
                    [
                        4.750286,
                        45.369734
                    ],
                    [
                        4.71197,
                        45.370326
                    ],
                    [
                        4.711693,
                        45.361323
                    ],
                    [
                        4.698924,
                        45.361518
                    ],
                    [
                        4.698649,
                        45.352515
                    ],
                    [
                        4.660345,
                        45.35309
                    ],
                    [
                        4.660076,
                        45.344088
                    ],
                    [
                        4.64731,
                        45.344276
                    ],
                    [
                        4.647044,
                        45.335274
                    ],
                    [
                        4.63428,
                        45.335461
                    ],
                    [
                        4.634016,
                        45.326458
                    ],
                    [
                        4.621254,
                        45.326644
                    ],
                    [
                        4.620992,
                        45.317641
                    ],
                    [
                        4.608231,
                        45.317825
                    ],
                    [
                        4.607712,
                        45.29982
                    ],
                    [
                        4.594956,
                        45.300003
                    ],
                    [
                        4.594698,
                        45.291
                    ],
                    [
                        4.581944,
                        45.291181
                    ],
                    [
                        4.581177,
                        45.264174
                    ],
                    [
                        4.593925,
                        45.263993
                    ],
                    [
                        4.593668,
                        45.25499
                    ],
                    [
                        4.542684,
                        45.255706
                    ],
                    [
                        4.542435,
                        45.246703
                    ],
                    [
                        4.504202,
                        45.247224
                    ],
                    [
                        4.503959,
                        45.238221
                    ],
                    [
                        4.491217,
                        45.238392
                    ],
                    [
                        4.478474,
                        45.238562
                    ],
                    [
                        4.478236,
                        45.229559
                    ],
                    [
                        4.477997,
                        45.220556
                    ],
                    [
                        4.465259,
                        45.220724
                    ],
                    [
                        4.464314,
                        45.184713
                    ],
                    [
                        4.451584,
                        45.18488
                    ],
                    [
                        4.45135,
                        45.175877
                    ],
                    [
                        4.438621,
                        45.176042
                    ],
                    [
                        4.437694,
                        45.140031
                    ],
                    [
                        4.424974,
                        45.140195
                    ],
                    [
                        4.425204,
                        45.149197
                    ],
                    [
                        4.361591,
                        45.149992
                    ],
                    [
                        4.360934,
                        45.122983
                    ],
                    [
                        4.37365,
                        45.122827
                    ],
                    [
                        4.373429,
                        45.113825
                    ],
                    [
                        4.360714,
                        45.113981
                    ],
                    [
                        4.360495,
                        45.104978
                    ],
                    [
                        4.347783,
                        45.105132
                    ],
                    [
                        4.347349,
                        45.087127
                    ],
                    [
                        4.334641,
                        45.08728
                    ],
                    [
                        4.333996,
                        45.060272
                    ],
                    [
                        4.346699,
                        45.060119
                    ],
                    [
                        4.346482,
                        45.051117
                    ],
                    [
                        4.371882,
                        45.050807
                    ],
                    [
                        4.371662,
                        45.041804
                    ],
                    [
                        4.346266,
                        45.042114
                    ],
                    [
                        4.346049,
                        45.033112
                    ],
                    [
                        4.295264,
                        45.033714
                    ],
                    [
                        4.295056,
                        45.024711
                    ],
                    [
                        4.282361,
                        45.024858
                    ],
                    [
                        4.281537,
                        44.988848
                    ],
                    [
                        4.294223,
                        44.988701
                    ],
                    [
                        4.293808,
                        44.970696
                    ],
                    [
                        4.243079,
                        44.971275
                    ],
                    [
                        4.243278,
                        44.980277
                    ],
                    [
                        4.230594,
                        44.980418
                    ],
                    [
                        4.230396,
                        44.971416
                    ],
                    [
                        4.217714,
                        44.971555
                    ],
                    [
                        4.217127,
                        44.944548
                    ],
                    [
                        4.204451,
                        44.944686
                    ],
                    [
                        4.204258,
                        44.935683
                    ],
                    [
                        4.191583,
                        44.93582
                    ],
                    [
                        4.191392,
                        44.926817
                    ],
                    [
                        4.178719,
                        44.926952
                    ],
                    [
                        4.178152,
                        44.899945
                    ],
                    [
                        4.165486,
                        44.900078
                    ],
                    [
                        4.165299,
                        44.891076
                    ],
                    [
                        4.152634,
                        44.891208
                    ],
                    [
                        4.152449,
                        44.882205
                    ],
                    [
                        4.089136,
                        44.882844
                    ],
                    [
                        4.088962,
                        44.873842
                    ],
                    [
                        4.06364,
                        44.874087
                    ],
                    [
                        4.063811,
                        44.88309
                    ],
                    [
                        4.025822,
                        44.883447
                    ],
                    [
                        4.025493,
                        44.865442
                    ],
                    [
                        4.012834,
                        44.865558
                    ],
                    [
                        4.012509,
                        44.847553
                    ],
                    [
                        3.999854,
                        44.847668
                    ],
                    [
                        3.999694,
                        44.838665
                    ],
                    [
                        3.949081,
                        44.839109
                    ],
                    [
                        3.948929,
                        44.830107
                    ],
                    [
                        3.936278,
                        44.830214
                    ],
                    [
                        3.935828,
                        44.803206
                    ],
                    [
                        3.923183,
                        44.803312
                    ],
                    [
                        3.923035,
                        44.79431
                    ],
                    [
                        3.910392,
                        44.794414
                    ],
                    [
                        3.910246,
                        44.785412
                    ],
                    [
                        3.897605,
                        44.785515
                    ],
                    [
                        3.897318,
                        44.76751
                    ],
                    [
                        3.872043,
                        44.767712
                    ],
                    [
                        3.871904,
                        44.758709
                    ],
                    [
                        3.859269,
                        44.758808
                    ],
                    [
                        3.859131,
                        44.749805
                    ],
                    [
                        3.858994,
                        44.740803
                    ],
                    [
                        3.857896,
                        44.668784
                    ],
                    [
                        3.870511,
                        44.668685
                    ],
                    [
                        3.870233,
                        44.650681
                    ],
                    [
                        3.882844,
                        44.650581
                    ],
                    [
                        3.882139,
                        44.605571
                    ],
                    [
                        3.89474,
                        44.605469
                    ],
                    [
                        3.894455,
                        44.587466
                    ],
                    [
                        3.907052,
                        44.587363
                    ],
                    [
                        3.906762,
                        44.569359
                    ],
                    [
                        3.919355,
                        44.569255
                    ],
                    [
                        3.919208,
                        44.560253
                    ],
                    [
                        3.94439,
                        44.560041
                    ],
                    [
                        3.944239,
                        44.551039
                    ],
                    [
                        3.956828,
                        44.550931
                    ],
                    [
                        3.956371,
                        44.523926
                    ],
                    [
                        3.968953,
                        44.523816
                    ],
                    [
                        3.968644,
                        44.505813
                    ],
                    [
                        3.981223,
                        44.505702
                    ],
                    [
                        3.980442,
                        44.460695
                    ],
                    [
                        3.99301,
                        44.460582
                    ],
                    [
                        3.992852,
                        44.451581
                    ],
                    [
                        4.005419,
                        44.451467
                    ],
                    [
                        4.005259,
                        44.442466
                    ],
                    [
                        4.030387,
                        44.442234
                    ],
                    [
                        4.029896,
                        44.415231
                    ],
                    [
                        4.042454,
                        44.415112
                    ],
                    [
                        4.042123,
                        44.39711
                    ],
                    [
                        4.029568,
                        44.397228
                    ],
                    [
                        4.029241,
                        44.379227
                    ],
                    [
                        4.041791,
                        44.379109
                    ],
                    [
                        4.041129,
                        44.343105
                    ],
                    [
                        4.028587,
                        44.343223
                    ],
                    [
                        4.028097,
                        44.316221
                    ],
                    [
                        4.040633,
                        44.316103
                    ],
                    [
                        4.040468,
                        44.307103
                    ],
                    [
                        4.065537,
                        44.306863
                    ],
                    [
                        4.065706,
                        44.315863
                    ],
                    [
                        4.078242,
                        44.315741
                    ],
                    [
                        4.078413,
                        44.324742
                    ],
                    [
                        4.128565,
                        44.324238
                    ],
                    [
                        4.128207,
                        44.306237
                    ],
                    [
                        4.178342,
                        44.305712
                    ],
                    [
                        4.177968,
                        44.287711
                    ],
                    [
                        4.203028,
                        44.287439
                    ],
                    [
                        4.202837,
                        44.278439
                    ],
                    [
                        4.215364,
                        44.278301
                    ],
                    [
                        4.215172,
                        44.269301
                    ],
                    [
                        4.227697,
                        44.269162
                    ],
                    [
                        4.227502,
                        44.260162
                    ],
                    [
                        4.277596,
                        44.259591
                    ],
                    [
                        4.277799,
                        44.268591
                    ],
                    [
                        4.290324,
                        44.268444
                    ],
                    [
                        4.290733,
                        44.286445
                    ],
                    [
                        4.303262,
                        44.286297
                    ],
                    [
                        4.303676,
                        44.304297
                    ],
                    [
                        4.316209,
                        44.304148
                    ],
                    [
                        4.316418,
                        44.313148
                    ],
                    [
                        4.328953,
                        44.312997
                    ],
                    [
                        4.329164,
                        44.321997
                    ],
                    [
                        4.341701,
                        44.321845
                    ],
                    [
                        4.341914,
                        44.330845
                    ],
                    [
                        4.37953,
                        44.33038
                    ],
                    [
                        4.379749,
                        44.33938
                    ],
                    [
                        4.39229,
                        44.339222
                    ],
                    [
                        4.391627,
                        44.312222
                    ],
                    [
                        4.379092,
                        44.31238
                    ],
                    [
                        4.378436,
                        44.28538
                    ],
                    [
                        4.42855,
                        44.28474
                    ],
                    [
                        4.428323,
                        44.27574
                    ],
                    [
                        4.453376,
                        44.275411
                    ],
                    [
                        4.453837,
                        44.293411
                    ],
                    [
                        4.466368,
                        44.293245
                    ],
                    [
                        4.4666,
                        44.302244
                    ],
                    [
                        4.454068,
                        44.302411
                    ],
                    [
                        4.454761,
                        44.32941
                    ],
                    [
                        4.504913,
                        44.328736
                    ],
                    [
                        4.504674,
                        44.319736
                    ],
                    [
                        4.542282,
                        44.319215
                    ],
                    [
                        4.541792,
                        44.301216
                    ],
                    [
                        4.554324,
                        44.301039
                    ],
                    [
                        4.554077,
                        44.29204
                    ],
                    [
                        4.591665,
                        44.291502
                    ],
                    [
                        4.591413,
                        44.282502
                    ],
                    [
                        4.60394,
                        44.28232
                    ],
                    [
                        4.603686,
                        44.273321
                    ],
                    [
                        4.628736,
                        44.272952
                    ],
                    [
                        4.628478,
                        44.263953
                    ],
                    [
                        4.641001,
                        44.263767
                    ],
                    [
                        4.653524,
                        44.263579
                    ],
                    [
                        4.654049,
                        44.281577
                    ],
                    [
                        4.666576,
                        44.281388
                    ],
                    [
                        4.66737,
                        44.308386
                    ],
                    [
                        4.654837,
                        44.308575
                    ],
                    [
                        4.655099,
                        44.317575
                    ],
                    [
                        4.767911,
                        44.315819
                    ],
                    [
                        4.76763,
                        44.30682
                    ],
                    [
                        4.780162,
                        44.306618
                    ],
                    [
                        4.77988,
                        44.297619
                    ],
                    [
                        4.79241,
                        44.297415
                    ],
                    [
                        4.791273,
                        44.261419
                    ],
                    [
                        4.803795,
                        44.261214
                    ],
                    [
                        4.802651,
                        44.225219
                    ],
                    [
                        4.852706,
                        44.224386
                    ],
                    [
                        4.853,
                        44.233385
                    ],
                    [
                        4.865516,
                        44.233173
                    ],
                    [
                        4.865812,
                        44.242171
                    ],
                    [
                        4.878329,
                        44.241958
                    ],
                    [
                        4.878627,
                        44.250957
                    ],
                    [
                        4.928704,
                        44.250089
                    ],
                    [
                        4.92901,
                        44.259087
                    ],
                    [
                        4.954052,
                        44.258644
                    ],
                    [
                        4.954362,
                        44.267643
                    ],
                    [
                        4.979407,
                        44.267194
                    ],
                    [
                        4.979721,
                        44.276193
                    ],
                    [
                        5.017295,
                        44.275509
                    ],
                    [
                        5.017615,
                        44.284508
                    ],
                    [
                        5.030141,
                        44.284277
                    ],
                    [
                        5.030463,
                        44.293275
                    ],
                    [
                        5.055519,
                        44.29281
                    ],
                    [
                        5.055193,
                        44.283811
                    ],
                    [
                        5.067719,
                        44.283576
                    ],
                    [
                        5.067391,
                        44.274578
                    ],
                    [
                        5.117486,
                        44.273624
                    ],
                    [
                        5.117822,
                        44.282622
                    ],
                    [
                        5.142873,
                        44.282137
                    ],
                    [
                        5.142193,
                        44.264141
                    ],
                    [
                        5.154714,
                        44.263896
                    ],
                    [
                        5.154031,
                        44.2459
                    ],
                    [
                        5.141514,
                        44.246145
                    ],
                    [
                        5.140835,
                        44.22815
                    ],
                    [
                        5.153348,
                        44.227905
                    ],
                    [
                        5.153007,
                        44.218907
                    ],
                    [
                        5.165518,
                        44.218661
                    ],
                    [
                        5.165175,
                        44.209664
                    ],
                    [
                        5.252736,
                        44.207901
                    ],
                    [
                        5.253093,
                        44.216899
                    ],
                    [
                        5.278114,
                        44.216382
                    ],
                    [
                        5.277753,
                        44.207385
                    ],
                    [
                        5.290261,
                        44.207125
                    ],
                    [
                        5.289898,
                        44.198128
                    ],
                    [
                        5.352427,
                        44.196805
                    ],
                    [
                        5.3528,
                        44.205802
                    ],
                    [
                        5.365308,
                        44.205533
                    ],
                    [
                        5.364933,
                        44.196536
                    ],
                    [
                        5.377438,
                        44.196266
                    ],
                    [
                        5.375557,
                        44.151282
                    ],
                    [
                        5.388052,
                        44.151011
                    ],
                    [
                        5.387674,
                        44.142014
                    ],
                    [
                        5.400167,
                        44.141741
                    ],
                    [
                        5.400547,
                        44.150738
                    ],
                    [
                        5.413042,
                        44.150464
                    ],
                    [
                        5.41266,
                        44.141467
                    ],
                    [
                        5.425153,
                        44.141192
                    ],
                    [
                        5.424769,
                        44.132195
                    ],
                    [
                        5.43726,
                        44.131918
                    ],
                    [
                        5.436489,
                        44.113926
                    ],
                    [
                        5.486436,
                        44.112804
                    ],
                    [
                        5.511408,
                        44.112234
                    ],
                    [
                        5.523894,
                        44.111947
                    ],
                    [
                        5.524294,
                        44.120943
                    ],
                    [
                        5.549269,
                        44.120365
                    ],
                    [
                        5.550076,
                        44.138356
                    ],
                    [
                        5.575059,
                        44.137772
                    ],
                    [
                        5.575467,
                        44.146768
                    ],
                    [
                        5.58796,
                        44.146474
                    ],
                    [
                        5.58878,
                        44.164466
                    ],
                    [
                        5.576283,
                        44.16476
                    ],
                    [
                        5.577099,
                        44.182752
                    ],
                    [
                        5.602101,
                        44.182162
                    ],
                    [
                        5.601689,
                        44.173166
                    ],
                    [
                        5.626687,
                        44.17257
                    ],
                    [
                        5.62544,
                        44.145583
                    ],
                    [
                        5.687902,
                        44.144069
                    ],
                    [
                        5.689179,
                        44.171055
                    ],
                    [
                        5.651684,
                        44.171968
                    ],
                    [
                        5.652104,
                        44.180964
                    ],
                    [
                        5.664605,
                        44.180661
                    ],
                    [
                        5.689605,
                        44.180051
                    ],
                    [
                        5.690457,
                        44.198042
                    ],
                    [
                        5.69259,
                        44.243021
                    ],
                    [
                        5.680076,
                        44.243327
                    ],
                    [
                        5.680501,
                        44.252323
                    ],
                    [
                        5.693017,
                        44.252017
                    ],
                    [
                        5.694299,
                        44.279005
                    ],
                    [
                        5.64421,
                        44.280222
                    ],
                    [
                        5.644629,
                        44.289218
                    ],
                    [
                        5.657154,
                        44.288916
                    ],
                    [
                        5.657576,
                        44.297912
                    ],
                    [
                        5.645049,
                        44.298214
                    ],
                    [
                        5.645469,
                        44.30721
                    ],
                    [
                        5.632941,
                        44.307511
                    ],
                    [
                        5.633777,
                        44.325504
                    ],
                    [
                        5.646309,
                        44.325203
                    ],
                    [
                        5.646729,
                        44.334199
                    ],
                    [
                        5.634195,
                        44.3345
                    ],
                    [
                        5.634613,
                        44.343497
                    ],
                    [
                        5.597003,
                        44.344391
                    ],
                    [
                        5.596591,
                        44.335395
                    ],
                    [
                        5.571521,
                        44.335984
                    ],
                    [
                        5.571929,
                        44.34498
                    ],
                    [
                        5.534317,
                        44.345853
                    ],
                    [
                        5.53472,
                        44.35485
                    ],
                    [
                        5.472021,
                        44.356277
                    ],
                    [
                        5.472806,
                        44.374271
                    ],
                    [
                        5.447718,
                        44.374832
                    ],
                    [
                        5.449275,
                        44.410822
                    ],
                    [
                        5.436723,
                        44.4111
                    ],
                    [
                        5.437498,
                        44.429095
                    ],
                    [
                        5.450054,
                        44.428817
                    ],
                    [
                        5.449664,
                        44.419819
                    ],
                    [
                        5.462219,
                        44.419539
                    ],
                    [
                        5.461827,
                        44.410542
                    ],
                    [
                        5.486931,
                        44.409978
                    ],
                    [
                        5.487327,
                        44.418975
                    ],
                    [
                        5.499881,
                        44.418691
                    ],
                    [
                        5.500278,
                        44.427688
                    ],
                    [
                        5.512834,
                        44.427403
                    ],
                    [
                        5.513634,
                        44.445397
                    ],
                    [
                        5.475954,
                        44.44625
                    ],
                    [
                        5.477531,
                        44.482241
                    ],
                    [
                        5.54037,
                        44.480811
                    ],
                    [
                        5.539965,
                        44.471813
                    ],
                    [
                        5.565096,
                        44.471232
                    ],
                    [
                        5.564688,
                        44.462234
                    ],
                    [
                        5.627502,
                        44.460755
                    ],
                    [
                        5.629176,
                        44.496743
                    ],
                    [
                        5.679456,
                        44.495533
                    ],
                    [
                        5.679883,
                        44.50453
                    ],
                    [
                        5.667311,
                        44.504835
                    ],
                    [
                        5.668161,
                        44.522829
                    ],
                    [
                        5.655585,
                        44.523132
                    ],
                    [
                        5.656008,
                        44.532129
                    ],
                    [
                        5.64343,
                        44.532431
                    ],
                    [
                        5.643851,
                        44.541429
                    ],
                    [
                        5.606109,
                        44.542326
                    ],
                    [
                        5.60694,
                        44.560321
                    ],
                    [
                        5.619525,
                        44.560023
                    ],
                    [
                        5.620361,
                        44.578018
                    ],
                    [
                        5.632949,
                        44.577719
                    ],
                    [
                        5.633789,
                        44.595714
                    ],
                    [
                        5.646382,
                        44.595413
                    ],
                    [
                        5.646804,
                        44.60441
                    ],
                    [
                        5.659398,
                        44.604108
                    ],
                    [
                        5.660672,
                        44.6311
                    ],
                    [
                        5.648072,
                        44.631403
                    ],
                    [
                        5.648494,
                        44.6404
                    ],
                    [
                        5.711505,
                        44.638873
                    ],
                    [
                        5.711072,
                        44.629876
                    ],
                    [
                        5.736271,
                        44.629255
                    ],
                    [
                        5.736708,
                        44.638252
                    ],
                    [
                        5.761911,
                        44.637625
                    ],
                    [
                        5.762352,
                        44.646622
                    ],
                    [
                        5.800161,
                        44.645671
                    ],
                    [
                        5.801055,
                        44.663665
                    ],
                    [
                        5.813662,
                        44.663345
                    ],
                    [
                        5.814111,
                        44.672342
                    ],
                    [
                        5.82672,
                        44.672021
                    ],
                    [
                        5.827172,
                        44.681018
                    ],
                    [
                        5.839782,
                        44.680695
                    ],
                    [
                        5.841144,
                        44.707686
                    ],
                    [
                        5.815911,
                        44.708331
                    ],
                    [
                        5.816361,
                        44.717328
                    ],
                    [
                        5.828979,
                        44.717006
                    ],
                    [
                        5.829884,
                        44.735001
                    ],
                    [
                        5.842507,
                        44.734677
                    ],
                    [
                        5.842962,
                        44.743675
                    ],
                    [
                        5.893458,
                        44.742367
                    ],
                    [
                        5.893921,
                        44.751364
                    ],
                    [
                        5.906547,
                        44.751033
                    ],
                    [
                        5.906082,
                        44.742036
                    ],
                    [
                        5.931329,
                        44.741371
                    ],
                    [
                        5.931798,
                        44.750368
                    ],
                    [
                        5.957049,
                        44.749696
                    ],
                    [
                        5.957995,
                        44.76769
                    ],
                    [
                        5.983253,
                        44.767013
                    ],
                    [
                        5.985164,
                        44.802999
                    ],
                    [
                        5.972527,
                        44.803339
                    ],
                    [
                        5.973003,
                        44.812336
                    ],
                    [
                        6.010919,
                        44.811313
                    ],
                    [
                        6.011402,
                        44.820309
                    ],
                    [
                        6.036683,
                        44.81962
                    ],
                    [
                        6.036196,
                        44.810623
                    ],
                    [
                        6.074111,
                        44.809579
                    ],
                    [
                        6.074603,
                        44.818575
                    ],
                    [
                        6.087243,
                        44.818224
                    ],
                    [
                        6.087737,
                        44.82722
                    ],
                    [
                        6.100379,
                        44.826867
                    ],
                    [
                        6.100876,
                        44.835864
                    ],
                    [
                        6.126163,
                        44.835154
                    ],
                    [
                        6.127165,
                        44.853147
                    ],
                    [
                        6.152459,
                        44.852431
                    ],
                    [
                        6.151954,
                        44.843435
                    ],
                    [
                        6.177244,
                        44.842713
                    ],
                    [
                        6.177753,
                        44.851709
                    ],
                    [
                        6.215692,
                        44.850616
                    ],
                    [
                        6.215177,
                        44.84162
                    ],
                    [
                        6.240465,
                        44.840884
                    ],
                    [
                        6.240984,
                        44.84988
                    ],
                    [
                        6.266276,
                        44.849138
                    ],
                    [
                        6.266799,
                        44.858134
                    ],
                    [
                        6.279447,
                        44.857761
                    ],
                    [
                        6.279972,
                        44.866756
                    ],
                    [
                        6.305271,
                        44.866006
                    ],
                    [
                        6.304212,
                        44.848015
                    ],
                    [
                        6.329501,
                        44.847259
                    ],
                    [
                        6.328968,
                        44.838263
                    ],
                    [
                        6.341611,
                        44.837883
                    ],
                    [
                        6.342146,
                        44.846878
                    ],
                    [
                        6.367435,
                        44.846114
                    ],
                    [
                        6.369054,
                        44.873099
                    ],
                    [
                        6.356404,
                        44.873482
                    ],
                    [
                        6.356942,
                        44.882478
                    ],
                    [
                        6.369594,
                        44.882094
                    ],
                    [
                        6.37338,
                        44.945062
                    ],
                    [
                        6.360714,
                        44.945445
                    ],
                    [
                        6.361253,
                        44.954441
                    ],
                    [
                        6.335916,
                        44.955204
                    ],
                    [
                        6.337523,
                        44.982191
                    ],
                    [
                        6.324848,
                        44.982571
                    ],
                    [
                        6.325382,
                        44.991567
                    ],
                    [
                        6.338059,
                        44.991187
                    ],
                    [
                        6.338595,
                        45.000182
                    ],
                    [
                        6.325916,
                        45.000562
                    ],
                    [
                        6.326451,
                        45.009558
                    ],
                    [
                        6.263042,
                        45.011436
                    ],
                    [
                        6.262517,
                        45.00244
                    ],
                    [
                        6.237157,
                        45.003181
                    ],
                    [
                        6.237677,
                        45.012177
                    ],
                    [
                        6.212312,
                        45.012912
                    ],
                    [
                        6.213861,
                        45.039901
                    ],
                    [
                        6.22655,
                        45.039534
                    ],
                    [
                        6.227588,
                        45.057527
                    ],
                    [
                        6.240281,
                        45.057158
                    ],
                    [
                        6.240802,
                        45.066155
                    ],
                    [
                        6.253497,
                        45.065784
                    ],
                    [
                        6.254544,
                        45.083777
                    ],
                    [
                        6.241845,
                        45.084147
                    ],
                    [
                        6.24341,
                        45.111136
                    ],
                    [
                        6.256115,
                        45.110766
                    ],
                    [
                        6.26882,
                        45.110394
                    ],
                    [
                        6.281525,
                        45.110021
                    ],
                    [
                        6.280996,
                        45.101024
                    ],
                    [
                        6.319103,
                        45.099896
                    ],
                    [
                        6.319637,
                        45.108892
                    ],
                    [
                        6.345045,
                        45.108132
                    ],
                    [
                        6.344506,
                        45.099136
                    ],
                    [
                        6.357208,
                        45.098754
                    ],
                    [
                        6.355048,
                        45.062771
                    ],
                    [
                        6.380434,
                        45.062003
                    ],
                    [
                        6.37989,
                        45.053008
                    ],
                    [
                        6.443342,
                        45.051063
                    ],
                    [
                        6.442789,
                        45.042068
                    ],
                    [
                        6.455476,
                        45.041675
                    ],
                    [
                        6.456032,
                        45.05067
                    ],
                    [
                        6.494101,
                        45.049482
                    ],
                    [
                        6.496912,
                        45.094457
                    ],
                    [
                        6.560407,
                        45.092446
                    ],
                    [
                        6.56098,
                        45.101441
                    ],
                    [
                        6.573681,
                        45.101034
                    ],
                    [
                        6.574256,
                        45.110029
                    ],
                    [
                        6.625064,
                        45.108388
                    ],
                    [
                        6.624481,
                        45.099393
                    ],
                    [
                        6.63718,
                        45.098979
                    ],
                    [
                        6.649879,
                        45.098564
                    ],
                    [
                        6.650467,
                        45.107558
                    ],
                    [
                        6.675869,
                        45.106723
                    ],
                    [
                        6.676461,
                        45.115717
                    ],
                    [
                        6.689164,
                        45.115298
                    ],
                    [
                        6.690352,
                        45.133286
                    ],
                    [
                        6.766589,
                        45.130736
                    ],
                    [
                        6.767803,
                        45.148724
                    ],
                    [
                        6.793222,
                        45.147862
                    ],
                    [
                        6.792611,
                        45.138868
                    ],
                    [
                        6.818025,
                        45.138001
                    ],
                    [
                        6.817411,
                        45.129007
                    ],
                    [
                        6.830115,
                        45.128571
                    ],
                    [
                        6.829499,
                        45.119578
                    ],
                    [
                        6.867606,
                        45.118262
                    ],
                    [
                        6.868229,
                        45.127255
                    ],
                    [
                        6.90634,
                        45.125926
                    ],
                    [
                        6.908228,
                        45.152905
                    ],
                    [
                        6.920937,
                        45.152459
                    ],
                    [
                        6.921569,
                        45.161452
                    ],
                    [
                        6.959702,
                        45.160104
                    ],
                    [
                        6.961617,
                        45.187083
                    ],
                    [
                        6.974334,
                        45.18663
                    ],
                    [
                        6.974975,
                        45.195623
                    ],
                    [
                        6.987693,
                        45.195169
                    ],
                    [
                        6.988336,
                        45.204162
                    ],
                    [
                        7.039217,
                        45.202332
                    ],
                    [
                        7.039868,
                        45.211324
                    ],
                    [
                        7.05259,
                        45.210863
                    ],
                    [
                        7.051937,
                        45.201871
                    ],
                    [
                        7.090095,
                        45.200479
                    ],
                    [
                        7.091414,
                        45.218463
                    ],
                    [
                        7.104137,
                        45.217996
                    ],
                    [
                        7.104799,
                        45.226988
                    ],
                    [
                        7.117524,
                        45.22652
                    ],
                    [
                        7.118188,
                        45.235512
                    ],
                    [
                        7.143641,
                        45.23457
                    ],
                    [
                        7.148325,
                        45.297513
                    ],
                    [
                        7.135584,
                        45.297985
                    ],
                    [
                        7.137589,
                        45.324962
                    ],
                    [
                        7.150336,
                        45.324489
                    ],
                    [
                        7.151678,
                        45.342473
                    ],
                    [
                        7.164428,
                        45.341999
                    ],
                    [
                        7.165101,
                        45.350991
                    ],
                    [
                        7.177854,
                        45.350516
                    ],
                    [
                        7.179881,
                        45.377491
                    ],
                    [
                        7.19264,
                        45.377014
                    ],
                    [
                        7.195354,
                        45.412981
                    ],
                    [
                        7.182587,
                        45.413459
                    ],
                    [
                        7.183264,
                        45.422451
                    ],
                    [
                        7.170495,
                        45.422927
                    ],
                    [
                        7.17117,
                        45.431919
                    ],
                    [
                        7.132855,
                        45.433339
                    ],
                    [
                        7.134194,
                        45.451323
                    ],
                    [
                        7.121418,
                        45.451794
                    ],
                    [
                        7.123421,
                        45.478771
                    ],
                    [
                        7.07229,
                        45.480639
                    ],
                    [
                        7.07361,
                        45.498625
                    ],
                    [
                        7.060823,
                        45.499088
                    ],
                    [
                        7.061481,
                        45.508081
                    ],
                    [
                        7.023111,
                        45.509463
                    ],
                    [
                        7.024416,
                        45.527449
                    ],
                    [
                        7.011621,
                        45.527907
                    ],
                    [
                        7.013574,
                        45.554887
                    ],
                    [
                        7.000773,
                        45.555343
                    ],
                    [
                        7.001422,
                        45.564337
                    ],
                    [
                        7.014225,
                        45.56388
                    ],
                    [
                        7.014877,
                        45.572873
                    ],
                    [
                        7.002072,
                        45.57333
                    ],
                    [
                        7.003371,
                        45.591316
                    ],
                    [
                        6.990562,
                        45.591772
                    ],
                    [
                        6.991858,
                        45.609758
                    ],
                    [
                        7.004672,
                        45.609303
                    ],
                    [
                        7.005973,
                        45.627289
                    ],
                    [
                        7.018791,
                        45.626832
                    ],
                    [
                        7.020097,
                        45.644818
                    ],
                    [
                        7.007275,
                        45.645275
                    ],
                    [
                        7.007926,
                        45.654269
                    ],
                    [
                        6.982278,
                        45.655179
                    ],
                    [
                        6.982926,
                        45.664173
                    ],
                    [
                        6.944446,
                        45.665528
                    ],
                    [
                        6.943804,
                        45.656535
                    ],
                    [
                        6.930979,
                        45.656984
                    ],
                    [
                        6.931619,
                        45.665977
                    ],
                    [
                        6.918791,
                        45.666425
                    ],
                    [
                        6.920066,
                        45.684412
                    ],
                    [
                        6.907234,
                        45.684858
                    ],
                    [
                        6.90787,
                        45.693852
                    ],
                    [
                        6.895036,
                        45.694297
                    ],
                    [
                        6.894402,
                        45.685303
                    ],
                    [
                        6.88157,
                        45.685746
                    ],
                    [
                        6.882202,
                        45.69474
                    ],
                    [
                        6.856533,
                        45.695622
                    ],
                    [
                        6.85716,
                        45.704616
                    ],
                    [
                        6.844323,
                        45.705055
                    ],
                    [
                        6.844949,
                        45.71405
                    ],
                    [
                        6.83211,
                        45.714487
                    ],
                    [
                        6.834606,
                        45.750464
                    ],
                    [
                        6.821758,
                        45.750901
                    ],
                    [
                        6.823626,
                        45.777884
                    ],
                    [
                        6.810772,
                        45.778319
                    ],
                    [
                        6.811393,
                        45.787313
                    ],
                    [
                        6.78568,
                        45.788179
                    ],
                    [
                        6.785063,
                        45.779185
                    ],
                    [
                        6.759353,
                        45.780045
                    ],
                    [
                        6.758741,
                        45.77105
                    ],
                    [
                        6.745888,
                        45.771478
                    ],
                    [
                        6.745278,
                        45.762483
                    ],
                    [
                        6.732426,
                        45.762909
                    ],
                    [
                        6.731211,
                        45.744919
                    ],
                    [
                        6.718364,
                        45.745344
                    ],
                    [
                        6.717758,
                        45.736349
                    ],
                    [
                        6.704913,
                        45.736772
                    ],
                    [
                        6.70612,
                        45.754762
                    ],
                    [
                        6.69327,
                        45.755184
                    ],
                    [
                        6.695075,
                        45.782169
                    ],
                    [
                        6.682219,
                        45.78259
                    ],
                    [
                        6.682819,
                        45.791585
                    ],
                    [
                        6.669961,
                        45.792004
                    ],
                    [
                        6.671157,
                        45.809994
                    ],
                    [
                        6.632568,
                        45.811243
                    ],
                    [
                        6.631976,
                        45.802248
                    ],
                    [
                        6.593392,
                        45.803483
                    ],
                    [
                        6.594564,
                        45.821474
                    ],
                    [
                        6.568831,
                        45.822291
                    ],
                    [
                        6.569413,
                        45.831287
                    ],
                    [
                        6.556545,
                        45.831693
                    ],
                    [
                        6.558286,
                        45.85868
                    ],
                    [
                        6.571161,
                        45.858274
                    ],
                    [
                        6.571743,
                        45.86727
                    ],
                    [
                        6.58462,
                        45.866862
                    ],
                    [
                        6.58579,
                        45.884853
                    ],
                    [
                        6.572909,
                        45.885261
                    ],
                    [
                        6.573493,
                        45.894257
                    ],
                    [
                        6.56061,
                        45.894663
                    ],
                    [
                        6.561191,
                        45.903659
                    ],
                    [
                        6.522534,
                        45.90487
                    ],
                    [
                        6.523109,
                        45.913866
                    ],
                    [
                        6.497333,
                        45.914667
                    ],
                    [
                        6.496191,
                        45.896675
                    ],
                    [
                        6.470422,
                        45.897469
                    ],
                    [
                        6.469856,
                        45.888473
                    ],
                    [
                        6.456973,
                        45.888867
                    ],
                    [
                        6.455845,
                        45.870875
                    ],
                    [
                        6.442966,
                        45.871268
                    ],
                    [
                        6.44072,
                        45.835283
                    ],
                    [
                        6.427849,
                        45.835674
                    ],
                    [
                        6.426732,
                        45.817681
                    ],
                    [
                        6.413865,
                        45.818071
                    ],
                    [
                        6.412752,
                        45.800078
                    ],
                    [
                        6.387028,
                        45.800853
                    ],
                    [
                        6.385924,
                        45.78286
                    ],
                    [
                        6.360206,
                        45.783629
                    ],
                    [
                        6.358018,
                        45.747642
                    ],
                    [
                        6.345167,
                        45.748024
                    ],
                    [
                        6.344078,
                        45.730031
                    ],
                    [
                        6.331232,
                        45.730411
                    ],
                    [
                        6.329606,
                        45.703421
                    ],
                    [
                        6.303924,
                        45.704177
                    ],
                    [
                        6.303387,
                        45.69518
                    ],
                    [
                        6.252031,
                        45.696675
                    ],
                    [
                        6.251502,
                        45.687678
                    ],
                    [
                        6.238665,
                        45.688048
                    ],
                    [
                        6.240246,
                        45.715039
                    ],
                    [
                        6.201714,
                        45.716141
                    ],
                    [
                        6.203278,
                        45.743133
                    ],
                    [
                        6.190427,
                        45.743498
                    ],
                    [
                        6.190947,
                        45.752495
                    ],
                    [
                        6.178094,
                        45.752859
                    ],
                    [
                        6.178612,
                        45.761856
                    ],
                    [
                        6.152902,
                        45.762578
                    ],
                    [
                        6.153415,
                        45.771576
                    ],
                    [
                        6.1277,
                        45.772292
                    ],
                    [
                        6.127191,
                        45.763294
                    ],
                    [
                        6.114335,
                        45.76365
                    ],
                    [
                        6.114842,
                        45.772648
                    ],
                    [
                        6.089126,
                        45.773355
                    ],
                    [
                        6.087617,
                        45.746361
                    ],
                    [
                        6.074765,
                        45.746712
                    ],
                    [
                        6.075266,
                        45.75571
                    ],
                    [
                        6.036702,
                        45.756756
                    ],
                    [
                        6.036208,
                        45.747757
                    ],
                    [
                        6.023355,
                        45.748103
                    ],
                    [
                        6.023848,
                        45.757101
                    ],
                    [
                        6.010993,
                        45.757445
                    ],
                    [
                        6.011483,
                        45.766443
                    ],
                    [
                        5.998626,
                        45.766786
                    ],
                    [
                        5.999115,
                        45.775784
                    ],
                    [
                        5.986255,
                        45.776126
                    ],
                    [
                        5.987716,
                        45.803121
                    ],
                    [
                        5.97485,
                        45.803461
                    ],
                    [
                        5.97582,
                        45.821458
                    ],
                    [
                        5.924338,
                        45.822803
                    ],
                    [
                        5.923861,
                        45.813805
                    ],
                    [
                        5.910992,
                        45.814137
                    ],
                    [
                        5.911942,
                        45.832135
                    ],
                    [
                        5.886196,
                        45.832796
                    ],
                    [
                        5.888551,
                        45.87779
                    ],
                    [
                        5.875667,
                        45.878119
                    ],
                    [
                        5.878487,
                        45.932113
                    ],
                    [
                        5.86559,
                        45.93244
                    ],
                    [
                        5.866058,
                        45.941439
                    ],
                    [
                        5.84026,
                        45.94209
                    ],
                    [
                        5.842583,
                        45.987085
                    ],
                    [
                        5.816764,
                        45.98773
                    ],
                    [
                        5.821841,
                        46.086721
                    ],
                    [
                        5.847707,
                        46.086075
                    ],
                    [
                        5.84724,
                        46.077076
                    ],
                    [
                        5.898962,
                        46.075766
                    ],
                    [
                        5.900863,
                        46.111761
                    ],
                    [
                        5.913802,
                        46.111429
                    ],
                    [
                        5.914279,
                        46.120428
                    ],
                    [
                        5.9531,
                        46.119425
                    ],
                    [
                        5.953585,
                        46.128423
                    ],
                    [
                        5.979469,
                        46.127747
                    ],
                    [
                        5.980446,
                        46.145744
                    ],
                    [
                        5.980935,
                        46.154742
                    ],
                    [
                        5.981424,
                        46.163741
                    ],
                    [
                        5.994375,
                        46.1634
                    ],
                    [
                        5.994866,
                        46.172398
                    ],
                    [
                        6.007818,
                        46.172056
                    ],
                    [
                        6.008806,
                        46.190053
                    ],
                    [
                        5.995849,
                        46.190395
                    ],
                    [
                        5.996341,
                        46.199394
                    ],
                    [
                        5.983382,
                        46.199734
                    ],
                    [
                        5.983872,
                        46.208733
                    ],
                    [
                        5.996833,
                        46.208392
                    ],
                    [
                        5.997326,
                        46.21739
                    ],
                    [
                        6.023251,
                        46.216704
                    ],
                    [
                        6.023748,
                        46.225702
                    ],
                    [
                        6.062641,
                        46.224661
                    ],
                    [
                        6.063145,
                        46.233659
                    ],
                    [
                        6.115009,
                        46.23225
                    ],
                    [
                        6.115521,
                        46.241248
                    ],
                    [
                        6.128488,
                        46.240892
                    ],
                    [
                        6.130031,
                        46.267885
                    ],
                    [
                        6.117057,
                        46.268242
                    ],
                    [
                        6.118082,
                        46.286237
                    ],
                    [
                        6.131061,
                        46.285881
                    ],
                    [
                        6.133122,
                        46.321871
                    ],
                    [
                        6.146109,
                        46.321514
                    ],
                    [
                        6.146626,
                        46.330511
                    ],
                    [
                        6.159615,
                        46.330152
                    ],
                    [
                        6.160655,
                        46.348147
                    ],
                    [
                        6.173648,
                        46.347786
                    ],
                    [
                        6.17574,
                        46.383775
                    ],
                    [
                        6.149737,
                        46.384496
                    ],
                    [
                        6.150256,
                        46.393494
                    ],
                    [
                        6.137252,
                        46.393852
                    ],
                    [
                        6.137769,
                        46.40285
                    ],
                    [
                        6.111756,
                        46.403562
                    ],
                    [
                        6.112269,
                        46.41256
                    ],
                    [
                        6.099261,
                        46.412914
                    ],
                    [
                        6.099771,
                        46.421912
                    ],
                    [
                        6.086761,
                        46.422264
                    ]
                ]
            ],
            [
                [
                    [
                        6.629266,
                        43.801611
                    ],
                    [
                        6.629837,
                        43.8106
                    ],
                    [
                        6.580182,
                        43.812243
                    ],
                    [
                        6.579619,
                        43.803253
                    ],
                    [
                        6.567206,
                        43.80366
                    ],
                    [
                        6.566645,
                        43.794671
                    ],
                    [
                        6.541824,
                        43.795481
                    ],
                    [
                        6.542939,
                        43.81346
                    ],
                    [
                        6.505694,
                        43.814665
                    ],
                    [
                        6.505142,
                        43.805675
                    ],
                    [
                        6.492729,
                        43.806073
                    ],
                    [
                        6.49218,
                        43.797083
                    ],
                    [
                        6.479768,
                        43.79748
                    ],
                    [
                        6.480315,
                        43.806471
                    ],
                    [
                        6.43066,
                        43.808045
                    ],
                    [
                        6.43012,
                        43.799055
                    ],
                    [
                        6.405295,
                        43.799834
                    ],
                    [
                        6.402619,
                        43.754882
                    ],
                    [
                        6.390216,
                        43.755269
                    ],
                    [
                        6.389683,
                        43.746279
                    ],
                    [
                        6.340077,
                        43.747812
                    ],
                    [
                        6.340602,
                        43.756803
                    ],
                    [
                        6.328198,
                        43.757182
                    ],
                    [
                        6.328721,
                        43.766173
                    ],
                    [
                        6.303909,
                        43.766929
                    ],
                    [
                        6.304429,
                        43.775919
                    ],
                    [
                        6.279612,
                        43.77667
                    ],
                    [
                        6.280128,
                        43.785661
                    ],
                    [
                        6.267717,
                        43.786034
                    ],
                    [
                        6.268745,
                        43.804016
                    ],
                    [
                        6.194256,
                        43.806225
                    ],
                    [
                        6.193251,
                        43.788242
                    ],
                    [
                        6.180839,
                        43.788605
                    ],
                    [
                        6.180339,
                        43.779614
                    ],
                    [
                        6.167929,
                        43.779975
                    ],
                    [
                        6.167431,
                        43.770984
                    ],
                    [
                        6.155023,
                        43.771344
                    ],
                    [
                        6.154527,
                        43.762352
                    ],
                    [
                        6.142121,
                        43.762711
                    ],
                    [
                        6.141627,
                        43.75372
                    ],
                    [
                        6.104413,
                        43.754787
                    ],
                    [
                        6.103925,
                        43.745795
                    ],
                    [
                        6.091522,
                        43.746148
                    ],
                    [
                        6.091036,
                        43.737157
                    ],
                    [
                        6.078635,
                        43.737508
                    ],
                    [
                        6.077668,
                        43.719525
                    ],
                    [
                        6.065271,
                        43.719875
                    ],
                    [
                        6.064789,
                        43.710883
                    ],
                    [
                        6.052393,
                        43.711232
                    ],
                    [
                        6.051914,
                        43.70224
                    ],
                    [
                        6.027126,
                        43.702933
                    ],
                    [
                        6.026176,
                        43.68495
                    ],
                    [
                        6.013785,
                        43.685294
                    ],
                    [
                        6.014259,
                        43.694285
                    ],
                    [
                        6.001866,
                        43.694628
                    ],
                    [
                        6.002338,
                        43.70362
                    ],
                    [
                        5.989943,
                        43.703961
                    ],
                    [
                        5.990883,
                        43.721945
                    ],
                    [
                        5.978484,
                        43.722285
                    ],
                    [
                        5.978952,
                        43.731277
                    ],
                    [
                        5.954151,
                        43.731953
                    ],
                    [
                        5.955079,
                        43.749937
                    ],
                    [
                        5.942675,
                        43.750273
                    ],
                    [
                        5.943137,
                        43.759266
                    ],
                    [
                        5.893509,
                        43.760596
                    ],
                    [
                        5.892145,
                        43.733618
                    ],
                    [
                        5.85494,
                        43.7346
                    ],
                    [
                        5.855388,
                        43.743593
                    ],
                    [
                        5.842984,
                        43.743918
                    ],
                    [
                        5.843431,
                        43.75291
                    ],
                    [
                        5.806212,
                        43.753876
                    ],
                    [
                        5.806654,
                        43.762869
                    ],
                    [
                        5.769428,
                        43.763822
                    ],
                    [
                        5.768557,
                        43.745836
                    ],
                    [
                        5.756152,
                        43.74615
                    ],
                    [
                        5.755719,
                        43.737157
                    ],
                    [
                        5.743316,
                        43.737471
                    ],
                    [
                        5.742885,
                        43.728478
                    ],
                    [
                        5.730484,
                        43.728789
                    ],
                    [
                        5.730055,
                        43.719796
                    ],
                    [
                        5.717655,
                        43.720107
                    ],
                    [
                        5.716802,
                        43.702121
                    ],
                    [
                        5.704406,
                        43.70243
                    ],
                    [
                        5.703981,
                        43.693437
                    ],
                    [
                        5.691587,
                        43.693744
                    ],
                    [
                        5.69201,
                        43.702737
                    ],
                    [
                        5.667218,
                        43.703348
                    ],
                    [
                        5.666799,
                        43.694355
                    ],
                    [
                        5.654405,
                        43.694658
                    ],
                    [
                        5.653988,
                        43.685665
                    ],
                    [
                        5.641596,
                        43.685966
                    ],
                    [
                        5.641181,
                        43.676973
                    ],
                    [
                        5.616399,
                        43.677572
                    ],
                    [
                        5.61681,
                        43.686565
                    ],
                    [
                        5.579631,
                        43.687453
                    ],
                    [
                        5.580036,
                        43.696447
                    ],
                    [
                        5.567641,
                        43.69674
                    ],
                    [
                        5.568044,
                        43.705734
                    ],
                    [
                        5.555647,
                        43.706025
                    ],
                    [
                        5.556048,
                        43.715019
                    ],
                    [
                        5.531249,
                        43.715599
                    ],
                    [
                        5.531647,
                        43.724592
                    ],
                    [
                        5.519245,
                        43.72488
                    ],
                    [
                        5.519641,
                        43.733874
                    ],
                    [
                        5.48243,
                        43.734729
                    ],
                    [
                        5.48204,
                        43.725735
                    ],
                    [
                        5.457235,
                        43.726298
                    ],
                    [
                        5.456849,
                        43.717304
                    ],
                    [
                        5.444449,
                        43.717583
                    ],
                    [
                        5.443298,
                        43.690601
                    ],
                    [
                        5.430903,
                        43.690879
                    ],
                    [
                        5.431285,
                        43.699873
                    ],
                    [
                        5.406491,
                        43.700424
                    ],
                    [
                        5.406869,
                        43.709418
                    ],
                    [
                        5.382071,
                        43.709964
                    ],
                    [
                        5.382445,
                        43.718958
                    ],
                    [
                        5.357643,
                        43.719498
                    ],
                    [
                        5.358013,
                        43.728492
                    ],
                    [
                        5.333207,
                        43.729027
                    ],
                    [
                        5.333573,
                        43.738021
                    ],
                    [
                        5.321168,
                        43.738287
                    ],
                    [
                        5.321533,
                        43.747281
                    ],
                    [
                        5.259494,
                        43.748586
                    ],
                    [
                        5.259849,
                        43.757581
                    ],
                    [
                        5.222619,
                        43.758347
                    ],
                    [
                        5.22227,
                        43.749352
                    ],
                    [
                        5.197453,
                        43.749856
                    ],
                    [
                        5.197107,
                        43.740861
                    ],
                    [
                        5.172294,
                        43.741359
                    ],
                    [
                        5.172635,
                        43.750354
                    ],
                    [
                        5.160226,
                        43.7506
                    ],
                    [
                        5.160566,
                        43.759596
                    ],
                    [
                        5.135744,
                        43.760085
                    ],
                    [
                        5.13608,
                        43.769081
                    ],
                    [
                        5.111254,
                        43.769565
                    ],
                    [
                        5.111586,
                        43.77856
                    ],
                    [
                        5.086755,
                        43.779038
                    ],
                    [
                        5.087083,
                        43.788034
                    ],
                    [
                        5.062249,
                        43.788507
                    ],
                    [
                        5.062573,
                        43.797503
                    ],
                    [
                        5.050153,
                        43.797737
                    ],
                    [
                        5.051121,
                        43.824724
                    ],
                    [
                        5.038696,
                        43.824957
                    ],
                    [
                        5.039017,
                        43.833953
                    ],
                    [
                        5.026589,
                        43.834185
                    ],
                    [
                        5.026908,
                        43.843181
                    ],
                    [
                        5.014479,
                        43.843411
                    ],
                    [
                        5.014796,
                        43.852408
                    ],
                    [
                        5.002364,
                        43.852636
                    ],
                    [
                        5.00268,
                        43.861633
                    ],
                    [
                        4.990246,
                        43.86186
                    ],
                    [
                        4.99056,
                        43.870857
                    ],
                    [
                        4.978124,
                        43.871083
                    ],
                    [
                        4.978435,
                        43.880079
                    ],
                    [
                        4.95356,
                        43.880527
                    ],
                    [
                        4.953867,
                        43.889524
                    ],
                    [
                        4.904107,
                        43.890403
                    ],
                    [
                        4.904407,
                        43.8994
                    ],
                    [
                        4.891965,
                        43.899616
                    ],
                    [
                        4.892263,
                        43.908613
                    ],
                    [
                        4.867374,
                        43.909041
                    ],
                    [
                        4.867668,
                        43.918038
                    ],
                    [
                        4.792988,
                        43.91929
                    ],
                    [
                        4.793271,
                        43.928287
                    ],
                    [
                        4.755923,
                        43.928894
                    ],
                    [
                        4.731025,
                        43.929291
                    ],
                    [
                        4.730752,
                        43.920294
                    ],
                    [
                        4.718304,
                        43.92049
                    ],
                    [
                        4.718033,
                        43.911493
                    ],
                    [
                        4.705588,
                        43.911688
                    ],
                    [
                        4.705319,
                        43.902691
                    ],
                    [
                        4.680431,
                        43.903077
                    ],
                    [
                        4.679902,
                        43.885082
                    ],
                    [
                        4.642581,
                        43.88565
                    ],
                    [
                        4.642323,
                        43.876653
                    ],
                    [
                        4.629884,
                        43.876839
                    ],
                    [
                        4.628089,
                        43.813859
                    ],
                    [
                        4.640514,
                        43.813673
                    ],
                    [
                        4.639482,
                        43.777685
                    ],
                    [
                        4.627065,
                        43.777871
                    ],
                    [
                        4.626809,
                        43.768875
                    ],
                    [
                        4.614394,
                        43.769059
                    ],
                    [
                        4.613633,
                        43.742069
                    ],
                    [
                        4.601224,
                        43.742252
                    ],
                    [
                        4.600218,
                        43.706266
                    ],
                    [
                        4.612619,
                        43.706083
                    ],
                    [
                        4.612366,
                        43.697087
                    ],
                    [
                        4.587567,
                        43.697451
                    ],
                    [
                        4.587816,
                        43.706448
                    ],
                    [
                        4.550611,
                        43.706984
                    ],
                    [
                        4.550855,
                        43.715981
                    ],
                    [
                        4.526048,
                        43.716331
                    ],
                    [
                        4.525808,
                        43.707335
                    ],
                    [
                        4.4762,
                        43.708019
                    ],
                    [
                        4.475968,
                        43.699022
                    ],
                    [
                        4.463568,
                        43.69919
                    ],
                    [
                        4.462878,
                        43.6722
                    ],
                    [
                        4.438089,
                        43.67253
                    ],
                    [
                        4.437638,
                        43.654537
                    ],
                    [
                        4.425247,
                        43.6547
                    ],
                    [
                        4.424577,
                        43.627711
                    ],
                    [
                        4.412192,
                        43.627873
                    ],
                    [
                        4.41197,
                        43.618876
                    ],
                    [
                        4.424353,
                        43.618715
                    ],
                    [
                        4.42413,
                        43.609719
                    ],
                    [
                        4.436511,
                        43.609556
                    ],
                    [
                        4.436286,
                        43.600559
                    ],
                    [
                        4.448665,
                        43.600395
                    ],
                    [
                        4.448438,
                        43.591399
                    ],
                    [
                        4.411306,
                        43.591888
                    ],
                    [
                        4.411085,
                        43.582892
                    ],
                    [
                        4.39871,
                        43.583052
                    ],
                    [
                        4.398271,
                        43.56506
                    ],
                    [
                        4.373528,
                        43.565375
                    ],
                    [
                        4.373313,
                        43.556379
                    ],
                    [
                        4.323834,
                        43.556994
                    ],
                    [
                        4.324041,
                        43.56599
                    ],
                    [
                        4.311669,
                        43.56614
                    ],
                    [
                        4.311464,
                        43.557144
                    ],
                    [
                        4.299094,
                        43.557293
                    ],
                    [
                        4.29828,
                        43.521309
                    ],
                    [
                        4.273555,
                        43.521602
                    ],
                    [
                        4.273356,
                        43.512606
                    ],
                    [
                        4.236274,
                        43.513035
                    ],
                    [
                        4.23608,
                        43.504039
                    ],
                    [
                        4.223722,
                        43.504179
                    ],
                    [
                        4.222573,
                        43.450204
                    ],
                    [
                        4.234921,
                        43.450064
                    ],
                    [
                        4.321349,
                        43.449045
                    ],
                    [
                        4.321143,
                        43.440049
                    ],
                    [
                        4.530995,
                        43.437287
                    ],
                    [
                        4.530756,
                        43.428293
                    ],
                    [
                        4.543097,
                        43.428117
                    ],
                    [
                        4.541411,
                        43.365155
                    ],
                    [
                        4.553739,
                        43.364979
                    ],
                    [
                        4.553496,
                        43.355985
                    ],
                    [
                        4.578148,
                        43.355628
                    ],
                    [
                        4.577671,
                        43.338188
                    ],
                    [
                        4.57848,
                        43.338023
                    ],
                    [
                        4.579803,
                        43.337815
                    ],
                    [
                        4.580639,
                        43.33772
                    ],
                    [
                        4.581308,
                        43.337663
                    ],
                    [
                        4.582596,
                        43.337605
                    ],
                    [
                        4.58271,
                        43.337566
                    ],
                    [
                        4.799442,
                        43.334177
                    ],
                    [
                        4.799161,
                        43.325183
                    ],
                    [
                        4.811479,
                        43.324978
                    ],
                    [
                        4.811197,
                        43.315984
                    ],
                    [
                        4.860463,
                        43.315148
                    ],
                    [
                        4.860753,
                        43.324141
                    ],
                    [
                        4.873072,
                        43.323929
                    ],
                    [
                        4.873364,
                        43.332922
                    ],
                    [
                        4.898004,
                        43.332492
                    ],
                    [
                        4.898597,
                        43.350479
                    ],
                    [
                        4.91092,
                        43.350262
                    ],
                    [
                        4.911219,
                        43.359255
                    ],
                    [
                        4.93587,
                        43.358817
                    ],
                    [
                        4.936172,
                        43.36781
                    ],
                    [
                        4.985481,
                        43.366917
                    ],
                    [
                        4.985171,
                        43.357924
                    ],
                    [
                        4.997496,
                        43.357697
                    ],
                    [
                        4.996561,
                        43.330718
                    ],
                    [
                        5.021199,
                        43.33026
                    ],
                    [
                        5.020884,
                        43.321267
                    ],
                    [
                        5.045518,
                        43.320804
                    ],
                    [
                        5.045198,
                        43.311811
                    ],
                    [
                        5.082143,
                        43.311106
                    ],
                    [
                        5.082468,
                        43.320099
                    ],
                    [
                        5.267205,
                        43.316382
                    ],
                    [
                        5.266851,
                        43.30739
                    ],
                    [
                        5.279164,
                        43.307132
                    ],
                    [
                        5.276678,
                        43.244189
                    ],
                    [
                        5.301277,
                        43.243668
                    ],
                    [
                        5.300919,
                        43.234676
                    ],
                    [
                        5.313216,
                        43.234414
                    ],
                    [
                        5.312136,
                        43.20744
                    ],
                    [
                        5.324427,
                        43.207176
                    ],
                    [
                        5.323703,
                        43.189194
                    ],
                    [
                        5.360566,
                        43.188393
                    ],
                    [
                        5.359464,
                        43.161421
                    ],
                    [
                        5.42087,
                        43.16006
                    ],
                    [
                        5.421624,
                        43.178041
                    ],
                    [
                        5.433909,
                        43.177765
                    ],
                    [
                        5.434287,
                        43.186755
                    ],
                    [
                        5.532576,
                        43.184492
                    ],
                    [
                        5.532182,
                        43.175502
                    ],
                    [
                        5.544466,
                        43.175213
                    ],
                    [
                        5.543674,
                        43.157233
                    ],
                    [
                        5.580513,
                        43.156358
                    ],
                    [
                        5.580112,
                        43.147368
                    ],
                    [
                        5.629221,
                        43.146181
                    ],
                    [
                        5.62963,
                        43.155171
                    ],
                    [
                        5.641908,
                        43.154871
                    ],
                    [
                        5.64232,
                        43.16386
                    ],
                    [
                        5.666881,
                        43.163256
                    ],
                    [
                        5.666051,
                        43.145277
                    ],
                    [
                        5.678328,
                        43.144972
                    ],
                    [
                        5.677495,
                        43.126994
                    ],
                    [
                        5.726584,
                        43.125763
                    ],
                    [
                        5.726161,
                        43.116774
                    ],
                    [
                        5.738431,
                        43.116463
                    ],
                    [
                        5.738005,
                        43.107474
                    ],
                    [
                        5.750273,
                        43.107161
                    ],
                    [
                        5.748564,
                        43.071206
                    ],
                    [
                        5.760825,
                        43.070893
                    ],
                    [
                        5.760396,
                        43.061904
                    ],
                    [
                        5.784913,
                        43.061273
                    ],
                    [
                        5.78448,
                        43.052285
                    ],
                    [
                        5.796736,
                        43.051967
                    ],
                    [
                        5.796302,
                        43.042979
                    ],
                    [
                        5.82081,
                        43.042339
                    ],
                    [
                        5.820373,
                        43.033351
                    ],
                    [
                        5.881631,
                        43.031728
                    ],
                    [
                        5.882526,
                        43.049703
                    ],
                    [
                        5.894781,
                        43.049374
                    ],
                    [
                        5.895231,
                        43.058362
                    ],
                    [
                        5.96877,
                        43.056359
                    ],
                    [
                        5.969231,
                        43.065346
                    ],
                    [
                        6.042776,
                        43.063293
                    ],
                    [
                        6.042304,
                        43.054305
                    ],
                    [
                        6.054559,
                        43.053958
                    ],
                    [
                        6.05361,
                        43.035984
                    ],
                    [
                        6.065862,
                        43.035636
                    ],
                    [
                        6.065386,
                        43.026649
                    ],
                    [
                        6.089884,
                        43.025948
                    ],
                    [
                        6.089404,
                        43.016961
                    ],
                    [
                        6.126145,
                        43.015899
                    ],
                    [
                        6.12566,
                        43.006913
                    ],
                    [
                        6.137904,
                        43.006556
                    ],
                    [
                        6.137418,
                        42.99757
                    ],
                    [
                        6.14966,
                        42.997212
                    ],
                    [
                        6.148683,
                        42.97924
                    ],
                    [
                        6.173161,
                        42.97852
                    ],
                    [
                        6.172669,
                        42.969534
                    ],
                    [
                        6.221613,
                        42.968078
                    ],
                    [
                        6.222113,
                        42.977063
                    ],
                    [
                        6.246588,
                        42.976327
                    ],
                    [
                        6.247092,
                        42.985313
                    ],
                    [
                        6.27157,
                        42.98457
                    ],
                    [
                        6.273093,
                        43.011527
                    ],
                    [
                        6.260848,
                        43.011899
                    ],
                    [
                        6.262367,
                        43.038857
                    ],
                    [
                        6.18886,
                        43.041061
                    ],
                    [
                        6.189355,
                        43.050048
                    ],
                    [
                        6.177102,
                        43.05041
                    ],
                    [
                        6.179076,
                        43.086357
                    ],
                    [
                        6.191337,
                        43.085994
                    ],
                    [
                        6.191833,
                        43.094981
                    ],
                    [
                        6.204096,
                        43.094617
                    ],
                    [
                        6.204594,
                        43.103604
                    ],
                    [
                        6.290443,
                        43.101015
                    ],
                    [
                        6.289932,
                        43.092029
                    ],
                    [
                        6.302193,
                        43.091653
                    ],
                    [
                        6.30168,
                        43.082667
                    ],
                    [
                        6.338458,
                        43.081533
                    ],
                    [
                        6.33794,
                        43.072547
                    ],
                    [
                        6.374711,
                        43.0714
                    ],
                    [
                        6.375235,
                        43.080386
                    ],
                    [
                        6.387494,
                        43.080001
                    ],
                    [
                        6.38802,
                        43.088987
                    ],
                    [
                        6.40028,
                        43.0886
                    ],
                    [
                        6.400809,
                        43.097586
                    ],
                    [
                        6.413071,
                        43.097198
                    ],
                    [
                        6.414662,
                        43.124156
                    ],
                    [
                        6.42693,
                        43.123766
                    ],
                    [
                        6.427463,
                        43.132752
                    ],
                    [
                        6.513344,
                        43.129986
                    ],
                    [
                        6.514437,
                        43.147957
                    ],
                    [
                        6.526709,
                        43.147556
                    ],
                    [
                        6.527258,
                        43.156542
                    ],
                    [
                        6.600897,
                        43.154107
                    ],
                    [
                        6.600337,
                        43.145122
                    ],
                    [
                        6.637149,
                        43.143886
                    ],
                    [
                        6.637714,
                        43.152871
                    ],
                    [
                        6.662258,
                        43.152039
                    ],
                    [
                        6.663398,
                        43.170009
                    ],
                    [
                        6.675673,
                        43.169592
                    ],
                    [
                        6.676245,
                        43.178577
                    ],
                    [
                        6.7008,
                        43.177737
                    ],
                    [
                        6.705412,
                        43.249618
                    ],
                    [
                        6.717704,
                        43.249195
                    ],
                    [
                        6.720022,
                        43.285137
                    ],
                    [
                        6.707723,
                        43.28556
                    ],
                    [
                        6.710615,
                        43.330489
                    ],
                    [
                        6.722924,
                        43.330066
                    ],
                    [
                        6.724086,
                        43.348037
                    ],
                    [
                        6.736399,
                        43.347613
                    ],
                    [
                        6.737566,
                        43.365585
                    ],
                    [
                        6.749882,
                        43.365158
                    ],
                    [
                        6.751639,
                        43.392116
                    ],
                    [
                        6.763961,
                        43.391688
                    ],
                    [
                        6.764549,
                        43.400675
                    ],
                    [
                        6.863136,
                        43.3972
                    ],
                    [
                        6.86374,
                        43.406185
                    ],
                    [
                        6.876064,
                        43.405745
                    ],
                    [
                        6.87667,
                        43.41473
                    ],
                    [
                        6.913647,
                        43.413399
                    ],
                    [
                        6.914871,
                        43.43137
                    ],
                    [
                        6.9272,
                        43.430924
                    ],
                    [
                        6.927814,
                        43.439909
                    ],
                    [
                        6.940145,
                        43.439461
                    ],
                    [
                        6.94261,
                        43.475403
                    ],
                    [
                        6.967287,
                        43.474502
                    ],
                    [
                        6.968528,
                        43.492473
                    ],
                    [
                        7.06726,
                        43.488813
                    ],
                    [
                        7.068532,
                        43.506783
                    ],
                    [
                        7.080877,
                        43.506319
                    ],
                    [
                        7.082154,
                        43.524289
                    ],
                    [
                        7.094502,
                        43.523823
                    ],
                    [
                        7.095143,
                        43.532808
                    ],
                    [
                        7.144541,
                        43.530931
                    ],
                    [
                        7.14519,
                        43.539916
                    ],
                    [
                        7.157541,
                        43.539444
                    ],
                    [
                        7.162755,
                        43.611324
                    ],
                    [
                        7.175121,
                        43.610849
                    ],
                    [
                        7.17643,
                        43.628819
                    ],
                    [
                        7.213539,
                        43.627386
                    ],
                    [
                        7.214199,
                        43.636371
                    ],
                    [
                        7.22657,
                        43.63589
                    ],
                    [
                        7.227896,
                        43.65386
                    ],
                    [
                        7.240271,
                        43.653378
                    ],
                    [
                        7.240936,
                        43.662363
                    ],
                    [
                        7.253313,
                        43.661879
                    ],
                    [
                        7.25398,
                        43.670864
                    ],
                    [
                        7.340623,
                        43.667438
                    ],
                    [
                        7.341304,
                        43.676422
                    ],
                    [
                        7.366061,
                        43.675431
                    ],
                    [
                        7.368118,
                        43.702384
                    ],
                    [
                        7.380502,
                        43.701886
                    ],
                    [
                        7.38119,
                        43.71087
                    ],
                    [
                        7.418346,
                        43.709367
                    ],
                    [
                        7.41904,
                        43.718351
                    ],
                    [
                        7.431427,
                        43.717847
                    ],
                    [
                        7.432123,
                        43.726831
                    ],
                    [
                        7.444512,
                        43.726326
                    ],
                    [
                        7.44521,
                        43.73531
                    ],
                    [
                        7.4576,
                        43.734803
                    ],
                    [
                        7.458301,
                        43.743787
                    ],
                    [
                        7.495477,
                        43.742257
                    ],
                    [
                        7.49689,
                        43.760225
                    ],
                    [
                        7.509285,
                        43.759712
                    ],
                    [
                        7.509994,
                        43.768696
                    ],
                    [
                        7.522391,
                        43.768182
                    ],
                    [
                        7.523102,
                        43.777166
                    ],
                    [
                        7.535501,
                        43.77665
                    ],
                    [
                        7.53764,
                        43.803602
                    ],
                    [
                        7.525236,
                        43.804118
                    ],
                    [
                        7.527372,
                        43.83107
                    ],
                    [
                        7.514961,
                        43.831585
                    ],
                    [
                        7.516382,
                        43.849554
                    ],
                    [
                        7.503968,
                        43.850068
                    ],
                    [
                        7.505386,
                        43.868037
                    ],
                    [
                        7.517805,
                        43.867523
                    ],
                    [
                        7.518516,
                        43.876507
                    ],
                    [
                        7.530936,
                        43.875992
                    ],
                    [
                        7.53165,
                        43.884976
                    ],
                    [
                        7.556494,
                        43.883941
                    ],
                    [
                        7.557212,
                        43.892925
                    ],
                    [
                        7.569635,
                        43.892406
                    ],
                    [
                        7.571796,
                        43.919359
                    ],
                    [
                        7.584225,
                        43.918837
                    ],
                    [
                        7.586393,
                        43.94579
                    ],
                    [
                        7.623697,
                        43.944217
                    ],
                    [
                        7.624426,
                        43.953201
                    ],
                    [
                        7.636862,
                        43.952673
                    ],
                    [
                        7.637594,
                        43.961658
                    ],
                    [
                        7.650032,
                        43.961129
                    ],
                    [
                        7.650765,
                        43.970113
                    ],
                    [
                        7.663205,
                        43.969582
                    ],
                    [
                        7.66394,
                        43.978566
                    ],
                    [
                        7.676381,
                        43.978034
                    ],
                    [
                        7.679334,
                        44.013971
                    ],
                    [
                        7.666885,
                        44.014503
                    ],
                    [
                        7.667622,
                        44.023487
                    ],
                    [
                        7.680073,
                        44.022955
                    ],
                    [
                        7.680812,
                        44.031939
                    ],
                    [
                        7.705717,
                        44.03087
                    ],
                    [
                        7.707204,
                        44.048838
                    ],
                    [
                        7.71966,
                        44.048301
                    ],
                    [
                        7.72339,
                        44.093222
                    ],
                    [
                        7.710924,
                        44.09376
                    ],
                    [
                        7.711668,
                        44.102744
                    ],
                    [
                        7.6992,
                        44.10328
                    ],
                    [
                        7.699943,
                        44.112264
                    ],
                    [
                        7.687473,
                        44.112799
                    ],
                    [
                        7.688214,
                        44.121784
                    ],
                    [
                        7.675741,
                        44.122317
                    ],
                    [
                        7.676481,
                        44.131302
                    ],
                    [
                        7.688955,
                        44.130768
                    ],
                    [
                        7.69341,
                        44.184677
                    ],
                    [
                        7.630975,
                        44.187333
                    ],
                    [
                        7.630242,
                        44.178348
                    ],
                    [
                        7.617756,
                        44.178874
                    ],
                    [
                        7.616295,
                        44.160904
                    ],
                    [
                        7.553883,
                        44.163515
                    ],
                    [
                        7.553162,
                        44.15453
                    ],
                    [
                        7.5282,
                        44.155564
                    ],
                    [
                        7.527484,
                        44.146578
                    ],
                    [
                        7.490044,
                        44.148119
                    ],
                    [
                        7.489334,
                        44.139133
                    ],
                    [
                        7.464377,
                        44.140153
                    ],
                    [
                        7.463671,
                        44.131167
                    ],
                    [
                        7.42624,
                        44.132686
                    ],
                    [
                        7.42554,
                        44.1237
                    ],
                    [
                        7.400589,
                        44.124705
                    ],
                    [
                        7.401285,
                        44.133692
                    ],
                    [
                        7.376329,
                        44.134692
                    ],
                    [
                        7.375637,
                        44.125705
                    ],
                    [
                        7.36316,
                        44.126203
                    ],
                    [
                        7.36385,
                        44.13519
                    ],
                    [
                        7.351372,
                        44.135686
                    ],
                    [
                        7.352749,
                        44.15366
                    ],
                    [
                        7.265366,
                        44.157097
                    ],
                    [
                        7.266041,
                        44.166084
                    ],
                    [
                        7.253555,
                        44.16657
                    ],
                    [
                        7.254228,
                        44.175557
                    ],
                    [
                        7.24174,
                        44.176041
                    ],
                    [
                        7.242411,
                        44.185029
                    ],
                    [
                        7.229921,
                        44.185512
                    ],
                    [
                        7.229251,
                        44.176524
                    ],
                    [
                        7.216762,
                        44.177005
                    ],
                    [
                        7.21743,
                        44.185993
                    ],
                    [
                        7.204939,
                        44.186473
                    ],
                    [
                        7.205605,
                        44.195461
                    ],
                    [
                        7.193112,
                        44.195939
                    ],
                    [
                        7.193776,
                        44.204928
                    ],
                    [
                        7.181281,
                        44.205405
                    ],
                    [
                        7.181943,
                        44.214393
                    ],
                    [
                        7.131952,
                        44.216288
                    ],
                    [
                        7.132607,
                        44.225276
                    ],
                    [
                        7.095105,
                        44.226682
                    ],
                    [
                        7.095754,
                        44.235671
                    ],
                    [
                        7.020734,
                        44.238446
                    ],
                    [
                        7.021371,
                        44.247435
                    ],
                    [
                        7.008865,
                        44.247893
                    ],
                    [
                        7.011408,
                        44.283851
                    ],
                    [
                        6.998894,
                        44.284307
                    ],
                    [
                        6.999529,
                        44.293297
                    ],
                    [
                        6.974496,
                        44.294206
                    ],
                    [
                        6.975757,
                        44.312186
                    ],
                    [
                        6.963236,
                        44.312638
                    ],
                    [
                        6.963866,
                        44.321628
                    ],
                    [
                        6.951343,
                        44.322079
                    ],
                    [
                        6.95197,
                        44.331069
                    ],
                    [
                        6.939445,
                        44.331519
                    ],
                    [
                        6.94007,
                        44.340509
                    ],
                    [
                        6.927543,
                        44.340957
                    ],
                    [
                        6.928791,
                        44.358938
                    ],
                    [
                        6.916259,
                        44.359385
                    ],
                    [
                        6.916881,
                        44.368376
                    ],
                    [
                        6.904348,
                        44.368821
                    ],
                    [
                        6.87928,
                        44.369708
                    ],
                    [
                        6.878664,
                        44.360717
                    ],
                    [
                        6.866132,
                        44.361159
                    ],
                    [
                        6.865518,
                        44.352168
                    ],
                    [
                        6.827926,
                        44.353483
                    ],
                    [
                        6.827318,
                        44.344492
                    ],
                    [
                        6.814789,
                        44.344927
                    ],
                    [
                        6.814183,
                        44.335936
                    ],
                    [
                        6.801656,
                        44.33637
                    ],
                    [
                        6.801052,
                        44.327379
                    ],
                    [
                        6.788527,
                        44.327812
                    ],
                    [
                        6.786723,
                        44.300839
                    ],
                    [
                        6.774204,
                        44.301269
                    ],
                    [
                        6.773006,
                        44.283287
                    ],
                    [
                        6.747974,
                        44.284144
                    ],
                    [
                        6.746786,
                        44.266162
                    ],
                    [
                        6.734273,
                        44.266588
                    ],
                    [
                        6.733681,
                        44.257597
                    ],
                    [
                        6.721171,
                        44.258022
                    ],
                    [
                        6.719991,
                        44.24004
                    ],
                    [
                        6.707484,
                        44.240463
                    ],
                    [
                        6.705135,
                        44.204499
                    ],
                    [
                        6.692636,
                        44.20492
                    ],
                    [
                        6.690882,
                        44.177947
                    ],
                    [
                        6.678389,
                        44.178367
                    ],
                    [
                        6.677224,
                        44.160385
                    ],
                    [
                        6.689714,
                        44.159965
                    ],
                    [
                        6.688546,
                        44.141984
                    ],
                    [
                        6.701031,
                        44.141563
                    ],
                    [
                        6.699275,
                        44.114591
                    ],
                    [
                        6.711754,
                        44.114168
                    ],
                    [
                        6.711167,
                        44.105178
                    ],
                    [
                        6.723644,
                        44.104754
                    ],
                    [
                        6.723056,
                        44.095764
                    ],
                    [
                        6.735531,
                        44.095339
                    ],
                    [
                        6.73435,
                        44.077358
                    ],
                    [
                        6.746821,
                        44.076932
                    ],
                    [
                        6.746228,
                        44.067942
                    ],
                    [
                        6.73376,
                        44.068368
                    ],
                    [
                        6.731401,
                        44.032408
                    ],
                    [
                        6.756323,
                        44.031555
                    ],
                    [
                        6.75573,
                        44.022565
                    ],
                    [
                        6.768188,
                        44.022136
                    ],
                    [
                        6.767593,
                        44.013146
                    ],
                    [
                        6.78005,
                        44.012716
                    ],
                    [
                        6.779453,
                        44.003727
                    ],
                    [
                        6.791907,
                        44.003295
                    ],
                    [
                        6.791309,
                        43.994306
                    ],
                    [
                        6.816213,
                        43.993439
                    ],
                    [
                        6.815611,
                        43.98445
                    ],
                    [
                        6.828061,
                        43.984014
                    ],
                    [
                        6.827457,
                        43.975025
                    ],
                    [
                        6.839904,
                        43.974588
                    ],
                    [
                        6.838088,
                        43.947621
                    ],
                    [
                        6.862971,
                        43.946744
                    ],
                    [
                        6.862362,
                        43.937755
                    ],
                    [
                        6.874801,
                        43.937314
                    ],
                    [
                        6.87419,
                        43.928326
                    ],
                    [
                        6.886628,
                        43.927883
                    ],
                    [
                        6.886015,
                        43.918895
                    ],
                    [
                        6.910885,
                        43.918007
                    ],
                    [
                        6.910268,
                        43.909018
                    ],
                    [
                        6.922701,
                        43.908572
                    ],
                    [
                        6.922083,
                        43.899584
                    ],
                    [
                        6.88479,
                        43.900918
                    ],
                    [
                        6.885403,
                        43.909906
                    ],
                    [
                        6.860536,
                        43.910789
                    ],
                    [
                        6.861144,
                        43.919777
                    ],
                    [
                        6.798965,
                        43.921959
                    ],
                    [
                        6.798366,
                        43.91297
                    ],
                    [
                        6.785932,
                        43.913402
                    ],
                    [
                        6.784739,
                        43.895424
                    ],
                    [
                        6.772308,
                        43.895855
                    ],
                    [
                        6.771714,
                        43.886865
                    ],
                    [
                        6.746855,
                        43.887722
                    ],
                    [
                        6.746265,
                        43.878733
                    ],
                    [
                        6.733838,
                        43.879159
                    ],
                    [
                        6.734426,
                        43.888148
                    ],
                    [
                        6.659845,
                        43.890675
                    ],
                    [
                        6.658692,
                        43.872696
                    ],
                    [
                        6.683546,
                        43.87186
                    ],
                    [
                        6.682966,
                        43.86287
                    ],
                    [
                        6.670541,
                        43.863289
                    ],
                    [
                        6.669385,
                        43.84531
                    ],
                    [
                        6.656965,
                        43.845728
                    ],
                    [
                        6.655814,
                        43.827749
                    ],
                    [
                        6.680647,
                        43.826913
                    ],
                    [
                        6.680068,
                        43.817924
                    ],
                    [
                        6.692483,
                        43.817504
                    ],
                    [
                        6.691902,
                        43.808515
                    ],
                    [
                        6.654664,
                        43.80977
                    ],
                    [
                        6.654089,
                        43.800781
                    ],
                    [
                        6.641677,
                        43.801197
                    ],
                    [
                        6.629266,
                        43.801611
                    ]
                ]
            ],
            [
                [
                    [
                        5.237687,
                        43.191012
                    ],
                    [
                        5.238384,
                        43.208995
                    ],
                    [
                        5.213799,
                        43.209502
                    ],
                    [
                        5.21311,
                        43.191519
                    ],
                    [
                        5.237687,
                        43.191012
                    ]
                ]
            ],
            [
                [
                    [
                        -3.572173,
                        48.171478
                    ],
                    [
                        -3.478326,
                        48.176677
                    ],
                    [
                        -3.477223,
                        48.167709
                    ],
                    [
                        -3.450411,
                        48.169181
                    ],
                    [
                        -3.44712,
                        48.142276
                    ],
                    [
                        -3.420319,
                        48.143741
                    ],
                    [
                        -3.419227,
                        48.134772
                    ],
                    [
                        -3.405829,
                        48.135502
                    ],
                    [
                        -3.406919,
                        48.144471
                    ],
                    [
                        -3.380116,
                        48.145927
                    ],
                    [
                        -3.381201,
                        48.154895
                    ],
                    [
                        -3.340988,
                        48.157068
                    ],
                    [
                        -3.338831,
                        48.139129
                    ],
                    [
                        -3.312029,
                        48.140569
                    ],
                    [
                        -3.313103,
                        48.149539
                    ],
                    [
                        -3.299699,
                        48.150257
                    ],
                    [
                        -3.297557,
                        48.132317
                    ],
                    [
                        -3.243957,
                        48.135173
                    ],
                    [
                        -3.245019,
                        48.144143
                    ],
                    [
                        -3.231615,
                        48.144853
                    ],
                    [
                        -3.230556,
                        48.135883
                    ],
                    [
                        -3.203753,
                        48.137298
                    ],
                    [
                        -3.204808,
                        48.146269
                    ],
                    [
                        -3.191404,
                        48.146974
                    ],
                    [
                        -3.192457,
                        48.155945
                    ],
                    [
                        -3.165643,
                        48.157352
                    ],
                    [
                        -3.164594,
                        48.148381
                    ],
                    [
                        -3.137783,
                        48.149782
                    ],
                    [
                        -3.138827,
                        48.158753
                    ],
                    [
                        -3.125419,
                        48.159451
                    ],
                    [
                        -3.128547,
                        48.186364
                    ],
                    [
                        -3.115132,
                        48.187061
                    ],
                    [
                        -3.116173,
                        48.196032
                    ],
                    [
                        -3.049079,
                        48.199494
                    ],
                    [
                        -3.048049,
                        48.190522
                    ],
                    [
                        -3.034631,
                        48.19121
                    ],
                    [
                        -3.033604,
                        48.182238
                    ],
                    [
                        -3.020188,
                        48.182924
                    ],
                    [
                        -3.01814,
                        48.16498
                    ],
                    [
                        -3.004728,
                        48.165665
                    ],
                    [
                        -3.003706,
                        48.156693
                    ],
                    [
                        -2.909832,
                        48.16144
                    ],
                    [
                        -2.908827,
                        48.152467
                    ],
                    [
                        -2.895417,
                        48.153139
                    ],
                    [
                        -2.894414,
                        48.144166
                    ],
                    [
                        -2.881006,
                        48.144836
                    ],
                    [
                        -2.880006,
                        48.135863
                    ],
                    [
                        -2.812973,
                        48.139191
                    ],
                    [
                        -2.811984,
                        48.130217
                    ],
                    [
                        -2.798579,
                        48.130878
                    ],
                    [
                        -2.794637,
                        48.094981
                    ],
                    [
                        -2.78124,
                        48.09564
                    ],
                    [
                        -2.779276,
                        48.077691
                    ],
                    [
                        -2.752491,
                        48.079004
                    ],
                    [
                        -2.755425,
                        48.105928
                    ],
                    [
                        -2.688422,
                        48.109185
                    ],
                    [
                        -2.689389,
                        48.118161
                    ],
                    [
                        -2.662581,
                        48.119453
                    ],
                    [
                        -2.659694,
                        48.092527
                    ],
                    [
                        -2.673092,
                        48.091882
                    ],
                    [
                        -2.671164,
                        48.073931
                    ],
                    [
                        -2.684556,
                        48.073284
                    ],
                    [
                        -2.680696,
                        48.037382
                    ],
                    [
                        -2.667312,
                        48.038029
                    ],
                    [
                        -2.66635,
                        48.029053
                    ],
                    [
                        -2.612822,
                        48.031621
                    ],
                    [
                        -2.613775,
                        48.040598
                    ],
                    [
                        -2.587005,
                        48.041873
                    ],
                    [
                        -2.587954,
                        48.050849
                    ],
                    [
                        -2.574566,
                        48.051485
                    ],
                    [
                        -2.575513,
                        48.060461
                    ],
                    [
                        -2.548731,
                        48.061728
                    ],
                    [
                        -2.549674,
                        48.070704
                    ],
                    [
                        -2.536281,
                        48.071336
                    ],
                    [
                        -2.539104,
                        48.098265
                    ],
                    [
                        -2.525703,
                        48.098895
                    ],
                    [
                        -2.526643,
                        48.107872
                    ],
                    [
                        -2.51324,
                        48.1085
                    ],
                    [
                        -2.514177,
                        48.117477
                    ],
                    [
                        -2.500772,
                        48.118104
                    ],
                    [
                        -2.503579,
                        48.145033
                    ],
                    [
                        -2.476753,
                        48.146284
                    ],
                    [
                        -2.477685,
                        48.15526
                    ],
                    [
                        -2.437437,
                        48.157124
                    ],
                    [
                        -2.438363,
                        48.166101
                    ],
                    [
                        -2.411525,
                        48.167337
                    ],
                    [
                        -2.409683,
                        48.149382
                    ],
                    [
                        -2.396268,
                        48.149998
                    ],
                    [
                        -2.394432,
                        48.132043
                    ],
                    [
                        -2.381021,
                        48.132657
                    ],
                    [
                        -2.378277,
                        48.105724
                    ],
                    [
                        -2.338063,
                        48.107554
                    ],
                    [
                        -2.338971,
                        48.116532
                    ],
                    [
                        -2.312155,
                        48.117745
                    ],
                    [
                        -2.313059,
                        48.126723
                    ],
                    [
                        -2.299649,
                        48.127327
                    ],
                    [
                        -2.286238,
                        48.12793
                    ],
                    [
                        -2.285339,
                        48.118952
                    ],
                    [
                        -2.27193,
                        48.119553
                    ],
                    [
                        -2.264767,
                        48.047724
                    ],
                    [
                        -2.278158,
                        48.047124
                    ],
                    [
                        -2.277262,
                        48.038145
                    ],
                    [
                        -2.29065,
                        48.037543
                    ],
                    [
                        -2.287956,
                        48.010607
                    ],
                    [
                        -2.301337,
                        48.010004
                    ],
                    [
                        -2.298639,
                        47.983068
                    ],
                    [
                        -2.258516,
                        47.984871
                    ],
                    [
                        -2.259408,
                        47.99385
                    ],
                    [
                        -2.232653,
                        47.995045
                    ],
                    [
                        -2.231765,
                        47.986066
                    ],
                    [
                        -2.205013,
                        47.987254
                    ],
                    [
                        -2.204131,
                        47.978275
                    ],
                    [
                        -2.190757,
                        47.978866
                    ],
                    [
                        -2.189876,
                        47.969887
                    ],
                    [
                        -2.136386,
                        47.972239
                    ],
                    [
                        -2.134644,
                        47.954278
                    ],
                    [
                        -2.121276,
                        47.954862
                    ],
                    [
                        -2.120408,
                        47.945882
                    ],
                    [
                        -2.107041,
                        47.946464
                    ],
                    [
                        -2.104445,
                        47.919522
                    ],
                    [
                        -2.091084,
                        47.920103
                    ],
                    [
                        -2.090222,
                        47.911122
                    ],
                    [
                        -2.116938,
                        47.909959
                    ],
                    [
                        -2.116071,
                        47.900979
                    ],
                    [
                        -2.129427,
                        47.900395
                    ],
                    [
                        -2.125954,
                        47.864472
                    ],
                    [
                        -2.112607,
                        47.865055
                    ],
                    [
                        -2.111742,
                        47.856074
                    ],
                    [
                        -2.125086,
                        47.855491
                    ],
                    [
                        -2.124219,
                        47.84651
                    ],
                    [
                        -2.110877,
                        47.847093
                    ],
                    [
                        -2.110013,
                        47.838112
                    ],
                    [
                        -2.069992,
                        47.839851
                    ],
                    [
                        -2.07085,
                        47.848832
                    ],
                    [
                        -2.057507,
                        47.849409
                    ],
                    [
                        -2.054941,
                        47.822465
                    ],
                    [
                        -2.081613,
                        47.82131
                    ],
                    [
                        -2.079036,
                        47.794365
                    ],
                    [
                        -2.092365,
                        47.793786
                    ],
                    [
                        -2.091505,
                        47.784805
                    ],
                    [
                        -2.118157,
                        47.783642
                    ],
                    [
                        -2.117292,
                        47.77466
                    ],
                    [
                        -2.143939,
                        47.773492
                    ],
                    [
                        -2.142201,
                        47.755529
                    ],
                    [
                        -2.088925,
                        47.75786
                    ],
                    [
                        -2.088065,
                        47.748878
                    ],
                    [
                        -2.1147,
                        47.747716
                    ],
                    [
                        -2.113836,
                        47.738734
                    ],
                    [
                        -2.127151,
                        47.738151
                    ],
                    [
                        -2.126285,
                        47.729169
                    ],
                    [
                        -2.139597,
                        47.728585
                    ],
                    [
                        -2.134396,
                        47.674695
                    ],
                    [
                        -2.121098,
                        47.675279
                    ],
                    [
                        -2.116783,
                        47.630369
                    ],
                    [
                        -2.103495,
                        47.630951
                    ],
                    [
                        -2.102635,
                        47.621969
                    ],
                    [
                        -2.089349,
                        47.622549
                    ],
                    [
                        -2.090207,
                        47.631532
                    ],
                    [
                        -2.076918,
                        47.632111
                    ],
                    [
                        -2.077774,
                        47.641093
                    ],
                    [
                        -2.0379,
                        47.642822
                    ],
                    [
                        -2.039599,
                        47.660787
                    ],
                    [
                        -1.99971,
                        47.662502
                    ],
                    [
                        -2.000553,
                        47.671485
                    ],
                    [
                        -1.973954,
                        47.672621
                    ],
                    [
                        -1.973115,
                        47.663638
                    ],
                    [
                        -1.94652,
                        47.664768
                    ],
                    [
                        -1.947354,
                        47.673751
                    ],
                    [
                        -1.934053,
                        47.674314
                    ],
                    [
                        -1.934886,
                        47.683297
                    ],
                    [
                        -1.868368,
                        47.686089
                    ],
                    [
                        -1.86919,
                        47.695073
                    ],
                    [
                        -1.789346,
                        47.698374
                    ],
                    [
                        -1.788538,
                        47.68939
                    ],
                    [
                        -1.761926,
                        47.690478
                    ],
                    [
                        -1.762729,
                        47.699462
                    ],
                    [
                        -1.736111,
                        47.700544
                    ],
                    [
                        -1.735312,
                        47.691559
                    ],
                    [
                        -1.69539,
                        47.693171
                    ],
                    [
                        -1.696183,
                        47.702156
                    ],
                    [
                        -1.642941,
                        47.704284
                    ],
                    [
                        -1.643724,
                        47.713269
                    ],
                    [
                        -1.630411,
                        47.713797
                    ],
                    [
                        -1.632757,
                        47.740752
                    ],
                    [
                        -1.619436,
                        47.741279
                    ],
                    [
                        -1.620997,
                        47.759249
                    ],
                    [
                        -1.581021,
                        47.760822
                    ],
                    [
                        -1.581795,
                        47.769807
                    ],
                    [
                        -1.555139,
                        47.770848
                    ],
                    [
                        -1.555908,
                        47.779833
                    ],
                    [
                        -1.515915,
                        47.781383
                    ],
                    [
                        -1.516678,
                        47.790369
                    ],
                    [
                        -1.463341,
                        47.792415
                    ],
                    [
                        -1.464096,
                        47.801401
                    ],
                    [
                        -1.450758,
                        47.801908
                    ],
                    [
                        -1.452264,
                        47.81988
                    ],
                    [
                        -1.385552,
                        47.822397
                    ],
                    [
                        -1.384068,
                        47.804425
                    ],
                    [
                        -1.37073,
                        47.804923
                    ],
                    [
                        -1.369252,
                        47.78695
                    ],
                    [
                        -1.315913,
                        47.788929
                    ],
                    [
                        -1.315183,
                        47.779942
                    ],
                    [
                        -1.288516,
                        47.780923
                    ],
                    [
                        -1.287792,
                        47.771936
                    ],
                    [
                        -1.261128,
                        47.77291
                    ],
                    [
                        -1.234464,
                        47.773877
                    ],
                    [
                        -1.23518,
                        47.782865
                    ],
                    [
                        -1.235896,
                        47.791852
                    ],
                    [
                        -1.222559,
                        47.792334
                    ],
                    [
                        -1.223273,
                        47.801321
                    ],
                    [
                        -1.223987,
                        47.810309
                    ],
                    [
                        -1.210646,
                        47.810789
                    ],
                    [
                        -1.21207,
                        47.828764
                    ],
                    [
                        -1.198724,
                        47.829243
                    ],
                    [
                        -1.200145,
                        47.847217
                    ],
                    [
                        -1.186794,
                        47.847695
                    ],
                    [
                        -1.187503,
                        47.856682
                    ],
                    [
                        -1.174149,
                        47.857159
                    ],
                    [
                        -1.176977,
                        47.893107
                    ],
                    [
                        -1.163614,
                        47.893582
                    ],
                    [
                        -1.165025,
                        47.911557
                    ],
                    [
                        -1.151658,
                        47.91203
                    ],
                    [
                        -1.155178,
                        47.956966
                    ],
                    [
                        -1.12842,
                        47.957909
                    ],
                    [
                        -1.12912,
                        47.966896
                    ],
                    [
                        -1.115738,
                        47.967366
                    ],
                    [
                        -1.116436,
                        47.976353
                    ],
                    [
                        -1.036126,
                        47.979139
                    ],
                    [
                        -1.036811,
                        47.988127
                    ],
                    [
                        -1.010035,
                        47.989043
                    ],
                    [
                        -1.016851,
                        48.078916
                    ],
                    [
                        -1.030262,
                        48.078458
                    ],
                    [
                        -1.030947,
                        48.087445
                    ],
                    [
                        -1.04436,
                        48.086985
                    ],
                    [
                        -1.050558,
                        48.167864
                    ],
                    [
                        -1.063992,
                        48.167401
                    ],
                    [
                        -1.068841,
                        48.230303
                    ],
                    [
                        -1.08229,
                        48.229839
                    ],
                    [
                        -1.08647,
                        48.283752
                    ],
                    [
                        -1.073007,
                        48.284217
                    ],
                    [
                        -1.073702,
                        48.293202
                    ],
                    [
                        -1.060237,
                        48.293666
                    ],
                    [
                        -1.06093,
                        48.302651
                    ],
                    [
                        -1.047462,
                        48.303113
                    ],
                    [
                        -1.048845,
                        48.321084
                    ],
                    [
                        -1.035372,
                        48.321544
                    ],
                    [
                        -1.036751,
                        48.339515
                    ],
                    [
                        -1.050228,
                        48.339054
                    ],
                    [
                        -1.052998,
                        48.374994
                    ],
                    [
                        -1.039511,
                        48.375455
                    ],
                    [
                        -1.040893,
                        48.393425
                    ],
                    [
                        -1.054384,
                        48.392964
                    ],
                    [
                        -1.055771,
                        48.410933
                    ],
                    [
                        -1.069266,
                        48.410471
                    ],
                    [
                        -1.071355,
                        48.437424
                    ],
                    [
                        -1.057853,
                        48.437887
                    ],
                    [
                        -1.06272,
                        48.500777
                    ],
                    [
                        -1.064113,
                        48.518745
                    ],
                    [
                        -1.077636,
                        48.518281
                    ],
                    [
                        -1.104682,
                        48.517349
                    ],
                    [
                        -1.105385,
                        48.526333
                    ],
                    [
                        -1.145958,
                        48.524924
                    ],
                    [
                        -1.146669,
                        48.533907
                    ],
                    [
                        -1.160195,
                        48.533434
                    ],
                    [
                        -1.160909,
                        48.542417
                    ],
                    [
                        -1.174437,
                        48.541943
                    ],
                    [
                        -1.173721,
                        48.532959
                    ],
                    [
                        -1.187247,
                        48.532483
                    ],
                    [
                        -1.188683,
                        48.550449
                    ],
                    [
                        -1.26986,
                        48.54756
                    ],
                    [
                        -1.269128,
                        48.538577
                    ],
                    [
                        -1.282654,
                        48.538091
                    ],
                    [
                        -1.281186,
                        48.520126
                    ],
                    [
                        -1.294707,
                        48.519637
                    ],
                    [
                        -1.293971,
                        48.510655
                    ],
                    [
                        -1.334527,
                        48.509181
                    ],
                    [
                        -1.333784,
                        48.500199
                    ],
                    [
                        -1.3473,
                        48.499704
                    ],
                    [
                        -1.346555,
                        48.490722
                    ],
                    [
                        -1.360069,
                        48.490226
                    ],
                    [
                        -1.358575,
                        48.472262
                    ],
                    [
                        -1.372084,
                        48.471765
                    ],
                    [
                        -1.371335,
                        48.462782
                    ],
                    [
                        -1.384841,
                        48.462284
                    ],
                    [
                        -1.385592,
                        48.471266
                    ],
                    [
                        -1.426115,
                        48.469761
                    ],
                    [
                        -1.427631,
                        48.487725
                    ],
                    [
                        -1.441143,
                        48.48722
                    ],
                    [
                        -1.441903,
                        48.496202
                    ],
                    [
                        -1.482444,
                        48.494677
                    ],
                    [
                        -1.484749,
                        48.521621
                    ],
                    [
                        -1.498269,
                        48.52111
                    ],
                    [
                        -1.499811,
                        48.539072
                    ],
                    [
                        -1.513335,
                        48.538559
                    ],
                    [
                        -1.517208,
                        48.583463
                    ],
                    [
                        -1.530743,
                        48.582948
                    ],
                    [
                        -1.533077,
                        48.609889
                    ],
                    [
                        -1.546619,
                        48.609372
                    ],
                    [
                        -1.5474,
                        48.618352
                    ],
                    [
                        -1.560944,
                        48.617834
                    ],
                    [
                        -1.562511,
                        48.635794
                    ],
                    [
                        -1.57606,
                        48.635274
                    ],
                    [
                        -1.578419,
                        48.662213
                    ],
                    [
                        -1.591974,
                        48.661691
                    ],
                    [
                        -1.592763,
                        48.67067
                    ],
                    [
                        -1.606321,
                        48.670147
                    ],
                    [
                        -1.701214,
                        48.666438
                    ],
                    [
                        -1.700406,
                        48.657459
                    ],
                    [
                        -1.79527,
                        48.653676
                    ],
                    [
                        -1.802697,
                        48.734477
                    ],
                    [
                        -1.843411,
                        48.73283
                    ],
                    [
                        -1.842578,
                        48.723852
                    ],
                    [
                        -1.991816,
                        48.717695
                    ],
                    [
                        -1.990957,
                        48.708719
                    ],
                    [
                        -2.00452,
                        48.70815
                    ],
                    [
                        -2.003659,
                        48.699173
                    ],
                    [
                        -2.085017,
                        48.695728
                    ],
                    [
                        -2.084143,
                        48.686752
                    ],
                    [
                        -2.097699,
                        48.686173
                    ],
                    [
                        -2.095947,
                        48.668221
                    ],
                    [
                        -2.109499,
                        48.66764
                    ],
                    [
                        -2.108621,
                        48.658664
                    ],
                    [
                        -2.122169,
                        48.658082
                    ],
                    [
                        -2.121289,
                        48.649106
                    ],
                    [
                        -2.175472,
                        48.646762
                    ],
                    [
                        -2.216106,
                        48.644988
                    ],
                    [
                        -2.217002,
                        48.653963
                    ],
                    [
                        -2.230548,
                        48.653368
                    ],
                    [
                        -2.231447,
                        48.662343
                    ],
                    [
                        -2.258543,
                        48.661149
                    ],
                    [
                        -2.260351,
                        48.679099
                    ],
                    [
                        -2.287455,
                        48.677898
                    ],
                    [
                        -2.289274,
                        48.695847
                    ],
                    [
                        -2.30283,
                        48.695244
                    ],
                    [
                        -2.303742,
                        48.704218
                    ],
                    [
                        -2.344416,
                        48.7024
                    ],
                    [
                        -2.343497,
                        48.693426
                    ],
                    [
                        -2.357052,
                        48.692817
                    ],
                    [
                        -2.355211,
                        48.67487
                    ],
                    [
                        -2.450055,
                        48.670565
                    ],
                    [
                        -2.450991,
                        48.679538
                    ],
                    [
                        -2.464542,
                        48.678917
                    ],
                    [
                        -2.465481,
                        48.68789
                    ],
                    [
                        -2.506136,
                        48.686017
                    ],
                    [
                        -2.504244,
                        48.668071
                    ],
                    [
                        -2.517791,
                        48.667444
                    ],
                    [
                        -2.516843,
                        48.658471
                    ],
                    [
                        -2.638726,
                        48.652758
                    ],
                    [
                        -2.637758,
                        48.643786
                    ],
                    [
                        -2.624219,
                        48.644427
                    ],
                    [
                        -2.618429,
                        48.590593
                    ],
                    [
                        -2.631954,
                        48.589953
                    ],
                    [
                        -2.630988,
                        48.58098
                    ],
                    [
                        -2.725639,
                        48.576456
                    ],
                    [
                        -2.735477,
                        48.66617
                    ],
                    [
                        -2.789648,
                        48.663546
                    ],
                    [
                        -2.790642,
                        48.672517
                    ],
                    [
                        -2.804187,
                        48.671857
                    ],
                    [
                        -2.805184,
                        48.680827
                    ],
                    [
                        -2.845822,
                        48.678839
                    ],
                    [
                        -2.847832,
                        48.696778
                    ],
                    [
                        -2.861381,
                        48.696112
                    ],
                    [
                        -2.863397,
                        48.714051
                    ],
                    [
                        -2.890505,
                        48.712714
                    ],
                    [
                        -2.891518,
                        48.721683
                    ],
                    [
                        -2.905074,
                        48.721012
                    ],
                    [
                        -2.915248,
                        48.810699
                    ],
                    [
                        -2.928826,
                        48.810025
                    ],
                    [
                        -2.929848,
                        48.818994
                    ],
                    [
                        -2.943428,
                        48.818318
                    ],
                    [
                        -2.949579,
                        48.872125
                    ],
                    [
                        -2.963173,
                        48.871447
                    ],
                    [
                        -2.964202,
                        48.880415
                    ],
                    [
                        -3.018584,
                        48.877688
                    ],
                    [
                        -3.02274,
                        48.913555
                    ],
                    [
                        -3.06355,
                        48.911492
                    ],
                    [
                        -3.064597,
                        48.920458
                    ],
                    [
                        -3.078202,
                        48.919768
                    ],
                    [
                        -3.079252,
                        48.928734
                    ],
                    [
                        -3.120072,
                        48.926652
                    ],
                    [
                        -3.119016,
                        48.917686
                    ],
                    [
                        -3.132619,
                        48.916989
                    ],
                    [
                        -3.131561,
                        48.908023
                    ],
                    [
                        -3.213162,
                        48.90381
                    ],
                    [
                        -3.212089,
                        48.894845
                    ],
                    [
                        -3.239282,
                        48.893428
                    ],
                    [
                        -3.238206,
                        48.884464
                    ],
                    [
                        -3.306169,
                        48.880896
                    ],
                    [
                        -3.305082,
                        48.871931
                    ],
                    [
                        -3.386611,
                        48.867599
                    ],
                    [
                        -3.387713,
                        48.876563
                    ],
                    [
                        -3.401302,
                        48.875836
                    ],
                    [
                        -3.405721,
                        48.911689
                    ],
                    [
                        -3.41932,
                        48.91096
                    ],
                    [
                        -3.420428,
                        48.919923
                    ],
                    [
                        -3.515621,
                        48.914772
                    ],
                    [
                        -3.514497,
                        48.90581
                    ],
                    [
                        -3.528092,
                        48.905068
                    ],
                    [
                        -3.526965,
                        48.896106
                    ],
                    [
                        -3.540558,
                        48.895363
                    ],
                    [
                        -3.536047,
                        48.859514
                    ],
                    [
                        -3.54963,
                        48.858769
                    ],
                    [
                        -3.548501,
                        48.849807
                    ],
                    [
                        -3.562081,
                        48.849061
                    ],
                    [
                        -3.56095,
                        48.840099
                    ],
                    [
                        -3.588104,
                        48.838603
                    ],
                    [
                        -3.586969,
                        48.829641
                    ],
                    [
                        -3.600543,
                        48.828891
                    ],
                    [
                        -3.599406,
                        48.819929
                    ],
                    [
                        -3.626549,
                        48.818424
                    ],
                    [
                        -3.625407,
                        48.809462
                    ],
                    [
                        -3.638976,
                        48.808708
                    ],
                    [
                        -3.627561,
                        48.719086
                    ],
                    [
                        -3.624144,
                        48.692197
                    ],
                    [
                        -3.651219,
                        48.690687
                    ],
                    [
                        -3.648934,
                        48.672761
                    ],
                    [
                        -3.662467,
                        48.672004
                    ],
                    [
                        -3.661323,
                        48.663042
                    ],
                    [
                        -3.674852,
                        48.662283
                    ],
                    [
                        -3.667981,
                        48.608506
                    ],
                    [
                        -3.654465,
                        48.609264
                    ],
                    [
                        -3.652182,
                        48.591337
                    ],
                    [
                        -3.63867,
                        48.592093
                    ],
                    [
                        -3.637532,
                        48.58313
                    ],
                    [
                        -3.610511,
                        48.584637
                    ],
                    [
                        -3.609378,
                        48.575673
                    ],
                    [
                        -3.595869,
                        48.576425
                    ],
                    [
                        -3.594738,
                        48.567461
                    ],
                    [
                        -3.608245,
                        48.566709
                    ],
                    [
                        -3.605979,
                        48.548781
                    ],
                    [
                        -3.578976,
                        48.550282
                    ],
                    [
                        -3.577848,
                        48.541317
                    ],
                    [
                        -3.564348,
                        48.542065
                    ],
                    [
                        -3.563224,
                        48.5331
                    ],
                    [
                        -3.576721,
                        48.532353
                    ],
                    [
                        -3.575595,
                        48.523388
                    ],
                    [
                        -3.58909,
                        48.522639
                    ],
                    [
                        -3.587961,
                        48.513675
                    ],
                    [
                        -3.601454,
                        48.512924
                    ],
                    [
                        -3.600323,
                        48.50396
                    ],
                    [
                        -3.613813,
                        48.503208
                    ],
                    [
                        -3.608155,
                        48.458385
                    ],
                    [
                        -3.594677,
                        48.459137
                    ],
                    [
                        -3.593549,
                        48.450172
                    ],
                    [
                        -3.580072,
                        48.450921
                    ],
                    [
                        -3.578947,
                        48.441956
                    ],
                    [
                        -3.592421,
                        48.441207
                    ],
                    [
                        -3.591294,
                        48.432242
                    ],
                    [
                        -3.604765,
                        48.431491
                    ],
                    [
                        -3.603636,
                        48.422526
                    ],
                    [
                        -3.617105,
                        48.421774
                    ],
                    [
                        -3.611453,
                        48.376948
                    ],
                    [
                        -3.584538,
                        48.37845
                    ],
                    [
                        -3.583413,
                        48.369484
                    ],
                    [
                        -3.569957,
                        48.370233
                    ],
                    [
                        -3.558754,
                        48.280573
                    ],
                    [
                        -3.531887,
                        48.282062
                    ],
                    [
                        -3.52966,
                        48.264129
                    ],
                    [
                        -3.556518,
                        48.26264
                    ],
                    [
                        -3.554284,
                        48.244706
                    ],
                    [
                        -3.567708,
                        48.24396
                    ],
                    [
                        -3.563235,
                        48.208093
                    ],
                    [
                        -3.54982,
                        48.208839
                    ],
                    [
                        -3.548704,
                        48.199872
                    ],
                    [
                        -3.57553,
                        48.198379
                    ],
                    [
                        -3.57441,
                        48.189412
                    ],
                    [
                        -3.573292,
                        48.180445
                    ],
                    [
                        -3.572173,
                        48.171478
                    ]
                ]
            ],
            [
                [
                    [
                        -3.673007,
                        48.860962
                    ],
                    [
                        -3.659426,
                        48.861721
                    ],
                    [
                        -3.658278,
                        48.852759
                    ],
                    [
                        -3.617538,
                        48.855025
                    ],
                    [
                        -3.618679,
                        48.863986
                    ],
                    [
                        -3.605096,
                        48.864738
                    ],
                    [
                        -3.608514,
                        48.891623
                    ],
                    [
                        -3.622104,
                        48.890871
                    ],
                    [
                        -3.623247,
                        48.899832
                    ],
                    [
                        -3.664022,
                        48.897565
                    ],
                    [
                        -3.662872,
                        48.888604
                    ],
                    [
                        -3.676461,
                        48.887845
                    ],
                    [
                        -3.673007,
                        48.860962
                    ]
                ]
            ],
            [
                [
                    [
                        6.34552,
                        42.991296
                    ],
                    [
                        6.37,
                        42.990531
                    ],
                    [
                        6.369477,
                        42.981546
                    ],
                    [
                        6.381715,
                        42.981161
                    ],
                    [
                        6.381191,
                        42.972176
                    ],
                    [
                        6.405662,
                        42.971404
                    ],
                    [
                        6.40619,
                        42.980389
                    ],
                    [
                        6.418427,
                        42.98
                    ],
                    [
                        6.418957,
                        42.988985
                    ],
                    [
                        6.431196,
                        42.988595
                    ],
                    [
                        6.431729,
                        42.99758
                    ],
                    [
                        6.48069,
                        42.996006
                    ],
                    [
                        6.48177,
                        43.013975
                    ],
                    [
                        6.494014,
                        43.013578
                    ],
                    [
                        6.494556,
                        43.022563
                    ],
                    [
                        6.506802,
                        43.022164
                    ],
                    [
                        6.507346,
                        43.031149
                    ],
                    [
                        6.519593,
                        43.030749
                    ],
                    [
                        6.52014,
                        43.039734
                    ],
                    [
                        6.544637,
                        43.03893
                    ],
                    [
                        6.545738,
                        43.056899
                    ],
                    [
                        6.533486,
                        43.057302
                    ],
                    [
                        6.534034,
                        43.066287
                    ],
                    [
                        6.472759,
                        43.068282
                    ],
                    [
                        6.47222,
                        43.059296
                    ],
                    [
                        6.447713,
                        43.060084
                    ],
                    [
                        6.446642,
                        43.042114
                    ],
                    [
                        6.434392,
                        43.042505
                    ],
                    [
                        6.433859,
                        43.03352
                    ],
                    [
                        6.348117,
                        43.036223
                    ],
                    [
                        6.34552,
                        42.991296
                    ]
                ]
            ]
        ]
    }
}