{
    "type": "Feature",
    "properties": {
        "id": "geodata.md.gov-MD_ThreeInchImagery",
        "attribution": {
            "url": "http://imap.maryland.gov",
            "text": "MD iMAP, DoIT",
            "required": false
        },
        "name": "MD Three Inch Aerial Imagery",
        "icon": "https://mdgeodata.md.gov/Deprecation/images/imap_mini.png",
        "url": "https://mdgeodata.md.gov/imagery/rest/services/ThreeInch/MD_ThreeInchImagery/ImageServer/exportImage?f=image&format=jpgpng&imageSR={wkid}&bboxSR={wkid}&bbox={bbox}&size={width},{height}",
        "min_zoom": 8,
        "max_zoom": 20,
        "license_url": "https://mgaleg.maryland.gov/mgawebsite/Legislation/Details/SB0094/?ys=2015rs",
        "country_code": "US",
        "type": "wms",
        "available_projections": [
            "CRS:84",
            "EPSG:2248",
            "EPSG:2893",
            "EPSG:3857",
            "EPSG:4326",
            "EPSG:6487",
            "EPSG:6488",
            "EPSG:26985"
        ],
        "start_date": "2017",
        "end_date": "2024",
        "description": "Three Inch resolution aerial imagery for the State of Maryland. The imagery for this service is composed of imagery flown in 2017 (Westminster), 2020 (Gaithersburg, Rockville), 2023 (Anne Arundel, Baltimore County, Baltimore City), and 2024 (Eastern Shore).",
        "category": "photo",
        "privacy_policy_url": "https://www.maryland.gov/privacy-and-security-policy"
    },
    "geometry": {
        "type": "MultiPolygon",
        "coordinates": [
            [
                [
                    [
                        -75.814225139358598,
                        38.0092980714198916
                    ],
                    [
                        -75.8145962513687692,
                        37.9866870287721667
                    ],
                    [
                        -75.8149459439493256,
                        37.9653680906623023
                    ],
                    [
                        -75.8178591220252258,
                        37.9653979943797779
                    ],
                    [
                        -75.8203561330878841,
                        37.96542356805427
                    ],
                    [
                        -75.8228531468454889,
                        37.9654490871872881
                    ],
                    [
                        -75.8253501623997153,
                        37.9654745524870165
                    ],
                    [
                        -75.8282633485604549,
                        37.96550419412165
                    ],
                    [
                        -75.8307603677079527,
                        37.9655295425468609
                    ],
                    [
                        -75.8332573886520862,
                        37.96555483643079
                    ],
                    [
                        -75.835754411392827,
                        37.965580076481757
                    ],
                    [
                        -75.8361081634601391,
                        37.9436150927081854
                    ],
                    [
                        -75.8386044298194406,
                        37.9436402715817351
                    ],
                    [
                        -75.8415167419194063,
                        37.943669577733715
                    ],
                    [
                        -75.8440130109736259,
                        37.94369463898996
                    ],
                    [
                        -75.8465092827228062,
                        37.9437196456889509
                    ],
                    [
                        -75.8481734647872372,
                        37.9437362872991955
                    ],
                    [
                        -75.8502536925923607,
                        37.9437570554794448
                    ],
                    [
                        -75.8523339221941058,
                        37.9437777853988436
                    ],
                    [
                        -75.8544141526941758,
                        37.9437984784743847
                    ],
                    [
                        -75.8560783383518782,
                        37.9438150060104675
                    ],
                    [
                        -75.85815857154688,
                        37.94383563106684
                    ],
                    [
                        -75.8602388056402077,
                        37.9438562185709216
                    ],
                    [
                        -75.8623190406318457,
                        37.943876769231224
                    ],
                    [
                        -75.8643992765218087,
                        37.943897281630953
                    ],
                    [
                        -75.8660634666710934,
                        37.9439136646264714
                    ],
                    [
                        -75.8681437052559886,
                        37.9439341097156984
                    ],
                    [
                        -75.8698078972018806,
                        37.9439504388629061
                    ],
                    [
                        -75.8718881375834258,
                        37.9439708166417731
                    ],
                    [
                        -75.8735523313259677,
                        37.9439870912322732
                    ],
                    [
                        -75.87563257350412,
                        37.9440074009924473
                    ],
                    [
                        -75.8777128174789084,
                        37.9440276739090194
                    ],
                    [
                        -75.8773717083009132,
                        37.9659927836181126
                    ],
                    [
                        -75.87945258558797,
                        37.96601302497217
                    ],
                    [
                        -75.8811172877769735,
                        37.96602919057289
                    ],
                    [
                        -75.8831981668606659,
                        37.9660493639287964
                    ],
                    [
                        -75.8852790477410082,
                        37.9660694997440586
                    ],
                    [
                        -75.88694375262493,
                        37.9660855817636431
                    ],
                    [
                        -75.88902463530188,
                        37.9661056502891228
                    ],
                    [
                        -75.8911055188771684,
                        37.9661256805658169
                    ],
                    [
                        -75.8931864042490787,
                        37.9661456740102068
                    ],
                    [
                        -75.895267289620989,
                        37.9661656299140944
                    ],
                    [
                        -75.896931999894818,
                        37.9661815674380918
                    ],
                    [
                        -75.8990128879616606,
                        37.96620145534424
                    ],
                    [
                        -75.9010937769268139,
                        37.9662213057099791
                    ],
                    [
                        -75.9031746667903207,
                        37.9662411185352795
                    ],
                    [
                        -75.9048393806574069,
                        37.9662569420214737
                    ],
                    [
                        -75.9069202723175209,
                        37.9662766875575173
                    ],
                    [
                        -75.9085849870829037,
                        37.9662924565040427
                    ],
                    [
                        -75.9083361348845784,
                        37.9827663904292976
                    ],
                    [
                        -75.9054222201901467,
                        37.98273877228732
                    ],
                    [
                        -75.902924581205113,
                        37.9827150406155667
                    ],
                    [
                        -75.9004269431183758,
                        37.9826912551244362
                    ],
                    [
                        -75.8979293077265993,
                        37.9826674151057233
                    ],
                    [
                        -75.8976779680932623,
                        37.9991413525977677
                    ],
                    [
                        -75.89476339762868,
                        37.9991134652504385
                    ],
                    [
                        -75.8922651953999434,
                        37.9990895024397517
                    ],
                    [
                        -75.8897669949678431,
                        37.9990654865293962
                    ],
                    [
                        -75.8872687972307034,
                        37.9990414153956593
                    ],
                    [
                        -75.8870995914621034,
                        38.0100240391072646
                    ],
                    [
                        -75.8850174439572243,
                        38.0100039358776485
                    ],
                    [
                        -75.8825188689276615,
                        38.00997976287448
                    ],
                    [
                        -75.88002029479641,
                        38.0099555353638507
                    ],
                    [
                        -75.8779381517830984,
                        38.0099353040061985
                    ],
                    [
                        -75.8758560096681123,
                        38.0099150358380271
                    ],
                    [
                        -75.8733574400284283,
                        38.0098906639175169
                    ],
                    [
                        -75.8712753006083886,
                        38.0098703129259619
                    ],
                    [
                        -75.8687767345619761,
                        38.0098458419004075
                    ],
                    [
                        -75.8666945978368688,
                        38.0098254080852769
                    ],
                    [
                        -75.8641960344854027,
                        38.0098008379544865
                    ],
                    [
                        -75.86211390045527,
                        38.0097803213156737
                    ],
                    [
                        -75.859615340697033,
                        38.0097556520794768
                    ],
                    [
                        -75.8571167827354742,
                        38.0097309283352658
                    ],
                    [
                        -75.8550346522985848,
                        38.0097102842749877
                    ],
                    [
                        -75.8525360970319582,
                        38.0096854614250788
                    ],
                    [
                        -75.8504539692900011,
                        38.0096647345407348
                    ],
                    [
                        -75.8483718424463689,
                        38.0096439701376525
                    ],
                    [
                        -75.8458732925696353,
                        38.0096190028762635
                    ],
                    [
                        -75.8433747435912125,
                        38.0095939818144046
                    ],
                    [
                        -75.8412926212391625,
                        38.00957308998921
                    ],
                    [
                        -75.8387940758539969,
                        38.00954796982105
                    ],
                    [
                        -75.8367119561968792,
                        38.00952699446345
                    ],
                    [
                        -75.8346298374381149,
                        38.0095059822947618
                    ],
                    [
                        -75.8321312965445031,
                        38.0094807177143679
                    ],
                    [
                        -75.8300491804806711,
                        38.0094596227208612
                    ],
                    [
                        -75.827550643180345,
                        38.00943425903376
                    ],
                    [
                        -75.8254685298114453,
                        38.0094130812153352
                    ],
                    [
                        -75.8233864182391812,
                        38.009391865877852
                    ],
                    [
                        -75.8208878854304231,
                        38.0093663577777789
                    ],
                    [
                        -75.8188057756547948,
                        38.0093450596151428
                    ],
                    [
                        -75.816307246439294,
                        38.0093194524078939
                    ],
                    [
                        -75.814225139358598,
                        38.0092980714198916
                    ]
                ]
            ],
            [
                [
                    [
                        -75.5227169482165692,
                        38.0072259446618119
                    ],
                    [
                        -75.5229679599648307,
                        37.994951946807717
                    ],
                    [
                        -75.5258821953578376,
                        37.994989227143634
                    ],
                    [
                        -75.52838011371891,
                        37.9950211236518811
                    ],
                    [
                        -75.5308780347749575,
                        37.9950529656356935
                    ],
                    [
                        -75.5333759576276265,
                        37.9950847538030132
                    ],
                    [
                        -75.5367065253238792,
                        37.9951270532891883
                    ],
                    [
                        -75.5400370957150926,
                        37.9951692571805566
                    ],
                    [
                        -75.5433676714961706,
                        37.9952113647693892
                    ],
                    [
                        -75.5462819275504387,
                        37.9952481303097613
                    ],
                    [
                        -75.5496125096197346,
                        37.9952900573318431
                    ],
                    [
                        -75.5529430961806128,
                        37.9953318880518154
                    ],
                    [
                        -75.5562736863347624,
                        37.9953736231777839
                    ],
                    [
                        -75.559604280082155,
                        37.9954152620020835
                    ],
                    [
                        -75.56293487832113,
                        37.9954568045247569
                    ],
                    [
                        -75.5662654792550512,
                        37.9954982514539807
                    ],
                    [
                        -75.5695960846805548,
                        37.9955396013740767
                    ],
                    [
                        -75.5725103676842593,
                        37.995575704132321
                    ],
                    [
                        -75.5754246533828962,
                        37.9956117332486656
                    ],
                    [
                        -75.5787552695882,
                        37.99565281904907
                    ],
                    [
                        -75.5820858893867609,
                        37.99569380854885
                    ],
                    [
                        -75.5854165127785507,
                        37.9957347024560477
                    ],
                    [
                        -75.585169782400925,
                        38.0083318379064394
                    ],
                    [
                        -75.5849166362555565,
                        38.0212519910149283
                    ],
                    [
                        -75.5846887273797705,
                        38.0328801411404527
                    ],
                    [
                        -75.5844607448421186,
                        38.0445083019545862
                    ],
                    [
                        -75.5842200170072118,
                        38.0567824830636283
                    ],
                    [
                        -75.5839792074256565,
                        38.0690566752895236
                    ],
                    [
                        -75.5837129539619639,
                        38.0826228992412794
                    ],
                    [
                        -75.5834783140097244,
                        38.0945741075743527
                    ],
                    [
                        -75.5813938228002939,
                        38.09454852521695
                    ],
                    [
                        -75.5793093324891316,
                        38.0945229046742213
                    ],
                    [
                        -75.5776417422165139,
                        38.094502382075774
                    ],
                    [
                        -75.5755572546003265,
                        38.0944766943548245
                    ],
                    [
                        -75.573889666124316,
                        38.0944561165997442
                    ],
                    [
                        -75.5718051821014,
                        38.0944303617004465
                    ],
                    [
                        -75.5697206989767807,
                        38.0944045686156585
                    ],
                    [
                        -75.5676362167504578,
                        38.0943787380523631
                    ],
                    [
                        -75.565968632766058,
                        38.09435804644751
                    ],
                    [
                        -75.5638841541330066,
                        38.0943321479986
                    ],
                    [
                        -75.561799677296591,
                        38.0943062120710678
                    ],
                    [
                        -75.5601320960071234,
                        38.0942854363161274
                    ],
                    [
                        -75.5580476218656543,
                        38.0942594325027812
                    ],
                    [
                        -75.55596314862251,
                        38.094233391210679
                    ],
                    [
                        -75.5542955709263,
                        38.0942125305984192
                    ],
                    [
                        -75.5522111003780878,
                        38.0941864221272368
                    ],
                    [
                        -75.5501266316265117,
                        38.0941602754702728
                    ],
                    [
                        -75.54804216377326,
                        38.0941340913344035
                    ],
                    [
                        -75.5463745914669289,
                        38.0941131168711706
                    ],
                    [
                        -75.54429012630861,
                        38.094086864849011
                    ],
                    [
                        -75.5422056638452517,
                        38.0940605753478394
                    ],
                    [
                        -75.5401212013818792,
                        38.09403424766063
                    ],
                    [
                        -75.5384536335671442,
                        38.0940131593460052
                    ],
                    [
                        -75.5363691746970289,
                        38.093986764479169
                    ],
                    [
                        -75.53470160867893,
                        38.0939656210068662
                    ],
                    [
                        -75.5326171525037608,
                        38.09393915896031
                    ],
                    [
                        -75.5305326981252421,
                        38.0939126587275894
                    ],
                    [
                        -75.5284482446450056,
                        38.09388612101553
                    ],
                    [
                        -75.5267806831184743,
                        38.0938648636910955
                    ],
                    [
                        -75.5246962332315235,
                        38.0938382580921058
                    ],
                    [
                        -75.5226117842428977,
                        38.093811615013685
                    ],
                    [
                        -75.5209442263096236,
                        38.09379027283051
                    ],
                    [
                        -75.5211958417257421,
                        38.0815161936512823
                    ],
                    [
                        -75.52144737090363,
                        38.0692421245098274
                    ],
                    [
                        -75.5216921986494611,
                        38.0572910669250248
                    ],
                    [
                        -75.5219435589440593,
                        38.0450170184998981
                    ],
                    [
                        -75.522194833898709,
                        38.0327429817359359
                    ],
                    [
                        -75.5224460235133961,
                        38.020468957184427
                    ],
                    [
                        -75.5227169482165692,
                        38.0072259446618119
                    ]
                ]
            ],
            [
                [
                    [
                        -75.3528735150022442,
                        38.1493502222016687
                    ],
                    [
                        -75.3531908242151047,
                        38.1354615259209666
                    ],
                    [
                        -75.3556935288000318,
                        38.1354971618992877
                    ],
                    [
                        -75.3577791177507663,
                        38.1355268167291257
                    ],
                    [
                        -75.3602818268272614,
                        38.135562353755553
                    ],
                    [
                        -75.3623674193712816,
                        38.13559192589004
                    ],
                    [
                        -75.3648701320410339,
                        38.1356273632582585
                    ],
                    [
                        -75.3669557281782829,
                        38.1356568526975934
                    ],
                    [
                        -75.3690413261121677,
                        38.1356863046768382
                    ],
                    [
                        -75.3711269258427023,
                        38.1357157191959715
                    ],
                    [
                        -75.37362964839393,
                        38.13575096643681
                    ],
                    [
                        -75.3757152517177218,
                        38.1357802982612242
                    ],
                    [
                        -75.3782179778622066,
                        38.1358154465511987
                    ],
                    [
                        -75.3803035847792415,
                        38.1358446949745868
                    ],
                    [
                        -75.3823891943912372,
                        38.1358739059381193
                    ],
                    [
                        -75.3848919268239257,
                        38.1359089100430708
                    ],
                    [
                        -75.3869775391308536,
                        38.1359380383124673
                    ],
                    [
                        -75.3894802769534635,
                        38.135972942760624
                    ],
                    [
                        -75.3919830165726808,
                        38.1360077927864367
                    ],
                    [
                        -75.3940686351678266,
                        38.13603679312773
                    ],
                    [
                        -75.3961542546612691,
                        38.1360657560094651
                    ],
                    [
                        -75.3986570005687042,
                        38.1361004611448209
                    ],
                    [
                        -75.4007426245537431,
                        38.1361293413330742
                    ],
                    [
                        -75.4032453749527463,
                        38.1361639475189946
                    ],
                    [
                        -75.4057481280466959,
                        38.1361984992829406
                    ],
                    [
                        -75.4078337574216278,
                        38.1362272515440921
                    ],
                    [
                        -75.4103365150071454,
                        38.1362617043590646
                    ],
                    [
                        -75.4124221479753345,
                        38.13629037322066
                    ],
                    [
                        -75.4145077827401593,
                        38.13631900462309
                    ],
                    [
                        -75.41701054571557,
                        38.1363533132556682
                    ],
                    [
                        -75.419096184073652,
                        38.1363818619654822
                    ],
                    [
                        -75.4215989524389556,
                        38.1364160709430919
                    ],
                    [
                        -75.4236845943902949,
                        38.1364445369604965
                    ],
                    [
                        -75.4261873663488558,
                        38.1364786462833223
                    ],
                    [
                        -75.4291072710096273,
                        38.136518372054411
                    ],
                    [
                        -75.4316100483580811,
                        38.1365523640535073
                    ],
                    [
                        -75.4341128284014957,
                        38.1365863016314961
                    ],
                    [
                        -75.4366156111398567,
                        38.1366201854950688
                    ],
                    [
                        -75.4363213760533711,
                        38.1501861081393443
                    ],
                    [
                        -75.43599899135917,
                        38.1650440325248326
                    ],
                    [
                        -75.4357115367564433,
                        38.1782869726871112
                    ],
                    [
                        -75.4354239761525349,
                        38.1915299189923445
                    ],
                    [
                        -75.4325018391783,
                        38.1914903523894012
                    ],
                    [
                        -75.429997152011552,
                        38.1914563796416147
                    ],
                    [
                        -75.4274924684380466,
                        38.1914223525136194
                    ],
                    [
                        -75.4249877866611769,
                        38.19138827100533
                    ],
                    [
                        -75.4224831075792395,
                        38.1913541358227633
                    ],
                    [
                        -75.4199784302939662,
                        38.19131994625976
                    ],
                    [
                        -75.4170563103877214,
                        38.19127998910718
                    ],
                    [
                        -75.4145516384923127,
                        38.19124568230805
                    ],
                    [
                        -75.4120469692918647,
                        38.1912113204221981
                    ],
                    [
                        -75.4095423018880382,
                        38.19117690486167
                    ],
                    [
                        -75.4070376371791582,
                        38.1911424349203585
                    ],
                    [
                        -75.4041155316459566,
                        38.1911021514829159
                    ],
                    [
                        -75.4011934288077157,
                        38.191061793889638
                    ],
                    [
                        -75.3986887721836752,
                        38.1910271431490145
                    ],
                    [
                        -75.3961841182545811,
                        38.1909924380272727
                    ],
                    [
                        -75.3936794670204478,
                        38.1909576785243345
                    ],
                    [
                        -75.3911748175829217,
                        38.19092286534611
                    ],
                    [
                        -75.3886701699420314,
                        38.1908879977864828
                    ],
                    [
                        -75.3861655258943983,
                        38.1908530758454177
                    ],
                    [
                        -75.3832434437174044,
                        38.1908122648387618
                    ],
                    [
                        -75.3807388041613535,
                        38.1907772249532655
                    ],
                    [
                        -75.3782341673002634,
                        38.190742131392085
                    ],
                    [
                        -75.3753120941064054,
                        38.19070112051471
                    ],
                    [
                        -75.37280746263518,
                        38.1906659090085583
                    ],
                    [
                        -75.3703028338589291,
                        38.1906306438264735
                    ],
                    [
                        -75.3677982068793,
                        38.1905953242623895
                    ],
                    [
                        -75.3652935825946173,
                        38.1905599503161639
                    ],
                    [
                        -75.3623715246721133,
                        38.1905186117340563
                    ],
                    [
                        -75.3598669057773094,
                        38.1904831205480235
                    ],
                    [
                        -75.3573622895774662,
                        38.1904475749796077
                    ],
                    [
                        -75.35444023973983,
                        38.1904060365243083
                    ],
                    [
                        -75.3519356289298514,
                        38.1903703730094861
                    ],
                    [
                        -75.3522606870103573,
                        38.1761586605861183
                    ],
                    [
                        -75.3525560827201843,
                        38.1632389273710686
                    ],
                    [
                        -75.3528735150022442,
                        38.1493502222016687
                    ]
                ]
            ],
            [
                [
                    [
                        -75.6651257733650766,
                        38.1892397460957653
                    ],
                    [
                        -75.6654369183384574,
                        38.1724431454450155
                    ],
                    [
                        -75.6679410458547892,
                        38.1724720204259071
                    ],
                    [
                        -75.6704451760660817,
                        38.172500840310633
                    ],
                    [
                        -75.6729493089723064,
                        38.1725296065117377
                    ],
                    [
                        -75.6758707991595259,
                        38.1725630986803779
                    ],
                    [
                        -75.6787922911433952,
                        38.1725965166812813
                    ],
                    [
                        -75.6821311440015307,
                        38.1726346182683471
                    ],
                    [
                        -75.6854699995545843,
                        38.1726726237906462
                    ],
                    [
                        -75.6888088587009236,
                        38.1727105325421121
                    ],
                    [
                        -75.6921477214405058,
                        38.1727483452291025
                    ],
                    [
                        -75.6950692295940541,
                        38.1727813521302579
                    ],
                    [
                        -75.6984080986218544,
                        38.172818983284337
                    ],
                    [
                        -75.7017469712429119,
                        38.1728565190806037
                    ],
                    [
                        -75.7050858474572266,
                        38.1728939581067621
                    ],
                    [
                        -75.7080073672888574,
                        38.1729266379668886
                    ],
                    [
                        -75.71134624979139,
                        38.1729638961674382
                    ],
                    [
                        -75.7146851367855049,
                        38.1730010575983556
                    ],
                    [
                        -75.7180240264745379,
                        38.1730381229659059
                    ],
                    [
                        -75.7213629188585458,
                        38.1730750922702953
                    ],
                    [
                        -75.7247018157341216,
                        38.1731119648055
                    ],
                    [
                        -75.72804071530463,
                        38.1731487405715626
                    ],
                    [
                        -75.7277612754708969,
                        38.1889764618119756
                    ],
                    [
                        -75.7274417644872671,
                        38.2070652958960721
                    ],
                    [
                        -75.7271620605488067,
                        38.222893034086276
                    ],
                    [
                        -75.7268765211542814,
                        38.2390437925552149
                    ],
                    [
                        -75.724787798879845,
                        38.2390207980729926
                    ],
                    [
                        -75.72269907840203,
                        38.2389977654828
                    ],
                    [
                        -75.7210281023791083,
                        38.2389793120292936
                    ],
                    [
                        -75.718939383697915,
                        38.23895621169131
                    ],
                    [
                        -75.7168506659150609,
                        38.23893307395074
                    ],
                    [
                        -75.7147619499288,
                        38.2389098981020794
                    ],
                    [
                        -75.713090978397446,
                        38.2388913303239377
                    ],
                    [
                        -75.71100226510616,
                        38.238868086727237
                    ],
                    [
                        -75.7089135527131845,
                        38.2388448050222891
                    ],
                    [
                        -75.7068248421168306,
                        38.2388214859146416
                    ],
                    [
                        -75.7051538741787482,
                        38.2388028038114456
                    ],
                    [
                        -75.7030651662773408,
                        38.2387794169554525
                    ],
                    [
                        -75.7009764592742584,
                        38.238755991991134
                    ],
                    [
                        -75.6993054940311225,
                        38.2387372252025131
                    ],
                    [
                        -75.6972167897229724,
                        38.2387137331952971
                    ],
                    [
                        -75.695545827174783,
                        38.2386949120667623
                    ],
                    [
                        -75.6934571246632544,
                        38.2386713516053263
                    ],
                    [
                        -75.6913684239483757,
                        38.23864775374097
                    ],
                    [
                        -75.689279725030147,
                        38.2386241177680191
                    ],
                    [
                        -75.6876087660752006,
                        38.2386051823134494
                    ],
                    [
                        -75.68593780891689,
                        38.238586222864491
                    ],
                    [
                        -75.6838491126935935,
                        38.23856248879688
                    ],
                    [
                        -75.6817604182669044,
                        38.2385387173261293
                    ],
                    [
                        -75.6796717256368652,
                        38.2385149084521458
                    ],
                    [
                        -75.6775830339051367,
                        38.238491062175008
                    ],
                    [
                        -75.6759120812384083,
                        38.2384719573480325
                    ],
                    [
                        -75.6738233922016406,
                        38.238448042616092
                    ],
                    [
                        -75.6721524422298586,
                        38.2384288841541462
                    ],
                    [
                        -75.6700637549897124,
                        38.2384049016728156
                    ],
                    [
                        -75.6679750695461877,
                        38.23838088178816
                    ],
                    [
                        -75.6658863858992845,
                        38.23835682379449
                    ],
                    [
                        -75.6642154404190848,
                        38.2383375502997112
                    ],
                    [
                        -75.6645210194309641,
                        38.221863938267596
                    ],
                    [
                        -75.6648204710343038,
                        38.2057133441252645
                    ],
                    [
                        -75.6651257733650766,
                        38.1892397460957653
                    ]
                ]
            ],
            [
                [
                    [
                        -75.0322638342925217,
                        38.4277143109882928
                    ],
                    [
                        -75.0325824307911944,
                        38.4160873461428665
                    ],
                    [
                        -75.0355134574934652,
                        38.416137015208875
                    ],
                    [
                        -75.0380257695603774,
                        38.4161795296443458
                    ],
                    [
                        -75.0405380843221934,
                        38.4162219898586415
                    ],
                    [
                        -75.04305040177897,
                        38.416264395148005
                    ],
                    [
                        -75.0455627228290325,
                        38.4163067469203057
                    ],
                    [
                        -75.048075046574013,
                        38.4163490437679087
                    ],
                    [
                        -75.05058737301394,
                        38.4163912863947274
                    ],
                    [
                        -75.0535184248690541,
                        38.41644050056879
                    ],
                    [
                        -75.0540260466664506,
                        38.3977080656085406
                    ],
                    [
                        -75.0545508936593961,
                        38.3783296725770811
                    ],
                    [
                        -75.05506671707532,
                        38.3592742422332051
                    ],
                    [
                        -75.0553114190570341,
                        38.35023098508605
                    ],
                    [
                        -75.0555997387373566,
                        38.3395728579561137
                    ],
                    [
                        -75.0581093864011137,
                        38.3396149375814019
                    ],
                    [
                        -75.0606190376581424,
                        38.3396569629287569
                    ],
                    [
                        -75.063128692508414,
                        38.3396989339982355
                    ],
                    [
                        -75.06605662631118,
                        38.339747831165397
                    ],
                    [
                        -75.068984563707204,
                        38.3397966550222051
                    ],
                    [
                        -75.0714942275406543,
                        38.339838444931317
                    ],
                    [
                        -75.0740038949673192,
                        38.3398801805629574
                    ],
                    [
                        -75.0765135641906625,
                        38.339921861917226
                    ],
                    [
                        -75.0767814220454426,
                        38.3299096319117893
                    ],
                    [
                        -75.0771010246572388,
                        38.3179595492411664
                    ],
                    [
                        -75.0804462339942944,
                        38.3180150227802159
                    ],
                    [
                        -75.0833732973295582,
                        38.3180634828019109
                    ],
                    [
                        -75.0867185165481033,
                        38.3181187751276866
                    ],
                    [
                        -75.0900637402582163,
                        38.3181739708537066
                    ],
                    [
                        -75.0934089702565331,
                        38.3182290699801555
                    ],
                    [
                        -75.0963360497614758,
                        38.3182772028320926
                    ],
                    [
                        -75.0996812887429428,
                        38.3183321207469305
                    ],
                    [
                        -75.103026533114317,
                        38.3183869427676171
                    ],
                    [
                        -75.1063717828755841,
                        38.3184416674848336
                    ],
                    [
                        -75.1097170371284193,
                        38.3184962963083819
                    ],
                    [
                        -75.1130622967711474,
                        38.3185508278288651
                    ],
                    [
                        -75.1164075609054578,
                        38.3186052634560994
                    ],
                    [
                        -75.1197528304296469,
                        38.3186596017807162
                    ],
                    [
                        -75.123098105343729,
                        38.3187138442125672
                    ],
                    [
                        -75.12602522437453,
                        38.3187612268415378
                    ],
                    [
                        -75.1293705091701014,
                        38.3188152880653519
                    ],
                    [
                        -75.1322976362857418,
                        38.3188625120495274
                    ],
                    [
                        -75.1356429300644351,
                        38.3189163920660576
                    ],
                    [
                        -75.1389882283347248,
                        38.3189701754860579
                    ],
                    [
                        -75.1423335319949075,
                        38.3190238623096278
                    ],
                    [
                        -75.1456788410449974,
                        38.3190774525370443
                    ],
                    [
                        -75.1490241536883161,
                        38.3191309461685847
                    ],
                    [
                        -75.1523694726198528,
                        38.3191843432043271
                    ],
                    [
                        -75.1557147960429717,
                        38.3192376436446267
                    ],
                    [
                        -75.1586419581929022,
                        38.3192842027375349
                    ],
                    [
                        -75.1619872905991713,
                        38.3193373219737055
                    ],
                    [
                        -75.1653326283953334,
                        38.319390344615023
                    ],
                    [
                        -75.1686779706830634,
                        38.3194432706616013
                    ],
                    [
                        -75.1720233183607007,
                        38.31949610081849
                    ],
                    [
                        -75.1749505011718924,
                        38.31954224744522
                    ],
                    [
                        -75.17829585783268,
                        38.31959489569519
                    ],
                    [
                        -75.1816412198833461,
                        38.3196474480560738
                    ],
                    [
                        -75.1819188621881977,
                        38.3086660321623356
                    ],
                    [
                        -75.1840093972628836,
                        38.30869882304404
                    ],
                    [
                        -75.1860999332358944,
                        38.3087315765515939
                    ],
                    [
                        -75.187772363631268,
                        38.3087577519972768
                    ],
                    [
                        -75.1898629031975361,
                        38.3087904371038306
                    ],
                    [
                        -75.1919534445604256,
                        38.3088230848364191
                    ],
                    [
                        -75.1936258794473815,
                        38.3088491756621394
                    ],
                    [
                        -75.1957164244035283,
                        38.3088817549939336
                    ],
                    [
                        -75.1978069711563393,
                        38.3089142969519258
                    ],
                    [
                        -75.199479410534849,
                        38.3089403038630039
                    ],
                    [
                        -75.201569960880903,
                        38.30897277742045
                    ],
                    [
                        -75.2032424020560484,
                        38.3089987300340766
                    ],
                    [
                        -75.2053329559953738,
                        38.309031135896042
                    ],
                    [
                        -75.2074235117313066,
                        38.3090635043844259
                    ],
                    [
                        -75.2090959573980484,
                        38.30908937237897
                    ],
                    [
                        -75.2111865167272384,
                        38.3091216724672421
                    ],
                    [
                        -75.2132770769547676,
                        38.3091539351820742
                    ],
                    [
                        -75.2149495271130775,
                        38.3091797185578642
                    ],
                    [
                        -75.2170400918321747,
                        38.3092119135777267
                    ],
                    [
                        -75.2191306574495684,
                        38.309244070519398
                    ],
                    [
                        -75.2208031120994747,
                        38.3092697692768027
                    ],
                    [
                        -75.22289368131014,
                        38.309301858523753
                    ],
                    [
                        -75.2249842523174408,
                        38.3093339103975481
                    ],
                    [
                        -75.2266567114589009,
                        38.3093595245368306
                    ],
                    [
                        -75.228747286059459,
                        38.3093915080112666
                    ],
                    [
                        -75.2308378624566529,
                        38.3094234541126824
                    ],
                    [
                        -75.2325103251913561,
                        38.309448983634141
                    ],
                    [
                        -75.2346009042835107,
                        38.3094808613364535
                    ],
                    [
                        -75.2366914860706117,
                        38.3095127023707747
                    ],
                    [
                        -75.2383639532968971,
                        38.3095381472747931
                    ],
                    [
                        -75.24045453777893,
                        38.3095699199102526
                    ],
                    [
                        -75.2425451249558961,
                        38.3096016544680964
                    ],
                    [
                        -75.2446357139295117,
                        38.3096333516532468
                    ],
                    [
                        -75.2443597586607638,
                        38.3209379019111438
                    ],
                    [
                        -75.2440994924684361,
                        38.3315964773430125
                    ],
                    [
                        -75.2470272133704725,
                        38.3316408031531353
                    ],
                    [
                        -75.2495366912526293,
                        38.3316787382962829
                    ],
                    [
                        -75.2520461718297469,
                        38.3317166184553955
                    ],
                    [
                        -75.2545556551018251,
                        38.3317544443353668
                    ],
                    [
                        -75.2570651410688214,
                        38.3317922166408
                    ],
                    [
                        -75.2595746297307784,
                        38.3318299339624957
                    ],
                    [
                        -75.2620841210876677,
                        38.33186759700525
                    ],
                    [
                        -75.265011863549276,
                        38.33191146884441
                    ],
                    [
                        -75.2647468228112189,
                        38.3428930774919507
                    ],
                    [
                        -75.2672567031386279,
                        38.3429306291002305
                    ],
                    [
                        -75.2697665861609977,
                        38.3429681257334209
                    ],
                    [
                        -75.2726947858650846,
                        38.3430118034388414
                    ],
                    [
                        -75.2752046742773473,
                        38.3430491823688158
                    ],
                    [
                        -75.2781328802696237,
                        38.3430927226365554
                    ],
                    [
                        -75.2806427740717794,
                        38.3431299838637543
                    ],
                    [
                        -75.2831526705688674,
                        38.3431671908208216
                    ],
                    [
                        -75.2856625697609019,
                        38.343204342803439
                    ],
                    [
                        -75.2854006425836246,
                        38.3541859979981155
                    ],
                    [
                        -75.2879109271529074,
                        38.3542231020616242
                    ],
                    [
                        -75.2904212153154617,
                        38.35426015115911
                    ],
                    [
                        -75.2929315052746517,
                        38.3542971466995368
                    ],
                    [
                        -75.2958601801875176,
                        38.3543402385165066
                    ],
                    [
                        -75.2983704764349113,
                        38.3543771163732075
                    ],
                    [
                        -75.3008807744789408,
                        38.3544139392642336
                    ],
                    [
                        -75.3038094592732818,
                        38.3544568309486849
                    ],
                    [
                        -75.3063197636055293,
                        38.3544935361565678
                    ],
                    [
                        -75.3060381112212127,
                        38.3664442090172813
                    ],
                    [
                        -75.3058020600157079,
                        38.37645693273469
                    ],
                    [
                        -75.3074761082769157,
                        38.3764813801802163
                    ],
                    [
                        -75.3095686708491883,
                        38.3765119051441559
                    ],
                    [
                        -75.3129167745581043,
                        38.3765606675941413
                    ],
                    [
                        -75.3162648827586025,
                        38.37660933282735
                    ],
                    [
                        -75.3183574525174038,
                        38.3766396992852634
                    ],
                    [
                        -75.3200315097617477,
                        38.3766639656816508
                    ],
                    [
                        -75.3221240831138488,
                        38.3766942645104976
                    ],
                    [
                        -75.3237981430531249,
                        38.3767184759586115
                    ],
                    [
                        -75.3258907191001441,
                        38.3767487071585549
                    ],
                    [
                        -75.3275647808360844,
                        38.3767728643627137
                    ],
                    [
                        -75.3309129087995046,
                        38.3768211069154717
                    ],
                    [
                        -75.3330054911347275,
                        38.3768512091985556
                    ],
                    [
                        -75.3346795582605608,
                        38.3768752642553466
                    ],
                    [
                        -75.3363536271830014,
                        38.3768992946560914
                    ],
                    [
                        -75.3384462131114816,
                        38.3769292990189044
                    ],
                    [
                        -75.34179435634627,
                        38.3769772266774325
                    ],
                    [
                        -75.34514250317433,
                        38.3770250585293269
                    ],
                    [
                        -75.3472350971876352,
                        38.3770549043888636
                    ],
                    [
                        -75.3489091732966187,
                        38.3770787537435822
                    ],
                    [
                        -75.35100177090321,
                        38.37710853127097
                    ],
                    [
                        -75.3526758497071256,
                        38.3771323263826076
                    ],
                    [
                        -75.3560240118065394,
                        38.3771798433429083
                    ],
                    [
                        -75.35937217749921,
                        38.3772272644973356
                    ],
                    [
                        -75.3614647831906268,
                        38.3772568532312448
                    ],
                    [
                        -75.3631388691810713,
                        38.3772804968857244
                    ],
                    [
                        -75.3664870447552033,
                        38.3773277123405947
                    ],
                    [
                        -75.3681611334406085,
                        38.377351284141028
                    ],
                    [
                        -75.3702537463185394,
                        38.3773807143738495
                    ],
                    [
                        -75.3719278385971876,
                        38.3774042312275228
                    ],
                    [
                        -75.37402045506839,
                        38.3774335931291191
                    ],
                    [
                        -75.3761130724379171,
                        38.3774629176949134
                    ],
                    [
                        -75.3777871683098226,
                        38.3774863507193729
                    ],
                    [
                        -75.3798797892726071,
                        38.3775156069541907
                    ],
                    [
                        -75.3815538869411483,
                        38.3775389850321957
                    ],
                    [
                        -75.3849020867697988,
                        38.3775856686307506
                    ],
                    [
                        -75.3865761880315972,
                        38.3776089741513
                    ],
                    [
                        -75.3886688161808962,
                        38.3776380725908979
                    ],
                    [
                        -75.3920170240944,
                        38.3776845504929511
                    ],
                    [
                        -75.3953652373977832,
                        38.3777309318869015
                    ],
                    [
                        -75.3974578727335967,
                        38.3777598718279194
                    ],
                    [
                        -75.39913198208022,
                        38.3777829956035319
                    ],
                    [
                        -75.4008060923251975,
                        38.3778060961325735
                    ],
                    [
                        -75.4028987321526074,
                        38.3778349374527323
                    ],
                    [
                        -75.4062469589307085,
                        38.3778810046685024
                    ],
                    [
                        -75.4083396023513757,
                        38.3779097473681787
                    ],
                    [
                        -75.4100137188845281,
                        38.3779327147593676
                    ],
                    [
                        -75.4116878363160055,
                        38.3779556581998449
                    ],
                    [
                        -75.4137804842282407,
                        38.3779843029835064
                    ],
                    [
                        -75.4154546043546645,
                        38.3780071914786447
                    ],
                    [
                        -75.417547255860157,
                        38.3780357686370053
                    ],
                    [
                        -75.4208955015028977,
                        38.3780814124903813
                    ],
                    [
                        -75.42340668798073,
                        38.3781155825101692
                    ],
                    [
                        -75.4259178771535232,
                        38.3781496982891142
                    ],
                    [
                        -75.4288476012986422,
                        38.37818943088034
                    ],
                    [
                        -75.4313587958613141,
                        38.3782234283162538
                    ],
                    [
                        -75.4310131987001711,
                        38.3940503749942366
                    ],
                    [
                        -75.4306392174709686,
                        38.4111693088942019
                    ],
                    [
                        -75.4281268712680912,
                        38.4111352952708671
                    ],
                    [
                        -75.4256145277601746,
                        38.4111012281355428
                    ],
                    [
                        -75.4226834633286387,
                        38.4110614136728756
                    ],
                    [
                        -75.4201711252106008,
                        38.4110272275441531
                    ],
                    [
                        -75.4176587888891987,
                        38.4109929879031355
                    ],
                    [
                        -75.4147277334408415,
                        38.4109529727701684
                    ],
                    [
                        -75.4122154025093181,
                        38.4109186148391331
                    ],
                    [
                        -75.4097030742727554,
                        38.4108842026917117
                    ],
                    [
                        -75.4071907478328143,
                        38.4108497356238132
                    ],
                    [
                        -75.4046784240878338,
                        38.410815215043165
                    ],
                    [
                        -75.4017473830125056,
                        38.4107748717948851
                    ],
                    [
                        -75.3992350646574181,
                        38.4107402329234162
                    ],
                    [
                        -75.3967227489972629,
                        38.4107055391312358
                    ],
                    [
                        -75.3942104351337292,
                        38.410670791825936
                    ],
                    [
                        -75.3916981239651562,
                        38.4106359895997329
                    ],
                    [
                        -75.3887670981611819,
                        38.41059531823371
                    ],
                    [
                        -75.3862547923825161,
                        38.4105603984197117
                    ],
                    [
                        -75.3833237719684348,
                        38.4105195897503648
                    ],
                    [
                        -75.3808114715796194,
                        38.4104845516442666
                    ],
                    [
                        -75.3782991729874681,
                        38.4104494593207448
                    ],
                    [
                        -75.3753681615565512,
                        38.4104084499765719
                    ],
                    [
                        -75.3728558692526036,
                        38.4103732400643452
                    ],
                    [
                        -75.3703435787452776,
                        38.410337975230469
                    ],
                    [
                        -75.367831290932898,
                        38.4103026561788425
                    ],
                    [
                        -75.3653190058154649,
                        38.4102672829093947
                    ],
                    [
                        -75.3628067233929784,
                        38.4102318554219835
                    ],
                    [
                        -75.3598757299283477,
                        38.4101904545833648
                    ],
                    [
                        -75.3573634519974433,
                        38.4101549088022551
                    ],
                    [
                        -75.3548511767614855,
                        38.4101193088029262
                    ],
                    [
                        -75.3523389051187849,
                        38.4100836545854136
                    ],
                    [
                        -75.3494079233322509,
                        38.410041988993207
                    ],
                    [
                        -75.3468956561811325,
                        38.4100062164812144
                    ],
                    [
                        -75.3439646815811273,
                        38.4099644135825784
                    ],
                    [
                        -75.3414524198199018,
                        38.4099285234797065
                    ],
                    [
                        -75.3389401607536229,
                        38.4098925791581465
                    ],
                    [
                        -75.3364279034839655,
                        38.4098565799139209
                    ],
                    [
                        -75.3339156498075511,
                        38.4098205271546718
                    ],
                    [
                        -75.330984689580589,
                        38.409778396127237
                    ],
                    [
                        -75.328472441294096,
                        38.4097422243684079
                    ],
                    [
                        -75.32596019570255,
                        38.4097059990943492
                    ],
                    [
                        -75.3230292444587377,
                        38.4096636673858924
                    ],
                    [
                        -75.3205170042570558,
                        38.4096273238155632
                    ],
                    [
                        -75.318004765852038,
                        38.409590926025885
                    ],
                    [
                        -75.315492531040249,
                        38.4095544740167654
                    ],
                    [
                        -75.3125615923728589,
                        38.4095118775489226
                    ],
                    [
                        -75.3100493629509771,
                        38.4094753072427366
                    ],
                    [
                        -75.3075371353257168,
                        38.4094386827169032
                    ],
                    [
                        -75.3050249103954172,
                        38.4094020039711879
                    ],
                    [
                        -75.3025126881600642,
                        38.4093652710056759
                    ],
                    [
                        -75.3000004686196576,
                        38.4093284831161768
                    ],
                    [
                        -75.2974882508758725,
                        38.4092916410067033
                    ],
                    [
                        -75.2945573346663508,
                        38.4092485896556326
                    ],
                    [
                        -75.2920451232107695,
                        38.4092116299517841
                    ],
                    [
                        -75.28911421328948,
                        38.4091684412897507
                    ],
                    [
                        -75.2866020072237774,
                        38.4091313632871518
                    ],
                    [
                        -75.2840898038530355,
                        38.4090942310640884
                    ],
                    [
                        -75.2811589029148962,
                        38.4090508417159313
                    ],
                    [
                        -75.2786467058323581,
                        38.4090135911935846
                    ],
                    [
                        -75.27613451054647,
                        38.4089762871543812
                    ],
                    [
                        -75.2736223179555139,
                        38.4089389281904872
                    ],
                    [
                        -75.2711101280595045,
                        38.4089015150055673
                    ],
                    [
                        -75.2681792432910157,
                        38.4088577975161485
                    ],
                    [
                        -75.2656670587849135,
                        38.4088202660310643
                    ],
                    [
                        -75.2631548778720543,
                        38.4087826803247694
                    ],
                    [
                        -75.2606426987558166,
                        38.4087450411011417
                    ],
                    [
                        -75.2577118265637637,
                        38.4087010588434765
                    ],
                    [
                        -75.2551996537357439,
                        38.4086633013188035
                    ],
                    [
                        -75.2526874827043315,
                        38.4086254888687293
                    ],
                    [
                        -75.2497566203937538,
                        38.40858130592099
                    ],
                    [
                        -75.2472444556505877,
                        38.408543375873279
                    ],
                    [
                        -75.24473229360234,
                        38.4085053916037182
                    ],
                    [
                        -75.2422201342490524,
                        38.4084673524083513
                    ],
                    [
                        -75.2397079775906974,
                        38.4084292596948345
                    ],
                    [
                        -75.2371958236273031,
                        38.4083911120553836
                    ],
                    [
                        -75.23468367146053,
                        38.4083529101937486
                    ],
                    [
                        -75.231752831607821,
                        38.4083082723452307
                    ],
                    [
                        -75.2288219953483832,
                        38.40826356055716
                    ],
                    [
                        -75.2263098530630714,
                        38.408225177015801
                    ],
                    [
                        -75.2237977125743953,
                        38.4081867392518674
                    ],
                    [
                        -75.2212855756789907,
                        38.4081482472653448
                    ],
                    [
                        -75.2187734414785467,
                        38.4081097003521421
                    ],
                    [
                        -75.2162613090746959,
                        38.4080710999201074
                    ],
                    [
                        -75.2137491802641307,
                        38.4080324445612078
                    ],
                    [
                        -75.2108183664625471,
                        38.4079872778662832
                    ],
                    [
                        -75.2083062430418749,
                        38.407948504906912
                    ],
                    [
                        -75.2053754364268485,
                        38.4079032008937773
                    ],
                    [
                        -75.2028633192943516,
                        38.40786430962951
                    ],
                    [
                        -75.2003512039585331,
                        38.407825364141857
                    ],
                    [
                        -75.1978390922159434,
                        38.4077863644307413
                    ],
                    [
                        -75.1953269831683144,
                        38.40774731049612
                    ],
                    [
                        -75.1923961927229385,
                        38.4077016783261058
                    ],
                    [
                        -75.1898840890652025,
                        38.4076625060856145
                    ],
                    [
                        -75.18737198900071,
                        38.40762327962134
                    ],
                    [
                        -75.1848598916311772,
                        38.4075839989331342
                    ],
                    [
                        -75.1823477960582665,
                        38.4075446640209748
                    ],
                    [
                        -75.1794170226808944,
                        38.4074987036912177
                    ],
                    [
                        -75.1769049333961874,
                        38.4074592511760784
                    ],
                    [
                        -75.1739741663070191,
                        38.4074131535253755
                    ],
                    [
                        -75.17146208331053,
                        38.4073735827030021
                    ],
                    [
                        -75.1689500030089874,
                        38.4073339569522005
                    ],
                    [
                        -75.1664379254023771,
                        38.4072942776808262
                    ],
                    [
                        -75.1635071717879271,
                        38.4072479159499167
                    ],
                    [
                        -75.1609951004695489,
                        38.4072081183704412
                    ],
                    [
                        -75.158483031846103,
                        38.40716826656611
                    ],
                    [
                        -75.1559709659176036,
                        38.4071283598329316
                    ],
                    [
                        -75.1530402257779,
                        38.407081734020025
                    ],
                    [
                        -75.15052816613759,
                        38.4070417096818844
                    ],
                    [
                        -75.1480161091922412,
                        38.4070016311185753
                    ],
                    [
                        -75.1455040549418385,
                        38.4069614976259714
                    ],
                    [
                        -75.1429920033863823,
                        38.4069213106119776
                    ],
                    [
                        -75.1400612803146544,
                        38.4068743566308513
                    ],
                    [
                        -75.1375492350474161,
                        38.4068340513069231
                    ],
                    [
                        -75.1346185191622169,
                        38.4067869600012983
                    ],
                    [
                        -75.1321064792848574,
                        38.4067465363670308
                    ],
                    [
                        -75.1295944430007694,
                        38.4067060592107978
                    ],
                    [
                        -75.1270824094115852,
                        38.40666552712468
                    ],
                    [
                        -75.1245703785174044,
                        38.4066249408125344
                    ],
                    [
                        -75.1220583512164524,
                        38.4065843002742042
                    ],
                    [
                        -75.1195463257121361,
                        38.4065436055096114
                    ],
                    [
                        -75.1166156340814553,
                        38.4064960592691662
                    ],
                    [
                        -75.1141036148653427,
                        38.4064552461928557
                    ],
                    [
                        -75.1111729295228656,
                        38.406407562625688
                    ],
                    [
                        -75.1086609174932818,
                        38.4063666319410828
                    ],
                    [
                        -75.1061489072603337,
                        38.4063256463258043
                    ],
                    [
                        -75.1036369006206286,
                        38.4062846071876933
                    ],
                    [
                        -75.1011248966758842,
                        38.4062435131186817
                    ],
                    [
                        -75.0986128954260863,
                        38.40620236482269
                    ],
                    [
                        -75.0956822307448562,
                        38.4061542896958628
                    ],
                    [
                        -75.0953139277665827,
                        38.4200422610972723
                    ],
                    [
                        -75.094954051883974,
                        38.4336072487906861
                    ],
                    [
                        -75.0945854668346868,
                        38.4474952042425144
                    ],
                    [
                        -75.0942253151692967,
                        38.46106017491045
                    ],
                    [
                        -75.0921303855362368,
                        38.4610257641454609
                    ],
                    [
                        -75.0900354576998126,
                        38.4609913153799781
                    ],
                    [
                        -75.088359516688314,
                        38.4609637290634367
                    ],
                    [
                        -75.0862645924451471,
                        38.4609292120375628
                    ],
                    [
                        -75.0841696699986016,
                        38.46089465771442
                    ],
                    [
                        -75.0824937334786711,
                        38.4608669869516646
                    ],
                    [
                        -75.0803988155237079,
                        38.460832364367846
                    ],
                    [
                        -75.0783038984670554,
                        38.4607977037831787
                    ],
                    [
                        -75.0766279664387213,
                        38.4607699485738337
                    ],
                    [
                        -75.0745330538736368,
                        38.460735219728214
                    ],
                    [
                        -75.0724381431052166,
                        38.4607004535850763
                    ],
                    [
                        -75.0703432341334036,
                        38.460665649440827
                    ],
                    [
                        -75.0682483269582264,
                        38.4606308079989532
                    ],
                    [
                        -75.0665724030147032,
                        38.4606029071188544
                    ],
                    [
                        -75.0644775003311082,
                        38.4605679974155521
                    ],
                    [
                        -75.06280157908256,
                        38.4605400423482635
                    ],
                    [
                        -75.0607066790938831,
                        38.4605050643833692
                    ],
                    [
                        -75.0590307614385779,
                        38.4604770544253682
                    ],
                    [
                        -75.0569358650431866,
                        38.4604420089020635
                    ],
                    [
                        -75.0552599500828279,
                        38.4604139447566524
                    ],
                    [
                        -75.0531650581790046,
                        38.4603788309714432
                    ],
                    [
                        -75.0510701680718313,
                        38.4603436791846249
                    ],
                    [
                        -75.0489752797612653,
                        38.4603084893962972
                    ],
                    [
                        -75.04729937108911,
                        38.4602803105420108
                    ],
                    [
                        -75.0452044863718157,
                        38.4602450524912953
                    ],
                    [
                        -75.0435285803946215,
                        38.4602168194492009
                    ],
                    [
                        -75.0414337001688949,
                        38.4601814938393431
                    ],
                    [
                        -75.0393388208414933,
                        38.4601461302277272
                    ],
                    [
                        -75.0372439451073348,
                        38.4601107293175488
                    ],
                    [
                        -75.0355680454183442,
                        38.4600823808622181
                    ],
                    [
                        -75.0334731723791464,
                        38.4600469116892043
                    ],
                    [
                        -75.03137830113657,
                        38.4600114045140558
                    ],
                    [
                        -75.0316706156249751,
                        38.4493533693630312
                    ],
                    [
                        -75.0319805505676811,
                        38.4380493860538124
                    ],
                    [
                        -75.0322638342925217,
                        38.4277143109882928
                    ]
                ]
            ],
            [
                [
                    [
                        -75.5346435613418947,
                        38.4458076435656793
                    ],
                    [
                        -75.5350917757529032,
                        38.4238433362238894
                    ],
                    [
                        -75.535539716177766,
                        38.40187901004817
                    ],
                    [
                        -75.5359939636742155,
                        38.3795916637887586
                    ],
                    [
                        -75.5334826729918092,
                        38.3795599317122011
                    ],
                    [
                        -75.5305528374555877,
                        38.3795228427482584
                    ],
                    [
                        -75.5280415521630744,
                        38.3794909923353131
                    ],
                    [
                        -75.5255302695654933,
                        38.3794590883888347
                    ],
                    [
                        -75.5226004412157863,
                        38.3794217986750184
                    ],
                    [
                        -75.5200891631098017,
                        38.3793897763917258
                    ],
                    [
                        -75.5175778876987494,
                        38.3793576998704609
                    ],
                    [
                        -75.5150666131859936,
                        38.3793255691111526
                    ],
                    [
                        -75.5125553422665377,
                        38.37929338411378
                    ],
                    [
                        -75.5100440722453641,
                        38.3792611448782708
                    ],
                    [
                        -75.5071142609636752,
                        38.3792234635238145
                    ],
                    [
                        -75.5046029963323946,
                        38.3791911059504116
                    ],
                    [
                        -75.5016731913388952,
                        38.3791532872391912
                    ],
                    [
                        -75.4991619311991968,
                        38.3791208120318146
                    ],
                    [
                        -75.49665067465277,
                        38.3790882825859683
                    ],
                    [
                        -75.4941394190046537,
                        38.3790556989014249
                    ],
                    [
                        -75.4943695422276306,
                        38.3680736050073889
                    ],
                    [
                        -75.4945995944836881,
                        38.3570915089319371
                    ],
                    [
                        -75.4975284966703271,
                        38.3571295068257641
                    ],
                    [
                        -75.5000389869538111,
                        38.3571620172618282
                    ],
                    [
                        -75.5025494799322558,
                        38.357194473442938
                    ],
                    [
                        -75.5050599747073221,
                        38.3572268753691787
                    ],
                    [
                        -75.5075704721773349,
                        38.3572592223360687
                    ],
                    [
                        -75.5100809723422941,
                        38.3572915157527206
                    ],
                    [
                        -75.5125914734055783,
                        38.3573237542102277
                    ],
                    [
                        -75.5155203953551535,
                        38.3573612976320319
                    ],
                    [
                        -75.5180309018083165,
                        38.3573934184205712
                    ],
                    [
                        -75.5205414109564259,
                        38.3574254849546321
                    ],
                    [
                        -75.5230519219011711,
                        38.3574574972343356
                    ],
                    [
                        -75.5259808546305322,
                        38.3574947757257547
                    ],
                    [
                        -75.5289097900548541,
                        38.35753198093861
                    ],
                    [
                        -75.5314203090844245,
                        38.3575638114316817
                    ],
                    [
                        -75.53393082901232,
                        38.3575955883750481
                    ],
                    [
                        -75.5364413525334726,
                        38.3576273103600514
                    ],
                    [
                        -75.5368884683048947,
                        38.3356629487435185
                    ],
                    [
                        -75.5393982264614436,
                        38.335694607054549
                    ],
                    [
                        -75.5423262806384486,
                        38.335731472562216
                    ],
                    [
                        -75.5448360441848905,
                        38.335763013170272
                    ],
                    [
                        -75.54734580952794,
                        38.3357944995081752
                    ],
                    [
                        -75.54985557756595,
                        38.335825930871394
                    ],
                    [
                        -75.5523653474005812,
                        38.33585730866929
                    ],
                    [
                        -75.5548751190318342,
                        38.3358886314925869
                    ],
                    [
                        -75.5578031893785322,
                        38.3359251065379283
                    ],
                    [
                        -75.5580234517946252,
                        38.3249428829104559
                    ],
                    [
                        -75.5605328452351586,
                        38.3249740835994857
                    ],
                    [
                        -75.5630422413706242,
                        38.3250052300105253
                    ],
                    [
                        -75.56555163930274,
                        38.3250363221437524
                    ],
                    [
                        -75.568479273068192,
                        38.3250725271010637
                    ],
                    [
                        -75.57098867549189,
                        38.3251035015150734
                    ],
                    [
                        -75.573916314647235,
                        38.3251395690160237
                    ],
                    [
                        -75.5764257224607974,
                        38.3251704257112067
                    ],
                    [
                        -75.57893513207101,
                        38.3252012274241025
                    ],
                    [
                        -75.5793690704555416,
                        38.3032366998381377
                    ],
                    [
                        -75.5822958238720162,
                        38.3032725561596834
                    ],
                    [
                        -75.5848044726091786,
                        38.3033032311215393
                    ],
                    [
                        -75.5873131222446517,
                        38.3033338510847514
                    ],
                    [
                        -75.5898217745750856,
                        38.3033644174593277
                    ],
                    [
                        -75.5927485387713318,
                        38.3034000100687848
                    ],
                    [
                        -75.5952571955933337,
                        38.3034304586899594
                    ],
                    [
                        -75.597765855110282,
                        38.3034608530177252
                    ],
                    [
                        -75.6002745164238377,
                        38.303491192347245
                    ],
                    [
                        -75.6004881959855481,
                        38.2925088895332308
                    ],
                    [
                        -75.6029964764134377,
                        38.2925391706933809
                    ],
                    [
                        -75.605922806723413,
                        38.2925744294853132
                    ],
                    [
                        -75.608431091642899,
                        38.29260459287503
                    ],
                    [
                        -75.6109393783589923,
                        38.2926347019634719
                    ],
                    [
                        -75.613447667770032,
                        38.2926647567507672
                    ],
                    [
                        -75.6159559589777075,
                        38.2926947572369727
                    ],
                    [
                        -75.6184642528803437,
                        38.2927247034220528
                    ],
                    [
                        -75.6213905975633622,
                        38.2927595715278315
                    ],
                    [
                        -75.6243169458396522,
                        38.2927943662920214
                    ],
                    [
                        -75.6268252460304922,
                        38.2928241312391222
                    ],
                    [
                        -75.6293335480179394,
                        38.2928538418855027
                    ],
                    [
                        -75.6318418527003473,
                        38.2928834982311628
                    ],
                    [
                        -75.634350159179391,
                        38.29291310027623
                    ],
                    [
                        -75.6368584683533811,
                        38.29294264802072
                    ],
                    [
                        -75.639366778425682,
                        38.2929721414647517
                    ],
                    [
                        -75.6422931437699475,
                        38.2930064820783045
                    ],
                    [
                        -75.6420858449417324,
                        38.3039888611402546
                    ],
                    [
                        -75.6450126594436512,
                        38.3040231323904408
                    ],
                    [
                        -75.6475213602831076,
                        38.3040524493257877
                    ],
                    [
                        -75.6500300620208606,
                        38.3040817119691681
                    ],
                    [
                        -75.6525387664535742,
                        38.3041109203205963
                    ],
                    [
                        -75.6554655917352648,
                        38.3041449278669859
                    ],
                    [
                        -75.6579743006595606,
                        38.3041740184686432
                    ],
                    [
                        -75.660483011380478,
                        38.3042030540736533
                    ],
                    [
                        -75.662991723898017,
                        38.3042320360919391
                    ],
                    [
                        -75.66264339585841,
                        38.3229667461370624
                    ],
                    [
                        -75.6622708438488161,
                        38.3429935018261006
                    ],
                    [
                        -75.6619221394150827,
                        38.3617282043159378
                    ],
                    [
                        -75.6615612187918032,
                        38.3811089240284673
                    ],
                    [
                        -75.6590498230065123,
                        38.3810799107832921
                    ],
                    [
                        -75.6565384281195321,
                        38.3810508440081506
                    ],
                    [
                        -75.6540270359274842,
                        38.3810217222946335
                    ],
                    [
                        -75.6510970809153491,
                        38.3809876782889461
                    ],
                    [
                        -75.6509939857617439,
                        38.3864788710169265
                    ],
                    [
                        -75.6484824058218237,
                        38.38644962967323
                    ],
                    [
                        -75.6459708276785108,
                        38.3864203333951224
                    ],
                    [
                        -75.643040657070685,
                        38.386386086322446
                    ],
                    [
                        -75.6405290834189685,
                        38.3863566724277732
                    ],
                    [
                        -75.6402662192988515,
                        38.4002461331154876
                    ],
                    [
                        -75.64000936939955,
                        38.4138125785210036
                    ],
                    [
                        -75.6374968381437185,
                        38.4137830983582091
                    ],
                    [
                        -75.6349843095828618,
                        38.4137535646892587
                    ],
                    [
                        -75.6320530277590279,
                        38.41371903986493
                    ],
                    [
                        -75.629540503689725,
                        38.413689387919554
                    ],
                    [
                        -75.6270279814170863,
                        38.4136596817639813
                    ],
                    [
                        -75.6245154609410264,
                        38.4136299213980976
                    ],
                    [
                        -75.6215841898969785,
                        38.4135951318590827
                    ],
                    [
                        -75.6190716739125151,
                        38.4135652532161558
                    ],
                    [
                        -75.6188604754976552,
                        38.4245475709378184
                    ],
                    [
                        -75.6163475777292007,
                        38.4245176334856993
                    ],
                    [
                        -75.6138346817573819,
                        38.4244876418312131
                    ],
                    [
                        -75.6109029732337916,
                        38.4244525823483514
                    ],
                    [
                        -75.6083900817535408,
                        38.4244224724341805
                    ],
                    [
                        -75.6058771929682365,
                        38.4243923083174792
                    ],
                    [
                        -75.6033643059795679,
                        38.4243620892944193
                    ],
                    [
                        -75.6008514207875351,
                        38.4243318167724155
                    ],
                    [
                        -75.5979197248403523,
                        38.4242964292583906
                    ],
                    [
                        -75.5976863335463776,
                        38.436247727897161
                    ],
                    [
                        -75.5974654863270388,
                        38.447553005039552
                    ],
                    [
                        -75.5970614708246416,
                        38.4682254975167126
                    ],
                    [
                        -75.59496612257665,
                        38.4682001597289656
                    ],
                    [
                        -75.5932898446969261,
                        38.4681798627654388
                    ],
                    [
                        -75.5911944991438816,
                        38.4681544567377145
                    ],
                    [
                        -75.5890991544891619,
                        38.46812901342404
                    ],
                    [
                        -75.5870038116310781,
                        38.468103532824351
                    ],
                    [
                        -75.5853275391412467,
                        38.4680831204858649
                    ],
                    [
                        -75.5832321989780951,
                        38.46805757094257
                    ],
                    [
                        -75.5811368597132542,
                        38.4680319841132246
                    ],
                    [
                        -75.5794605899183551,
                        38.46801148735355
                    ],
                    [
                        -75.5773652542468,
                        38.4679858322836949
                    ],
                    [
                        -75.5752699194735413,
                        38.4679601392243171
                    ],
                    [
                        -75.5731745864969184,
                        38.4679344088786195
                    ],
                    [
                        -75.5710792553169313,
                        38.4679086405433068
                    ],
                    [
                        -75.5694029909119251,
                        38.4678879981567476
                    ],
                    [
                        -75.56730766242687,
                        38.4678621615806335
                    ],
                    [
                        -75.5656314007168106,
                        38.4678414650234117
                    ],
                    [
                        -75.5635360740284057,
                        38.4678155609097132
                    ],
                    [
                        -75.5614407500349188,
                        38.4677896181028274
                    ],
                    [
                        -75.55976449101982,
                        38.4677688371235647
                    ],
                    [
                        -75.5576691697212937,
                        38.4677428267788883
                    ],
                    [
                        -75.5555738493210924,
                        38.4677167784442489
                    ],
                    [
                        -75.5534785307175127,
                        38.46769069211966
                    ],
                    [
                        -75.5518022761939676,
                        38.4676697957634062
                    ],
                    [
                        -75.5497069602853344,
                        38.4676436419007075
                    ],
                    [
                        -75.5476116461733369,
                        38.467617450047932
                    ],
                    [
                        -75.545935395243049,
                        38.4675964692690471
                    ],
                    [
                        -75.543840083825998,
                        38.4675702091746459
                    ],
                    [
                        -75.5417447733072578,
                        38.4675439110900044
                    ],
                    [
                        -75.5396494645851675,
                        38.4675175757184533
                    ],
                    [
                        -75.5379732190447726,
                        38.4674964795618024
                    ],
                    [
                        -75.5358779130176146,
                        38.4674700759483414
                    ],
                    [
                        -75.5342016692738554,
                        38.46744892562009
                    ],
                    [
                        -75.5346435613418947,
                        38.4458076435656793
                    ]
                ]
            ],
            [
                [
                    [
                        -76.0240220179966,
                        38.6648211431843265
                    ],
                    [
                        -76.0242466192755018,
                        38.64834699255838
                    ],
                    [
                        -76.0259272189500876,
                        38.6483610683290237
                    ],
                    [
                        -76.0280279696661694,
                        38.6483786281348713
                    ],
                    [
                        -76.03012872128059,
                        38.6483961500512265
                    ],
                    [
                        -76.0322294746916469,
                        38.6484136347796294
                    ],
                    [
                        -76.0339100770611509,
                        38.6484275947768552
                    ],
                    [
                        -76.0360108313705183,
                        38.6484450107429964
                    ],
                    [
                        -76.0381115874765214,
                        38.6484623888197092
                    ],
                    [
                        -76.04021234358251,
                        38.6484797290070148
                    ],
                    [
                        -76.042313101485135,
                        38.6484970313049985
                    ],
                    [
                        -76.04441386028607,
                        38.6485142957136318
                    ],
                    [
                        -76.0465146199853166,
                        38.648531522232993
                    ],
                    [
                        -76.0481952277447277,
                        38.6485452759436683
                    ],
                    [
                        -76.05029598924061,
                        38.6485624337010165
                    ],
                    [
                        -76.0519765996949673,
                        38.64857613338441
                    ],
                    [
                        -76.0536572101493107,
                        38.6485898085099535
                    ],
                    [
                        -76.0557579734418283,
                        38.6486068680359978
                    ],
                    [
                        -76.0558304019082385,
                        38.6431154580945488
                    ],
                    [
                        -76.0583511266977581,
                        38.643135878326845
                    ],
                    [
                        -76.0608718523856169,
                        38.6431562438261977
                    ],
                    [
                        -76.063392579870083,
                        38.6431765545926922
                    ],
                    [
                        -76.0663334314466226,
                        38.6432001812522543
                    ],
                    [
                        -76.0688541616260352,
                        38.6432203734310562
                    ],
                    [
                        -76.0713748936020977,
                        38.6432405115786821
                    ],
                    [
                        -76.0738956273747675,
                        38.6432605949936985
                    ],
                    [
                        -76.0768364852395251,
                        38.6432839564101016
                    ],
                    [
                        -76.0765781612048357,
                        38.6633114822776776
                    ],
                    [
                        -76.07634054154083,
                        38.6817238464811695
                    ],
                    [
                        -76.0729777557669138,
                        38.6816971266831544
                    ],
                    [
                        -76.0696149735862548,
                        38.6816703108036108
                    ],
                    [
                        -76.0662521932022173,
                        38.6816433974398848
                    ],
                    [
                        -76.0628894155131405,
                        38.6816163865919975
                    ],
                    [
                        -76.0599469864949356,
                        38.6815926730254134
                    ],
                    [
                        -76.0565842132974268,
                        38.6815654805337417
                    ],
                    [
                        -76.0532214427948645,
                        38.6815381905575251
                    ],
                    [
                        -76.0498586749872629,
                        38.681510803797849
                    ],
                    [
                        -76.0464959098745936,
                        38.6814833202546211
                    ],
                    [
                        -76.0435534925344854,
                        38.6814591922026594
                    ],
                    [
                        -76.0401907319134125,
                        38.6814315263134745
                    ],
                    [
                        -76.0368279739872577,
                        38.6814037629391478
                    ],
                    [
                        -76.0334652187560494,
                        38.6813759027808288
                    ],
                    [
                        -76.0301024662197875,
                        38.6813479458384535
                    ],
                    [
                        -76.0267397163784722,
                        38.6813198914105882
                    ],
                    [
                        -76.0237973125131106,
                        38.6812952640094
                    ],
                    [
                        -76.0240220179966,
                        38.6648211431843265
                    ]
                ]
            ],
            [
                [
                    [
                        -76.3178773686354788,
                        38.7011566809785634
                    ],
                    [
                        -76.31815140330616,
                        38.67240692840052
                    ],
                    [
                        -76.3206732240403483,
                        38.6724216671215757
                    ],
                    [
                        -76.3231950456728327,
                        38.67243635183624
                    ],
                    [
                        -76.325716869101953,
                        38.6724509818431912
                    ],
                    [
                        -76.3286589971845189,
                        38.6724679809817147
                    ],
                    [
                        -76.3287105092778546,
                        38.6669764398115063
                    ],
                    [
                        -76.3312321413658168,
                        38.6669909502940357
                    ],
                    [
                        -76.334174045767881,
                        38.6670078104498671
                    ],
                    [
                        -76.3366956796524789,
                        38.6670222023902
                    ],
                    [
                        -76.3392173153337126,
                        38.6670365396187847
                    ],
                    [
                        -76.341738951014932,
                        38.6670508228370409
                    ],
                    [
                        -76.3442605875944764,
                        38.6670650513436129
                    ],
                    [
                        -76.3472024991830551,
                        38.6670815818262454
                    ],
                    [
                        -76.349724137559221,
                        38.6670956917909834
                    ],
                    [
                        -76.34943931142702,
                        38.6984297854602914
                    ],
                    [
                        -76.3491748150680394,
                        38.7275025517549167
                    ],
                    [
                        -76.3470716739349626,
                        38.7274907873760483
                    ],
                    [
                        -76.3449685337001966,
                        38.7274789851518548
                    ],
                    [
                        -76.3428653943637556,
                        38.7274671450823291
                    ],
                    [
                        -76.341182883074282,
                        38.7274576449931871
                    ],
                    [
                        -76.3390797446361375,
                        38.7274457369422365
                    ],
                    [
                        -76.3369766070963323,
                        38.7274337903450814
                    ],
                    [
                        -76.3348734704548377,
                        38.727421805902523
                    ],
                    [
                        -76.3331909609619856,
                        38.7274121908755689
                    ],
                    [
                        -76.3310878252188019,
                        38.7274001377505854
                    ],
                    [
                        -76.3294053175225713,
                        38.727390468057969
                    ],
                    [
                        -76.327302183576009,
                        38.7273783469513759
                    ],
                    [
                        -76.325199049629461,
                        38.7273661879992872
                    ],
                    [
                        -76.3230959165812237,
                        38.7273539912016744
                    ],
                    [
                        -76.3214134106816289,
                        38.727344205870061
                    ],
                    [
                        -76.319730905680359,
                        38.7273343967097645
                    ],
                    [
                        -76.3176277744287432,
                        38.7273221010933213
                    ],
                    [
                        -76.3178773686354788,
                        38.7011566809785634
                    ]
                ]
            ],
            [
                [
                    [
                        -76.20097497079604,
                        38.81444994822477
                    ],
                    [
                        -76.2011592368203878,
                        38.79797580248006
                    ],
                    [
                        -76.2036854637910182,
                        38.7979930749187218
                    ],
                    [
                        -76.2062116925582984,
                        38.7980102927445
                    ],
                    [
                        -76.2087379222238752,
                        38.7980274552574542
                    ],
                    [
                        -76.2116851922631326,
                        38.7980474098065
                    ],
                    [
                        -76.2118063705033961,
                        38.7870646125434888
                    ],
                    [
                        -76.2092805280117034,
                        38.7870475160122439
                    ],
                    [
                        -76.2067546864183072,
                        38.7870303648598167
                    ],
                    [
                        -76.20422884572325,
                        38.7870131583859745
                    ],
                    [
                        -76.2012820329264571,
                        38.7869930158898555
                    ],
                    [
                        -76.2014661579153056,
                        38.7705188034558859
                    ],
                    [
                        -76.2039914147054418,
                        38.7705360692398884
                    ],
                    [
                        -76.2065166723939029,
                        38.7705532803899828
                    ],
                    [
                        -76.2090419318789571,
                        38.77057043690634
                    ],
                    [
                        -76.2119880691426346,
                        38.7705903830322711
                    ],
                    [
                        -76.21367157756211,
                        38.7706017480983292
                    ],
                    [
                        -76.2157759628618408,
                        38.770615919584408
                    ],
                    [
                        -76.2178803490598824,
                        38.77063005324716
                    ],
                    [
                        -76.2199847361562632,
                        38.7706441490866
                    ],
                    [
                        -76.2216682463723458,
                        38.7706553985814537
                    ],
                    [
                        -76.2237726352653624,
                        38.7706694257787063
                    ],
                    [
                        -76.2258770250566755,
                        38.7706834151527744
                    ],
                    [
                        -76.2279814148480028,
                        38.770697366703601
                    ],
                    [
                        -76.2300858064359517,
                        38.7707112797309037
                    ],
                    [
                        -76.2321901980239005,
                        38.770725155635418
                    ],
                    [
                        -76.2338737127315511,
                        38.7707362286220771
                    ],
                    [
                        -76.2359781061161357,
                        38.7707500358846247
                    ],
                    [
                        -76.2376616208238,
                        38.77076105423788
                    ],
                    [
                        -76.2397660160050066,
                        38.7707747928586031
                    ],
                    [
                        -76.2414495325092787,
                        38.7707857565785474
                    ],
                    [
                        -76.243553928588824,
                        38.7707994265574527
                    ],
                    [
                        -76.2433213502701932,
                        38.7927651206240114
                    ],
                    [
                        -76.243088628221102,
                        38.8147307428014727
                    ],
                    [
                        -76.240561799379222,
                        38.8147143234553909
                    ],
                    [
                        -76.2380349714356669,
                        38.8146978502096474
                    ],
                    [
                        -76.2355081452887191,
                        38.8146813216643025
                    ],
                    [
                        -76.2325601826483847,
                        38.8146619688284744
                    ],
                    [
                        -76.2300333591963977,
                        38.8146453219837326
                    ],
                    [
                        -76.2275065357443964,
                        38.81462862053916
                    ],
                    [
                        -76.2245585775956442,
                        38.8146090661040617
                    ],
                    [
                        -76.2220317577369,
                        38.8145922456598811
                    ],
                    [
                        -76.2195049387764954,
                        38.8145753706157919
                    ],
                    [
                        -76.2169781207144013,
                        38.8145584409717159
                    ],
                    [
                        -76.2140301688538528,
                        38.8145386205370073
                    ],
                    [
                        -76.211503353486691,
                        38.8145215718929677
                    ],
                    [
                        -76.2089765399161791,
                        38.8145044686488063
                    ],
                    [
                        -76.2064497272439638,
                        38.8144873115045
                    ],
                    [
                        -76.2039229154700877,
                        38.8144700990600953
                    ],
                    [
                        -76.20097497079604,
                        38.81444994822477
                    ]
                ]
            ],
            [
                [
                    [
                        -76.05328880386476,
                        38.8353125985288514
                    ],
                    [
                        -76.053434407297587,
                        38.8243300442577
                    ],
                    [
                        -76.0509072874015715,
                        38.82430951829199
                    ],
                    [
                        -76.048380170200474,
                        38.8242889377318363
                    ],
                    [
                        -76.0458530538977016,
                        38.8242683018773675
                    ],
                    [
                        -76.0429047534908165,
                        38.8242441583539772
                    ],
                    [
                        -76.0399564548805529,
                        38.8242199399381391
                    ],
                    [
                        -76.0374293430693626,
                        38.8241991221017884
                    ],
                    [
                        -76.0349022330547939,
                        38.82417824967078
                    ],
                    [
                        -76.0323751248368609,
                        38.824157321945215
                    ],
                    [
                        -76.032598301387722,
                        38.8076834948879466
                    ],
                    [
                        -76.0328213746323627,
                        38.7912096259382011
                    ],
                    [
                        -76.0302954333259748,
                        38.7911886535167767
                    ],
                    [
                        -76.027769492917912,
                        38.7911676264753
                    ],
                    [
                        -76.0248225642384483,
                        38.7911430257181493
                    ],
                    [
                        -76.0222966274236569,
                        38.7911218796329038
                    ],
                    [
                        -76.0193497023374789,
                        38.7910971409247338
                    ],
                    [
                        -76.0168237691159305,
                        38.7910758764956327
                    ],
                    [
                        -76.0142978367927071,
                        38.7910545574462233
                    ],
                    [
                        -76.0117719062661195,
                        38.7910331837764275
                    ],
                    [
                        -76.0119237997025436,
                        38.7800506090056274
                    ],
                    [
                        -76.0144493421569507,
                        38.7800719796654221
                    ],
                    [
                        -76.01739581000065,
                        38.7800968426486108
                    ],
                    [
                        -76.0199213560483,
                        38.7801180942458217
                    ],
                    [
                        -76.0224469038925861,
                        38.7801392919146792
                    ],
                    [
                        -76.0249724526351969,
                        38.78016043425459
                    ],
                    [
                        -76.0274980022761184,
                        38.7801815219659929
                    ],
                    [
                        -76.030023554611958,
                        38.7802025550488523
                    ],
                    [
                        -76.0329700332354577,
                        38.7802270244261251
                    ],
                    [
                        -76.0332759518105235,
                        38.7576157319056165
                    ],
                    [
                        -76.0335642113037267,
                        38.7362964488651116
                    ],
                    [
                        -76.0360882149440442,
                        38.7363173505378668
                    ],
                    [
                        -76.0386122194826726,
                        38.7363381982493991
                    ],
                    [
                        -76.041556893390748,
                        38.7363624507337434
                    ],
                    [
                        -76.0440809015226478,
                        38.7363831793103941
                    ],
                    [
                        -76.0470255799222912,
                        38.7364072937385018
                    ],
                    [
                        -76.0495495907491375,
                        38.7364279045819586
                    ],
                    [
                        -76.052073604270916,
                        38.7364484600629666
                    ],
                    [
                        -76.0545976177926946,
                        38.73646896088232
                    ],
                    [
                        -76.0547428187802836,
                        38.7254862503539385
                    ],
                    [
                        -76.0572664460264889,
                        38.7255066933478744
                    ],
                    [
                        -76.0597900759676406,
                        38.725527082372615
                    ],
                    [
                        -76.0627343123961737,
                        38.7255508002962188
                    ],
                    [
                        -76.0652579450322861,
                        38.7255710701686908
                    ],
                    [
                        -76.0677815785667093,
                        38.72559128607211
                    ],
                    [
                        -76.07030521389774,
                        38.72561144660493
                    ],
                    [
                        -76.07282885102542,
                        38.7256315531688386
                    ],
                    [
                        -76.0757730955387927,
                        38.7256549409710829
                    ],
                    [
                        -76.0787173427471117,
                        38.7256782551794529
                    ],
                    [
                        -76.0812409843663744,
                        38.7256981795112054
                    ],
                    [
                        -76.0837646268839336,
                        38.7257180484726078
                    ],
                    [
                        -76.0862882711981285,
                        38.725737863465298
                    ],
                    [
                        -76.0888119173089734,
                        38.725757623788553
                    ],
                    [
                        -76.0917561726021177,
                        38.7257806078773044
                    ],
                    [
                        -76.094279821407909,
                        38.7258002497502574
                    ],
                    [
                        -76.0968034711119969,
                        38.7258198369538746
                    ],
                    [
                        -76.0965994268800472,
                        38.7419709509843386
                    ],
                    [
                        -76.0963871217407473,
                        38.7587680733991178
                    ],
                    [
                        -76.0993327397781911,
                        38.7587908661374527
                    ],
                    [
                        -76.1018575554955277,
                        38.7588103441230132
                    ],
                    [
                        -76.1043823739077965,
                        38.7588297667641726
                    ],
                    [
                        -76.1069071923200653,
                        38.7588491347613626
                    ],
                    [
                        -76.1094320134272806,
                        38.7588684488152069
                    ],
                    [
                        -76.1119568345345243,
                        38.7588877075246785
                    ],
                    [
                        -76.1149024615551184,
                        38.7589101072473028
                    ],
                    [
                        -76.1174272871539017,
                        38.7589292475619871
                    ],
                    [
                        -76.1172278090585621,
                        38.7750803256333327
                    ],
                    [
                        -76.1170202560070948,
                        38.791877408051981
                    ],
                    [
                        -76.1144942670899951,
                        38.7918582590727823
                    ],
                    [
                        -76.1119682790712346,
                        38.791839055475144
                    ],
                    [
                        -76.1094422928490957,
                        38.7918197965587268
                    ],
                    [
                        -76.1064953111690414,
                        38.7917972594328972
                    ],
                    [
                        -76.1035483303873121,
                        38.7917746473815868
                    ],
                    [
                        -76.1010223486567412,
                        38.7917552064029891
                    ],
                    [
                        -76.098496367824481,
                        38.7917357108056677
                    ],
                    [
                        -76.0959703887888708,
                        38.7917161605895444
                    ],
                    [
                        -76.0957618790316275,
                        38.8081901448601272
                    ],
                    [
                        -76.0955532713580567,
                        38.8246640877889533
                    ],
                    [
                        -76.0930261290041159,
                        38.8246444738228433
                    ],
                    [
                        -76.0904989875485285,
                        38.8246248052630563
                    ],
                    [
                        -76.0879718469912376,
                        38.8246050821095849
                    ],
                    [
                        -76.0850235187365769,
                        38.8245820024718284
                    ],
                    [
                        -76.0824963817725575,
                        38.8245621603320572
                    ],
                    [
                        -76.079969245706863,
                        38.8245422635984028
                    ],
                    [
                        -76.0774421114377617,
                        38.8245223122709007
                    ],
                    [
                        -76.0744937903696439,
                        38.8244989659633077
                    ],
                    [
                        -76.0743514262617282,
                        38.8354815459560569
                    ],
                    [
                        -76.0718239066153927,
                        38.8354614731401284
                    ],
                    [
                        -76.0688751354912966,
                        38.8354379855731366
                    ],
                    [
                        -76.0663476185399077,
                        38.8354177937885652
                    ],
                    [
                        -76.0638201024868295,
                        38.8353975474183031
                    ],
                    [
                        -76.0608713367526263,
                        38.8353738576043028
                    ],
                    [
                        -76.05834382429282,
                        38.8353534922651278
                    ],
                    [
                        -76.0558163136296344,
                        38.8353330730398056
                    ],
                    [
                        -76.05328880386476,
                        38.8353125985288514
                    ]
                ]
            ],
            [
                [
                    [
                        -76.2935039351903157,
                        39.0402041579584349
                    ],
                    [
                        -76.2936609723800814,
                        39.0243765866836583
                    ],
                    [
                        -76.293830749477209,
                        39.0072569073143
                    ],
                    [
                        -76.29129707906614,
                        39.007241587896651
                    ],
                    [
                        -76.288763410451665,
                        39.00722621332973
                    ],
                    [
                        -76.2862297418372037,
                        39.0072107836133881
                    ],
                    [
                        -76.2832737976655721,
                        39.0071927131663116
                    ],
                    [
                        -76.283384295835404,
                        38.9962102545580294
                    ],
                    [
                        -76.280851020683059,
                        38.9961947079408588
                    ],
                    [
                        -76.2783177473273213,
                        38.996179107562007
                    ],
                    [
                        -76.2757844748699085,
                        38.9961634520250726
                    ],
                    [
                        -76.2728289915340127,
                        38.996145117644275
                    ],
                    [
                        -76.27294108241685,
                        38.9851626430884153
                    ],
                    [
                        -76.2704082025232,
                        38.9851468712967417
                    ],
                    [
                        -76.2678753235279032,
                        38.9851310443383312
                    ],
                    [
                        -76.2649203001294183,
                        38.9851125101876121
                    ],
                    [
                        -76.262387423829054,
                        38.9850965638175069
                    ],
                    [
                        -76.2598545493253113,
                        38.9850805636770517
                    ],
                    [
                        -76.2573216748215685,
                        38.9850645076714173
                    ],
                    [
                        -76.2543666568129908,
                        38.9850457074625751
                    ],
                    [
                        -76.2518337859025053,
                        38.9850295327431908
                    ],
                    [
                        -76.248878770588874,
                        38.9850105935693279
                    ],
                    [
                        -76.24634590147501,
                        38.984994300136016
                    ],
                    [
                        -76.2438130332594852,
                        38.9849779522338409
                    ],
                    [
                        -76.241280166840582,
                        38.9849615491645167
                    ],
                    [
                        -76.2387473013199894,
                        38.9849450916262938
                    ],
                    [
                        -76.2362144375960185,
                        38.9849285789208722
                    ],
                    [
                        -76.2332594303672266,
                        38.9849092451969312
                    ],
                    [
                        -76.2307265684399056,
                        38.9848926130787277
                    ],
                    [
                        -76.2281937083091918,
                        38.984875927189826
                    ],
                    [
                        -76.2256608490768173,
                        38.98485918613347
                    ],
                    [
                        -76.222705848136215,
                        38.984839585650775
                    ],
                    [
                        -76.2201729907004619,
                        38.98482272518136
                    ],
                    [
                        -76.2172179933531453,
                        38.9848029864307577
                    ],
                    [
                        -76.2146851386123387,
                        38.9847860072463277
                    ],
                    [
                        -76.2121522856681679,
                        38.9847689735926366
                    ],
                    [
                        -76.2096194345206044,
                        38.9847518854695636
                    ],
                    [
                        -76.2070865833730693,
                        38.9847347414805441
                    ],
                    [
                        -76.2045537349204665,
                        38.9847175437203788
                    ],
                    [
                        -76.2020208864678636,
                        38.9847002907924249
                    ],
                    [
                        -76.199065899002008,
                        38.9846800925438757
                    ],
                    [
                        -76.1961109124344631,
                        38.9846598202725758
                    ],
                    [
                        -76.1935780684734425,
                        38.9846423843828944
                    ],
                    [
                        -76.1910452254107327,
                        38.9846248933253392
                    ],
                    [
                        -76.1885123841446443,
                        38.9846073477980113
                    ],
                    [
                        -76.1883872784699605,
                        38.9955897381583085
                    ],
                    [
                        -76.1858540473350558,
                        38.9955721346084374
                    ],
                    [
                        -76.1833208179967869,
                        38.9955544765973059
                    ],
                    [
                        -76.18036538586486,
                        38.9955338066929613
                    ],
                    [
                        -76.1778321592215235,
                        38.9955160299839534
                    ],
                    [
                        -76.1777687776883425,
                        39.0010072100188339
                    ],
                    [
                        -76.1748131200792784,
                        39.00098639929238
                    ],
                    [
                        -76.1722797011964872,
                        39.00096850248157
                    ],
                    [
                        -76.1697462832119925,
                        39.0009505505153768
                    ],
                    [
                        -76.1672128670241335,
                        39.0009325433936667
                    ],
                    [
                        -76.1646794508362746,
                        39.0009144818145614
                    ],
                    [
                        -76.1621460373433479,
                        39.0008963657780328
                    ],
                    [
                        -76.159190388717434,
                        39.0008751605848474
                    ],
                    [
                        -76.156656977919468,
                        39.0008569251608321
                    ],
                    [
                        -76.1537013328868255,
                        39.0008355810311613
                    ],
                    [
                        -76.151167924783806,
                        39.0008172269175688
                    ],
                    [
                        -76.1486345175790973,
                        39.0007988176481462
                    ],
                    [
                        -76.1461011112727135,
                        39.00078035392103
                    ],
                    [
                        -76.1435677067629371,
                        39.0007618350380341
                    ],
                    [
                        -76.1410343040498105,
                        39.00074326169721
                    ],
                    [
                        -76.1385009022349948,
                        39.0007246332004911
                    ],
                    [
                        -76.1355452679821241,
                        39.0007028303692849
                    ],
                    [
                        -76.1358352540373033,
                        38.9768001015079975
                    ],
                    [
                        -76.1361446185497925,
                        38.9512821958942368
                    ],
                    [
                        -76.1364498499136744,
                        38.9260871756166225
                    ],
                    [
                        -76.136743138175845,
                        38.901861082367482
                    ],
                    [
                        -76.1392730275779,
                        38.90187974944994
                    ],
                    [
                        -76.1422245682079932,
                        38.9019014582637936
                    ],
                    [
                        -76.14475446120332,
                        38.901920006490549
                    ],
                    [
                        -76.1472843559952679,
                        38.90193849948443
                    ],
                    [
                        -76.1498142516855268,
                        38.90195693864375
                    ],
                    [
                        -76.1523441482740964,
                        38.9019753225702445
                    ],
                    [
                        -76.1548740466593159,
                        38.90199365126405
                    ],
                    [
                        -76.1578255962725734,
                        38.9020149664566048
                    ],
                    [
                        -76.1580848500635739,
                        38.8800498363756262
                    ],
                    [
                        -76.1583439430561384,
                        38.8580846221373051
                    ],
                    [
                        -76.1608722873559145,
                        38.8581028215522295
                    ],
                    [
                        -76.1638220241689368,
                        38.8581239848280262
                    ],
                    [
                        -76.1663503711636451,
                        38.8581420653145742
                    ],
                    [
                        -76.16887871905665,
                        38.8581600912339482
                    ],
                    [
                        -76.1714070687463192,
                        38.8581780625862763
                    ],
                    [
                        -76.1743568118475594,
                        38.8581989600224134
                    ],
                    [
                        -76.17688516333385,
                        38.85821681244672
                    ],
                    [
                        -76.1794135175150871,
                        38.8582346103040521
                    ],
                    [
                        -76.1795397631518654,
                        38.8472519499458571
                    ],
                    [
                        -76.1816464014263346,
                        38.84726673725536
                    ],
                    [
                        -76.1833317127645557,
                        38.8472785399552336
                    ],
                    [
                        -76.1850170241027911,
                        38.8472903181662375
                    ],
                    [
                        -76.187123664173896,
                        38.847305006820477
                    ],
                    [
                        -76.1892303060416083,
                        38.8473196569922692
                    ],
                    [
                        -76.1913369479093632,
                        38.8473342700808146
                    ],
                    [
                        -76.1930222619425308,
                        38.8473459321447123
                    ],
                    [
                        -76.195128905606893,
                        38.8473604766645906
                    ],
                    [
                        -76.1972355501695944,
                        38.8473749827020569
                    ],
                    [
                        -76.1993421956305639,
                        38.8473894509567828
                    ],
                    [
                        -76.2010275123587064,
                        38.84740099827313
                    ],
                    [
                        -76.2031341596163259,
                        38.8474153979592884
                    ],
                    [
                        -76.2052408068739453,
                        38.8474297591632336
                    ],
                    [
                        -76.2073474559282147,
                        38.8474440832840955
                    ],
                    [
                        -76.2090327753512753,
                        38.8474555144538343
                    ],
                    [
                        -76.2111394253038554,
                        38.847469770006299
                    ],
                    [
                        -76.2108859045609961,
                        38.870404195146655
                    ],
                    [
                        -76.2106536649072268,
                        38.8914004211063542
                    ],
                    [
                        -76.2131832021696738,
                        38.8914174876910224
                    ],
                    [
                        -76.216134331371407,
                        38.89143732936467
                    ],
                    [
                        -76.2186638713288,
                        38.89145427707782
                    ],
                    [
                        -76.2211934130828439,
                        38.89147116955079
                    ],
                    [
                        -76.2237229557352123,
                        38.8914880081819589
                    ],
                    [
                        -76.2262525001841738,
                        38.8915047915730838
                    ],
                    [
                        -76.2287820446331637,
                        38.8915215204232965
                    ],
                    [
                        -76.2317331828180329,
                        38.8915409677241541
                    ],
                    [
                        -76.2346843219012129,
                        38.8915603409055137
                    ],
                    [
                        -76.237213870841785,
                        38.8915768865547236
                    ],
                    [
                        -76.2397434206806679,
                        38.89159337766317
                    ],
                    [
                        -76.2422729723161723,
                        38.8916098142309679
                    ],
                    [
                        -76.2448025248500016,
                        38.8916261962581444
                    ],
                    [
                        -76.2473320782821276,
                        38.8916425230454834
                    ],
                    [
                        -76.2498616335108892,
                        38.8916587952923223
                    ],
                    [
                        -76.2528127824755444,
                        38.8916777104722939
                    ],
                    [
                        -76.25576393233851,
                        38.8916965508339771
                    ],
                    [
                        -76.2582934911605435,
                        38.8917126405800246
                    ],
                    [
                        -76.2608230508808873,
                        38.8917286750864335
                    ],
                    [
                        -76.2633526123978669,
                        38.8917446550525341
                    ],
                    [
                        -76.2658821748131572,
                        38.8917605804782909
                    ],
                    [
                        -76.2688333318626377,
                        38.8917790908009522
                    ],
                    [
                        -76.2713628960745638,
                        38.89179489735691
                    ],
                    [
                        -76.2738924620831114,
                        38.8918106486735127
                    ],
                    [
                        -76.2764220289899839,
                        38.8918263461491307
                    ],
                    [
                        -76.2789515967951672,
                        38.8918419883854085
                    ],
                    [
                        -76.2819027601328656,
                        38.891860167971025
                    ],
                    [
                        -76.2844323306329954,
                        38.8918756913379724
                    ],
                    [
                        -76.28696190203145,
                        38.89189116016486
                    ],
                    [
                        -76.2894914743282015,
                        38.8919065744517738
                    ],
                    [
                        -76.2924426439540895,
                        38.8919244883297068
                    ],
                    [
                        -76.2949722189458015,
                        38.8919397830484073
                    ],
                    [
                        -76.2970801984049842,
                        38.8919524872762636
                    ],
                    [
                        -76.2991881796608311,
                        38.891965153745744
                    ],
                    [
                        -76.3012961609166354,
                        38.8919777817576744
                    ],
                    [
                        -76.3029825466399529,
                        38.8919878570371793
                    ],
                    [
                        -76.3046689323632563,
                        38.8919979078437308
                    ],
                    [
                        -76.3067769154157247,
                        38.8920104372646023
                    ],
                    [
                        -76.30888489936649,
                        38.8920229282280019
                    ],
                    [
                        -76.3109928842155654,
                        38.8920353814331392
                    ],
                    [
                        -76.3126792726338152,
                        38.8920453168672964
                    ],
                    [
                        -76.3147872592795409,
                        38.8920577015483317
                    ],
                    [
                        -76.3164736485961157,
                        38.892067581743639
                    ],
                    [
                        -76.3185816361401379,
                        38.89207989790058
                    ],
                    [
                        -76.3206896236841743,
                        38.8920921756001476
                    ],
                    [
                        -76.3227976130248322,
                        38.8921044162408123
                    ],
                    [
                        -76.3244840041380286,
                        38.8921141810640663
                    ],
                    [
                        -76.3265919943770115,
                        38.892126352481533
                    ],
                    [
                        -76.3267870788123162,
                        38.8714529383221361
                    ],
                    [
                        -76.3270064123704088,
                        38.8481952595375333
                    ],
                    [
                        -76.32953444495476,
                        38.8482098066821706
                    ],
                    [
                        -76.33206247843745,
                        38.848224299253765
                    ],
                    [
                        -76.3345905137167478,
                        38.8482387365526094
                    ],
                    [
                        -76.3375398885087293,
                        38.8482555105689968
                    ],
                    [
                        -76.3404892641989932,
                        38.8482722111216816
                    ],
                    [
                        -76.3430173021732514,
                        38.8482864658108653
                    ],
                    [
                        -76.3455453419441312,
                        38.8483006659271624
                    ],
                    [
                        -76.3480733817150252,
                        38.848314811470523
                    ],
                    [
                        -76.3481235274708041,
                        38.8428233930563067
                    ],
                    [
                        -76.3506513741039043,
                        38.8428374823157938
                    ],
                    [
                        -76.35317922163533,
                        38.8428515176979232
                    ],
                    [
                        -76.3557070700650371,
                        38.8428654978033165
                    ],
                    [
                        -76.3586562283630315,
                        38.8428817385389067
                    ],
                    [
                        -76.3587548768559543,
                        38.8318988777920211
                    ],
                    [
                        -76.3612823390101028,
                        38.8319127375881408
                    ],
                    [
                        -76.36380980206259,
                        38.831926542099076
                    ],
                    [
                        -76.3667585094062957,
                        38.8319425788969141
                    ],
                    [
                        -76.3692859742554049,
                        38.8319562644399241
                    ],
                    [
                        -76.3718134400028106,
                        38.8319698960975543
                    ],
                    [
                        -76.3747621518381123,
                        38.8319857299503326
                    ],
                    [
                        -76.3772896193821538,
                        38.8319992426402436
                    ],
                    [
                        -76.3798170887228309,
                        38.8320127007449685
                    ],
                    [
                        -76.3796599293621767,
                        38.8501021358582719
                    ],
                    [
                        -76.3794830286248612,
                        38.8704526865616273
                    ],
                    [
                        -76.3765327267715151,
                        38.870436971774275
                    ],
                    [
                        -76.3740038982798239,
                        38.8704234426047961
                    ],
                    [
                        -76.3714750697881186,
                        38.87040985887959
                    ],
                    [
                        -76.3689462421947383,
                        38.8703962198993125
                    ],
                    [
                        -76.368754804021151,
                        38.8920387738841526
                    ],
                    [
                        -76.3685546692573354,
                        38.9146503090187039
                    ],
                    [
                        -76.3683687161968692,
                        38.9356466503413756
                    ],
                    [
                        -76.36816833619298,
                        38.9582580003658947
                    ],
                    [
                        -76.365636392343859,
                        38.9582442902422272
                    ],
                    [
                        -76.3626824603984744,
                        38.958228226056157
                    ],
                    [
                        -76.360150518345975,
                        38.9582143971759223
                    ],
                    [
                        -76.35761857809014,
                        38.9582005131088
                    ],
                    [
                        -76.3575195792542445,
                        38.9691831237997164
                    ],
                    [
                        -76.3549872500278894,
                        38.9691691832141984
                    ],
                    [
                        -76.3524549216998309,
                        38.9691551881487044
                    ],
                    [
                        -76.3499225942700974,
                        38.9691411379047
                    ],
                    [
                        -76.3469682131670453,
                        38.96912467599082
                    ],
                    [
                        -76.3468172180459135,
                        38.98559853374374
                    ],
                    [
                        -76.3438621560198669,
                        38.9855819939584265
                    ],
                    [
                        -76.34132924648182,
                        38.985567757743766
                    ],
                    [
                        -76.3387963378421119,
                        38.9855534663633279
                    ],
                    [
                        -76.3362634301006864,
                        38.9855391205153836
                    ],
                    [
                        -76.3361611003117417,
                        38.9965216518541524
                    ],
                    [
                        -76.3332055873314346,
                        38.9965048430383305
                    ],
                    [
                        -76.3306722915178142,
                        38.9964903758361885
                    ],
                    [
                        -76.3281389966025046,
                        38.9964758541748324
                    ],
                    [
                        -76.3256057034838591,
                        38.99646127735614
                    ],
                    [
                        -76.3254191135178814,
                        39.0161651507151319
                    ],
                    [
                        -76.3252416037227874,
                        39.0348999039576654
                    ],
                    [
                        -76.3222844998261252,
                        39.0348828195685087
                    ],
                    [
                        -76.3197498412682194,
                        39.034868115993568
                    ],
                    [
                        -76.3172151827103278,
                        39.0348533572910483
                    ],
                    [
                        -76.3146805259490577,
                        39.03483854415876
                    ],
                    [
                        -76.3146276654844939,
                        39.0403297455983065
                    ],
                    [
                        -76.3116703388056266,
                        39.0403123932003879
                    ],
                    [
                        -76.309135488008252,
                        39.0402974598084853
                    ],
                    [
                        -76.3066006390075131,
                        39.040282471293196
                    ],
                    [
                        -76.304065790905085,
                        39.0402674283521733
                    ],
                    [
                        -76.3015309437009819,
                        39.04025233028775
                    ],
                    [
                        -76.2989960982935,
                        39.0402371777975077
                    ],
                    [
                        -76.2960387788011758,
                        39.0402194297667435
                    ],
                    [
                        -76.2935039351903157,
                        39.0402041579584349
                    ]
                ]
            ],
            [
                [
                    [
                        -76.0084993616523548,
                        39.0268305641703819
                    ],
                    [
                        -76.0087241991881939,
                        39.010680401908175
                    ],
                    [
                        -76.012102492578876,
                        39.0107089752160405
                    ],
                    [
                        -76.01548078866449,
                        39.0107374500921367
                    ],
                    [
                        -76.0184367993114591,
                        39.0107622861999843
                    ],
                    [
                        -76.0218150998886415,
                        39.0107905781745
                    ],
                    [
                        -76.0251934031607846,
                        39.0108187731135914
                    ],
                    [
                        -76.0281494209942679,
                        39.0108433634915741
                    ],
                    [
                        -76.0315277296563039,
                        39.0108713755297032
                    ],
                    [
                        -76.0349060410132864,
                        39.0108992898347324
                    ],
                    [
                        -76.0382843550652154,
                        39.01092710640674
                    ],
                    [
                        -76.041662670913766,
                        39.0109548259438412
                    ],
                    [
                        -76.0450409903555737,
                        39.010982447050182
                    ],
                    [
                        -76.0484193115940457,
                        39.0110099718198171
                    ],
                    [
                        -76.0517976364257464,
                        39.0110373981589333
                    ],
                    [
                        -76.0551759630540687,
                        39.0110647274636406
                    ],
                    [
                        -76.0585542923773517,
                        39.01109195903598
                    ],
                    [
                        -76.0615103326687318,
                        39.01111570611998
                    ],
                    [
                        -76.0648886673819078,
                        39.011142754793525
                    ],
                    [
                        -76.0682670038917337,
                        39.0111697064331082
                    ],
                    [
                        -76.0712230504712892,
                        39.0111932084889332
                    ],
                    [
                        -76.0746013923709938,
                        39.01121997653226
                    ],
                    [
                        -76.0779797369656308,
                        39.0112466475418742
                    ],
                    [
                        -76.0809357898334184,
                        39.0112699038723534
                    ],
                    [
                        -76.0843141389196518,
                        39.0112963919843807
                    ],
                    [
                        -76.0876924898024924,
                        39.0113227823650561
                    ],
                    [
                        -76.0910708442786046,
                        39.011349075014472
                    ],
                    [
                        -76.0944492005513524,
                        39.0113752699326994
                    ],
                    [
                        -76.0978275595190468,
                        39.01140136781796
                    ],
                    [
                        -76.1012059202833768,
                        39.0114273679722459
                    ],
                    [
                        -76.1041619884225184,
                        39.0114500379156084
                    ],
                    [
                        -76.1075403545767273,
                        39.01147585517365
                    ],
                    [
                        -76.1109187234258826,
                        39.0115015747011356
                    ],
                    [
                        -76.1142970940716737,
                        39.0115271964980579
                    ],
                    [
                        -76.1141002174973664,
                        39.02735454139281
                    ],
                    [
                        -76.1138952120680585,
                        39.0438278412793309
                    ],
                    [
                        -76.113694134073171,
                        39.0599780761411353
                    ],
                    [
                        -76.1134768675385658,
                        39.0774202633005174
                    ],
                    [
                        -76.1100953680606409,
                        39.0773946172740736
                    ],
                    [
                        -76.1067138712776625,
                        39.0773688743055132
                    ],
                    [
                        -76.1037550641752034,
                        39.0773462694399143
                    ],
                    [
                        -76.1003735718838215,
                        39.0773203430484344
                    ],
                    [
                        -76.0969920822873576,
                        39.0772943190171844
                    ],
                    [
                        -76.0936105953858544,
                        39.0772681980434058
                    ],
                    [
                        -76.0902291102809869,
                        39.0772419787322818
                    ],
                    [
                        -76.087270313958328,
                        39.0772189568050976
                    ],
                    [
                        -76.0838888342433108,
                        39.0771925547674286
                    ],
                    [
                        -76.0809300406156126,
                        39.0771693731286049
                    ],
                    [
                        -76.0775485653922061,
                        39.077142787666638
                    ],
                    [
                        -76.0741670928637177,
                        39.07711610526151
                    ],
                    [
                        -76.0707856230302184,
                        39.0770893245184112
                    ],
                    [
                        -76.0674041558916514,
                        39.0770624468319738
                    ],
                    [
                        -76.06402269054972,
                        39.0770354708073526
                    ],
                    [
                        -76.0606412279027069,
                        39.0770083978391085
                    ],
                    [
                        -76.0572597679506686,
                        39.0769812265324532
                    ],
                    [
                        -76.0538783106935625,
                        39.0769539582820187
                    ],
                    [
                        -76.0504968561313888,
                        39.0769265916929314
                    ],
                    [
                        -76.04711540426419,
                        39.0768991281598375
                    ],
                    [
                        -76.0437339550919233,
                        39.0768715662878776
                    ],
                    [
                        -76.0403525077162925,
                        39.0768439074716127
                    ],
                    [
                        -76.037393744631288,
                        39.07681962597605
                    ],
                    [
                        -76.03401230264555,
                        39.076791783732773
                    ],
                    [
                        -76.0306308633547445,
                        39.0767638438475089
                    ],
                    [
                        -76.0272494267589,
                        39.0767358063202224
                    ],
                    [
                        -76.0242906717587346,
                        39.0767111935392961
                    ],
                    [
                        -76.0209092405527826,
                        39.0766829732814855
                    ],
                    [
                        -76.017527811143438,
                        39.0766546553812688
                    ],
                    [
                        -76.0141463853273791,
                        39.076626239141163
                    ],
                    [
                        -76.0111876393103785,
                        39.076601295770665
                    ],
                    [
                        -76.0078062188841983,
                        39.076572696799218
                    ],
                    [
                        -76.0080268693724861,
                        39.060745715501703
                    ],
                    [
                        -76.0082609218265048,
                        39.0439496731012028
                    ],
                    [
                        -76.0084993616523548,
                        39.0268305641703819
                    ]
                ]
            ],
            [
                [
                    [
                        -77.2128190791128475,
                        39.1739334207044294
                    ],
                    [
                        -77.2128026336549311,
                        39.1684422569014927
                    ],
                    [
                        -77.2102631466523945,
                        39.1684468374996229
                    ],
                    [
                        -77.2077236596498437,
                        39.16845136307731
                    ],
                    [
                        -77.2047609242146677,
                        39.1684565739683705
                    ],
                    [
                        -77.2022214372121027,
                        39.168460980451357
                    ],
                    [
                        -77.2022058119160448,
                        39.1629698065566387
                    ],
                    [
                        -77.2000897350428943,
                        39.1629734367733278
                    ],
                    [
                        -77.1983968742630111,
                        39.1629763133647089
                    ],
                    [
                        -77.1962807973898464,
                        39.1629798739299062
                    ],
                    [
                        -77.1941647196183709,
                        39.1629833968833623
                    ],
                    [
                        -77.1920486427452062,
                        39.1629868822250273
                    ],
                    [
                        -77.190355781066998,
                        39.1629896424985162
                    ],
                    [
                        -77.1882397032955367,
                        39.1629930581887251
                    ],
                    [
                        -77.186123625524047,
                        39.1629964362672638
                    ],
                    [
                        -77.1840075477525716,
                        39.1629997760374593
                    ],
                    [
                        -77.1823146851760669,
                        39.16300241999312
                    ],
                    [
                        -77.1801986065062522,
                        39.1630056908084825
                    ],
                    [
                        -77.1785057439297475,
                        39.1630082804360242
                    ],
                    [
                        -77.176812880454932,
                        39.1630108449890741
                    ],
                    [
                        -77.1746968017851316,
                        39.1630140168995382
                    ],
                    [
                        -77.1725807222170346,
                        39.1630171498052277
                    ],
                    [
                        -77.1704646435472483,
                        39.1630202450991689
                    ],
                    [
                        -77.1704383040447794,
                        39.1520378674978673
                    ],
                    [
                        -77.1678994018455029,
                        39.1520415310197478
                    ],
                    [
                        -77.1649373473332929,
                        39.1520457351181292
                    ],
                    [
                        -77.1623984442356772,
                        39.1520492795176978
                    ],
                    [
                        -77.1598595402397507,
                        39.1520527688840971
                    ],
                    [
                        -77.15984719109953,
                        39.1465615668115277
                    ],
                    [
                        -77.162809016541317,
                        39.14655749127018
                    ],
                    [
                        -77.1653477238062209,
                        39.1465539382339571
                    ],
                    [
                        -77.1678864310711106,
                        39.1465503301603235
                    ],
                    [
                        -77.170425138335986,
                        39.1465466670492219
                    ],
                    [
                        -77.17037249256876,
                        39.124581788206342
                    ],
                    [
                        -77.1678345704314381,
                        39.1245854503695867
                    ],
                    [
                        -77.1652966473957918,
                        39.1245890574782536
                    ],
                    [
                        -77.16275872436016,
                        39.1245926095323213
                    ],
                    [
                        -77.1597978134033156,
                        39.1245966835576553
                    ],
                    [
                        -77.15977313578415,
                        39.1136141971756217
                    ],
                    [
                        -77.15723560441397,
                        39.1136176298991174
                    ],
                    [
                        -77.1542751498012791,
                        39.1136215644622141
                    ],
                    [
                        -77.1517376175328025,
                        39.1136248779984115
                    ],
                    [
                        -77.1492000852643116,
                        39.1136281364715046
                    ],
                    [
                        -77.1491770479688483,
                        39.1026456183119677
                    ],
                    [
                        -77.1466399064674988,
                        39.1026488215240207
                    ],
                    [
                        -77.1436799090973011,
                        39.1026524890099481
                    ],
                    [
                        -77.1411427675959658,
                        39.1026555730162144
                    ],
                    [
                        -77.1386056251962913,
                        39.10265860195075
                    ],
                    [
                        -77.1386163268262806,
                        39.1081498658608382
                    ],
                    [
                        -77.136078989492205,
                        39.1081528401891205
                    ],
                    [
                        -77.1335416512598187,
                        39.1081557594500993
                    ],
                    [
                        -77.1310043130274323,
                        39.1081586236436465
                    ],
                    [
                        -77.12804408479019,
                        39.1081618963105271
                    ],
                    [
                        -77.1250838565529762,
                        39.1081650936954972
                    ],
                    [
                        -77.1225465174222649,
                        39.1081677752606609
                    ],
                    [
                        -77.1200091782915536,
                        39.1081704010614288
                    ],
                    [
                        -77.1174718391608565,
                        39.10817297249195
                    ],
                    [
                        -77.1174446363774138,
                        39.0916991543574071
                    ],
                    [
                        -77.1149078838465982,
                        39.0917016706114211
                    ],
                    [
                        -77.1119483401256076,
                        39.091704536170738
                    ],
                    [
                        -77.1094115875947779,
                        39.0917069332005767
                    ],
                    [
                        -77.1068748359622731,
                        39.0917092744530166
                    ],
                    [
                        -77.1068171183069637,
                        39.0532701117185042
                    ],
                    [
                        -77.1093525009069651,
                        39.0532677712832452
                    ],
                    [
                        -77.11188788260867,
                        39.0532653757378085
                    ],
                    [
                        -77.1148458291250876,
                        39.0532625114076239
                    ],
                    [
                        -77.1173812108267782,
                        39.0532599972706649
                    ],
                    [
                        -77.12033915554656,
                        39.0532569941185841
                    ],
                    [
                        -77.1228745372482507,
                        39.0532543606924563
                    ],
                    [
                        -77.12540991894997,
                        39.0532516721561294
                    ],
                    [
                        -77.1279452997533355,
                        39.0532489285095252
                    ],
                    [
                        -77.1279354299633155,
                        39.0477575940727917
                    ],
                    [
                        -77.1308931456126885,
                        39.0477543241841829
                    ],
                    [
                        -77.1334283314816673,
                        39.04775146242109
                    ],
                    [
                        -77.1359635164523212,
                        39.0477485448458026
                    ],
                    [
                        -77.1384987005246643,
                        39.0477455735513175
                    ],
                    [
                        -77.1410338854953324,
                        39.0477425464445886
                    ],
                    [
                        -77.143569069567647,
                        39.0477394649210225
                    ],
                    [
                        -77.14610425363999,
                        39.0477363282828662
                    ],
                    [
                        -77.1490619683910666,
                        39.0477326000366887
                    ],
                    [
                        -77.1490734677250032,
                        39.0532239329286739
                    ],
                    [
                        -77.1511862837136846,
                        39.0532212234632468
                    ],
                    [
                        -77.15329909970238,
                        39.0532184763275225
                    ],
                    [
                        -77.1549893526729846,
                        39.0532162509940406
                    ],
                    [
                        -77.1571021677633411,
                        39.0532134347960209
                    ],
                    [
                        -77.1587924198356347,
                        39.0532111543522333
                    ],
                    [
                        -77.1609052349260054,
                        39.0532082697895149
                    ],
                    [
                        -77.1630180500163618,
                        39.0532053468588813
                    ],
                    [
                        -77.1651308651067325,
                        39.0532023862578725
                    ],
                    [
                        -77.1668211171790261,
                        39.053199990012665
                    ],
                    [
                        -77.1689339313710718,
                        39.0531969603493749
                    ],
                    [
                        -77.17062418344338,
                        39.0531945089937764
                    ],
                    [
                        -77.17273699763544,
                        39.0531914109657237
                    ],
                    [
                        -77.1744272488094225,
                        39.0531889051973806
                    ],
                    [
                        -77.1765400621031574,
                        39.0531857381070111
                    ],
                    [
                        -77.1786528762952031,
                        39.0531825333461953
                    ],
                    [
                        -77.1807656895889238,
                        39.0531792902174644
                    ],
                    [
                        -77.1807935858717684,
                        39.0641619291391891
                    ],
                    [
                        -77.1833293529507216,
                        39.0641579862361112
                    ],
                    [
                        -77.185865120029689,
                        39.0641539889287017
                    ],
                    [
                        -77.1888235139070957,
                        39.0641492557705021
                    ],
                    [
                        -77.1913592800877524,
                        39.0641451391920356
                    ],
                    [
                        -77.19137404659439,
                        39.06963644701294
                    ],
                    [
                        -77.1939100086077588,
                        39.0696322749596945
                    ],
                    [
                        -77.1964459697228165,
                        39.0696280485063312
                    ],
                    [
                        -77.1989819308378884,
                        39.0696237669553241
                    ],
                    [
                        -77.201940551989054,
                        39.0696187021849823
                    ],
                    [
                        -77.2020340935596039,
                        39.1025663933161383
                    ],
                    [
                        -77.2045712287727355,
                        39.1025619910728608
                    ],
                    [
                        -77.2071083630875563,
                        39.10255753375764
                    ],
                    [
                        -77.2096454974023771,
                        39.1025530213705679
                    ],
                    [
                        -77.2126054875860461,
                        39.102547687091544
                    ],
                    [
                        -77.2125890753658126,
                        39.09705642458519
                    ],
                    [
                        -77.2151260129495682,
                        39.0970517933281982
                    ],
                    [
                        -77.2176629505333523,
                        39.0970471069949852
                    ],
                    [
                        -77.2206227107483159,
                        39.0970415708190941
                    ],
                    [
                        -77.2231596474337749,
                        39.0970367659673457
                    ],
                    [
                        -77.2261194067504277,
                        39.0970310903578735
                    ],
                    [
                        -77.2286563425375618,
                        39.0970261662904761
                    ],
                    [
                        -77.23119327832471,
                        39.097021187146737
                    ],
                    [
                        -77.2337302132135477,
                        39.0970161529267557
                    ],
                    [
                        -77.2337482576726586,
                        39.10250741229563
                    ],
                    [
                        -77.2362853883942222,
                        39.1025023233956688
                    ],
                    [
                        -77.239245374086309,
                        39.102496316401961
                    ],
                    [
                        -77.2417825039095476,
                        39.1024911075983752
                    ],
                    [
                        -77.2443196337328,
                        39.10248584441981
                    ],
                    [
                        -77.24435736387305,
                        39.1134683386832833
                    ],
                    [
                        -77.2468948844634582,
                        39.1134630191702755
                    ],
                    [
                        -77.2494324059521489,
                        39.1134576452907368
                    ],
                    [
                        -77.2519699256442323,
                        39.1134522163477456
                    ],
                    [
                        -77.2549303658838653,
                        39.1134458129963676
                    ],
                    [
                        -77.2578908052251876,
                        39.1134393350653013
                    ],
                    [
                        -77.260428324018946,
                        39.1134337228094608
                    ],
                    [
                        -77.2629658428127044,
                        39.113428055490111
                    ],
                    [
                        -77.2655033607081663,
                        39.1134223338041309
                    ],
                    [
                        -77.2655443679025637,
                        39.12440479085565
                    ],
                    [
                        -77.26300645834165,
                        39.1244105137404645
                    ],
                    [
                        -77.260045562656174,
                        39.1244171216787109
                    ],
                    [
                        -77.2575076512986243,
                        39.124422725393913
                    ],
                    [
                        -77.2549697399410746,
                        39.1244282740540967
                    ],
                    [
                        -77.2550485257847726,
                        39.1463931060292794
                    ],
                    [
                        -77.2525098292996688,
                        39.1463986014044778
                    ],
                    [
                        -77.2495480173326,
                        39.1464049439363393
                    ],
                    [
                        -77.2470093199491714,
                        39.1464103201791644
                    ],
                    [
                        -77.2444706234640677,
                        39.1464156413842375
                    ],
                    [
                        -77.2445272918871524,
                        39.1628891902057461
                    ],
                    [
                        -77.2415647918105606,
                        39.1628953306559353
                    ],
                    [
                        -77.2390255051323322,
                        39.1629005342969734
                    ],
                    [
                        -77.23648621845409,
                        39.1629056829132267
                    ],
                    [
                        -77.2339469308775222,
                        39.1629107765046811
                    ],
                    [
                        -77.2339650094726125,
                        39.1684019452571661
                    ],
                    [
                        -77.2314255251650081,
                        39.1684069841269533
                    ],
                    [
                        -77.2288860408574038,
                        39.1684119686726646
                    ],
                    [
                        -77.2259233090154851,
                        39.1684177137493847
                    ],
                    [
                        -77.2233838238095558,
                        39.168422578503673
                    ],
                    [
                        -77.2234010876326948,
                        39.1739137410575111
                    ],
                    [
                        -77.2204381258220565,
                        39.1739193477970673
                    ],
                    [
                        -77.21789844388509,
                        39.17392409378229
                    ],
                    [
                        -77.2153587610498136,
                        39.1739287847514177
                    ],
                    [
                        -77.2128190791128475,
                        39.1739334207044294
                    ]
                ]
            ],
            [
                [
                    [
                        -76.9501129412065126,
                        39.60737409870282
                    ],
                    [
                        -76.9501552150254753,
                        39.5474869740232364
                    ],
                    [
                        -76.952081331453698,
                        39.5474877726928824
                    ],
                    [
                        -76.9543926706286072,
                        39.5474886891195254
                    ],
                    [
                        -76.95631878705683,
                        39.5474894185203283
                    ],
                    [
                        -76.95863012713005,
                        39.5474902518243923
                    ],
                    [
                        -76.9586365536775929,
                        39.5365091948706748
                    ],
                    [
                        -76.9611892692710171,
                        39.5365100629464976
                    ],
                    [
                        -76.9641674368644715,
                        39.5365110058444031
                    ],
                    [
                        -76.9667201524578957,
                        39.5365117540661473
                    ],
                    [
                        -76.96927286805132,
                        39.5365124468640445
                    ],
                    [
                        -76.9692752539767184,
                        39.5310219014138866
                    ],
                    [
                        -76.9718277710424559,
                        39.53102253883835
                    ],
                    [
                        -76.9743802890065183,
                        39.531023121527447
                    ],
                    [
                        -76.9769328060722557,
                        39.5310236480954558
                    ],
                    [
                        -76.97991074279868,
                        39.5310241933704916
                    ],
                    [
                        -76.9799138626476633,
                        39.52004306826052
                    ],
                    [
                        -76.9824659835563807,
                        39.520043475722332
                    ],
                    [
                        -76.9854434585487439,
                        39.5200438811052379
                    ],
                    [
                        -76.9879955794574471,
                        39.5200441686845139
                    ],
                    [
                        -76.99054770036615,
                        39.5200444008268619
                    ],
                    [
                        -76.9935251744602027,
                        39.5200446017859051
                    ],
                    [
                        -76.9960772953689059,
                        39.520044714738745
                    ],
                    [
                        -76.9986294162776232,
                        39.5200447715616718
                    ],
                    [
                        -77.0011815371863264,
                        39.5200447736405494
                    ],
                    [
                        -77.00118172134097,
                        39.5310258991737342
                    ],
                    [
                        -77.0037342384067074,
                        39.531025845824054
                    ],
                    [
                        -77.0062867554724448,
                        39.5310257377390784
                    ],
                    [
                        -77.00926469309718,
                        39.5310255409688978
                    ],
                    [
                        -77.0118172101629312,
                        39.5310253130203861
                    ],
                    [
                        -77.01181812824116,
                        39.5365158588935444
                    ],
                    [
                        -77.0147962967329107,
                        39.5365155228865817
                    ],
                    [
                        -77.0173490123263491,
                        39.5365151744092387
                    ],
                    [
                        -77.0199017279197591,
                        39.5365147712009275
                    ],
                    [
                        -77.0224544435131833,
                        39.53651431256872
                    ],
                    [
                        -77.0224561871431632,
                        39.5420048468848719
                    ],
                    [
                        -77.0245836160265753,
                        39.5420044229261123
                    ],
                    [
                        -77.0267110440116625,
                        39.5420039601737514
                    ],
                    [
                        -77.028412986759065,
                        39.54200356253925
                    ],
                    [
                        -77.0305404147441521,
                        39.5420030305125394
                    ],
                    [
                        -77.0326678427292535,
                        39.5420024603849924
                    ],
                    [
                        -77.0347952707143406,
                        39.542001851463823
                    ],
                    [
                        -77.0369226986994278,
                        39.5420012044417533
                    ],
                    [
                        -77.03862464144683,
                        39.5420006592529489
                    ],
                    [
                        -77.0407520694319317,
                        39.5419999429565792
                    ],
                    [
                        -77.0428794965187222,
                        39.541999188559295
                    ],
                    [
                        -77.0445814392661106,
                        39.5419985574703077
                    ],
                    [
                        -77.0467088672511977,
                        39.5419977337987163
                    ],
                    [
                        -77.0488362943379883,
                        39.5419968720262673
                    ],
                    [
                        -77.0505382370853908,
                        39.5419961543443463
                    ],
                    [
                        -77.0522401789344684,
                        39.5419954131091629
                    ],
                    [
                        -77.0543676069195556,
                        39.5419944508889358
                    ],
                    [
                        -77.0544098726536788,
                        39.5968991564730857
                    ],
                    [
                        -77.0522807917684815,
                        39.5969001193160608
                    ],
                    [
                        -77.0501517099849309,
                        39.59690104339613
                    ],
                    [
                        -77.04844844491744,
                        39.5969017549723432
                    ],
                    [
                        -77.046319363133918,
                        39.5969026098329309
                    ],
                    [
                        -77.0441902813503674,
                        39.5969034266227737
                    ],
                    [
                        -77.0424870162828768,
                        39.5969040516745991
                    ],
                    [
                        -77.0407837503170612,
                        39.5969046531918778
                    ],
                    [
                        -77.0386546685335389,
                        39.5969053696134452
                    ],
                    [
                        -77.0365255867499883,
                        39.596906047964282
                    ],
                    [
                        -77.0348223207841727,
                        39.596906562957173
                    ],
                    [
                        -77.03269323900065,
                        39.5969071720885282
                    ],
                    [
                        -77.030564157217114,
                        39.5969077424569917
                    ],
                    [
                        -77.0284350754335776,
                        39.5969082747547247
                    ],
                    [
                        -77.0263059927517446,
                        39.59690876898177
                    ],
                    [
                        -77.0241769109682082,
                        39.5969092244459162
                    ],
                    [
                        -77.0224736450023926,
                        39.5969095608525095
                    ],
                    [
                        -77.0224767423934793,
                        39.6066412994237282
                    ],
                    [
                        -77.0201107694796576,
                        39.6066417264478616
                    ],
                    [
                        -77.0173504684954366,
                        39.6066421645455264
                    ],
                    [
                        -77.0145901666128765,
                        39.6066425375860689
                    ],
                    [
                        -77.0118298647303305,
                        39.6066428469535978
                    ],
                    [
                        -77.0118328345606784,
                        39.62436302500241
                    ],
                    [
                        -77.0097029236321333,
                        39.6243632194319915
                    ],
                    [
                        -77.0079989956079629,
                        39.6243633467453193
                    ],
                    [
                        -77.0058690855777286,
                        39.6243634719828961
                    ],
                    [
                        -77.004165157553544,
                        39.6243635446345195
                    ],
                    [
                        -77.0020352475233381,
                        39.6243636006800841
                    ],
                    [
                        -77.0003313194991534,
                        39.6243636172861926
                    ],
                    [
                        -76.9969234634507842,
                        39.6243635778467365
                    ],
                    [
                        -76.9947935525222391,
                        39.6243635031193193
                    ],
                    [
                        -76.9930896244980829,
                        39.6243634159373883
                    ],
                    [
                        -76.9913856964738983,
                        39.6243633038462519
                    ],
                    [
                        -76.9894140776815732,
                        39.624363143320771
                    ],
                    [
                        -76.9860551124425427,
                        39.6243627945929759
                    ],
                    [
                        -76.9841890205432691,
                        39.6243625593400708
                    ],
                    [
                        -76.9823229295423346,
                        39.6243622943345883
                    ],
                    [
                        -76.982327052809481,
                        39.6078911801404061
                    ],
                    [
                        -76.9798888742114116,
                        39.6078907898044861
                    ],
                    [
                        -76.9798890188401828,
                        39.6073829290800958
                    ],
                    [
                        -76.9781855004477649,
                        39.6073826266367917
                    ],
                    [
                        -76.97605610245725,
                        39.6073822134590046
                    ],
                    [
                        -76.9743525849631567,
                        39.6073818556484838
                    ],
                    [
                        -76.9722231869726556,
                        39.6073813739538068
                    ],
                    [
                        -76.9688161501878341,
                        39.607380522683016
                    ],
                    [
                        -76.9671126317954162,
                        39.6073800603668644
                    ],
                    [
                        -76.9649832347032259,
                        39.607379447867153
                    ],
                    [
                        -76.963279716310808,
                        39.6073789301837849
                    ],
                    [
                        -76.961150318320307,
                        39.6073782484750794
                    ],
                    [
                        -76.959446800826214,
                        39.6073776754244733
                    ],
                    [
                        -76.95748868011934,
                        39.6073769861027358
                    ],
                    [
                        -76.9556447460648627,
                        39.6073763071623546
                    ],
                    [
                        -76.9538008111120888,
                        39.6073755998462573
                    ],
                    [
                        -76.9519568761592865,
                        39.6073748634623968
                    ],
                    [
                        -76.9501129412065126,
                        39.60737409870282
                    ]
                ]
            ],
            [
                [
                    [
                        -76.5640825749717067,
                        39.7004313437454286
                    ],
                    [
                        -76.5642541963101166,
                        39.6726576350962716
                    ],
                    [
                        -76.5644137227315156,
                        39.6468213387755384
                    ],
                    [
                        -76.5645910582534412,
                        39.6180781391323293
                    ],
                    [
                        -76.562035422237031,
                        39.6180686838743981
                    ],
                    [
                        -76.5590538482320255,
                        39.6180575837707849
                    ],
                    [
                        -76.5564982140122368,
                        39.61804800879689
                    ],
                    [
                        -76.5539425806907872,
                        39.6180383791549886
                    ],
                    [
                        -76.5540812868588461,
                        39.5960770719648778
                    ],
                    [
                        -76.5515264485464115,
                        39.5960673894282635
                    ],
                    [
                        -76.5489716111322878,
                        39.5960576515140872
                    ],
                    [
                        -76.5464167746164748,
                        39.5960478582222137
                    ],
                    [
                        -76.5434361330627411,
                        39.5960363628007528
                    ],
                    [
                        -76.543542587915482,
                        39.57956526768406
                    ],
                    [
                        -76.5405626416577576,
                        39.5795536995985344
                    ],
                    [
                        -76.5380084034199228,
                        39.5795437246503994
                    ],
                    [
                        -76.5354541651820881,
                        39.57953369361892
                    ],
                    [
                        -76.5328999278425783,
                        39.5795236078889445
                    ],
                    [
                        -76.533008814434794,
                        39.5630524166455046
                    ],
                    [
                        -76.530455173576641,
                        39.56304227796268
                    ],
                    [
                        -76.5274759262082114,
                        39.5630303795516483
                    ],
                    [
                        -76.5249222871466657,
                        39.5630201210573844
                    ],
                    [
                        -76.5223686480851342,
                        39.56300980715892
                    ],
                    [
                        -76.5225170569566018,
                        39.5410480699821676
                    ],
                    [
                        -76.5199642129040853,
                        39.5410377043239833
                    ],
                    [
                        -76.5174113688515831,
                        39.5410272825513047
                    ],
                    [
                        -76.5144330521378038,
                        39.5410150547701988
                    ],
                    [
                        -76.5118802098819231,
                        39.5410045138405764
                    ],
                    [
                        -76.5119560321834626,
                        39.5300235835949962
                    ],
                    [
                        -76.5094035869829554,
                        39.5300129890315617
                    ],
                    [
                        -76.5068511426807447,
                        39.5300023390374236
                    ],
                    [
                        -76.5042986992768306,
                        39.5299916336126032
                    ],
                    [
                        -76.501320849687005,
                        39.5299790740845935
                    ],
                    [
                        -76.49834300099549,
                        39.529966439725051
                    ],
                    [
                        -76.4957905602865367,
                        39.5299555499930761
                    ],
                    [
                        -76.4932381204759082,
                        39.5299446048303267
                    ],
                    [
                        -76.49068568156359,
                        39.5299336049296244
                    ],
                    [
                        -76.4907252352838469,
                        39.5244431302371808
                    ],
                    [
                        -76.4881729957975409,
                        39.524432075417316
                    ],
                    [
                        -76.4856207563112065,
                        39.5244209658550787
                    ],
                    [
                        -76.4826431447749258,
                        39.5244079348276429
                    ],
                    [
                        -76.4800909070852271,
                        39.5243967053866214
                    ],
                    [
                        -76.4771132973455678,
                        39.5243835343850165
                    ],
                    [
                        -76.4745610614525049,
                        39.5243721850650545
                    ],
                    [
                        -76.4720088264577527,
                        39.5243607803096779
                    ],
                    [
                        -76.46945659236134,
                        39.5243493208118721
                    ],
                    [
                        -76.46949779179522,
                        39.5188588418455211
                    ],
                    [
                        -76.4669457562264512,
                        39.5188473273878458
                    ],
                    [
                        -76.4639683827437011,
                        39.5188338247850481
                    ],
                    [
                        -76.4614163498698929,
                        39.5188221911316191
                    ],
                    [
                        -76.4588643169960847,
                        39.5188105020382707
                    ],
                    [
                        -76.4589063356934986,
                        39.5133200148907946
                    ],
                    [
                        -76.4563545022456879,
                        39.5133082715083148
                    ],
                    [
                        -76.45337736412155,
                        39.5132945010124459
                    ],
                    [
                        -76.4508255324703754,
                        39.5132826377315
                    ],
                    [
                        -76.4482737017174969,
                        39.5132707196991859
                    ],
                    [
                        -76.4452965671866451,
                        39.5132567447519918
                    ],
                    [
                        -76.4427447382303882,
                        39.5132447068210695
                    ],
                    [
                        -76.44019291017247,
                        39.5132326134455738
                    ],
                    [
                        -76.4376410830128634,
                        39.5132204646256042
                    ],
                    [
                        -76.4376847456272515,
                        39.5077299743793091
                    ],
                    [
                        -76.43470784645497,
                        39.5077157321729473
                    ],
                    [
                        -76.4321562196196709,
                        39.5077034652568386
                    ],
                    [
                        -76.4296045927843721,
                        39.5076911421986807
                    ],
                    [
                        -76.4270529677457233,
                        39.5076787643845222
                    ],
                    [
                        -76.427230853934887,
                        39.4857167097444943
                    ],
                    [
                        -76.424680021210321,
                        39.4857042801788651
                    ],
                    [
                        -76.4221291902823623,
                        39.4856917958399833
                    ],
                    [
                        -76.4191532208664057,
                        39.4856771601735232
                    ],
                    [
                        -76.4166023917350827,
                        39.4856645558879293
                    ],
                    [
                        -76.4166476704186692,
                        39.4801740193288708
                    ],
                    [
                        -76.4140970398150046,
                        39.4801613606572062
                    ],
                    [
                        -76.4115464101096791,
                        39.4801486465144151
                    ],
                    [
                        -76.4085706769506459,
                        39.4801337441244726
                    ],
                    [
                        -76.4060200490419419,
                        39.4801209107186466
                    ],
                    [
                        -76.4060661460907511,
                        39.4746303671274816
                    ],
                    [
                        -76.4035157176080446,
                        39.474617479313288
                    ],
                    [
                        -76.4005402180109883,
                        39.4746023739544611
                    ],
                    [
                        -76.3979897913249033,
                        39.4745893661742429
                    ],
                    [
                        -76.3954393655371291,
                        39.4745763036117552
                    ],
                    [
                        -76.39548628005285,
                        39.4690857537260271
                    ],
                    [
                        -76.3929360527927486,
                        39.4690726367330029
                    ],
                    [
                        -76.3903858264309861,
                        39.46905946495329
                    ],
                    [
                        -76.3878356018658309,
                        39.469046237693469
                    ],
                    [
                        -76.3848603403223336,
                        39.4690307358465233
                    ],
                    [
                        -76.3850035120156861,
                        39.4525590337475407
                    ],
                    [
                        -76.3824538830335769,
                        39.4525456895954036
                    ],
                    [
                        -76.3794793158877923,
                        39.4525300522823485
                    ],
                    [
                        -76.3769296887023046,
                        39.4525165888193641
                    ],
                    [
                        -76.37438006241517,
                        39.4525030698629138
                    ],
                    [
                        -76.3746226533559422,
                        39.42505004428525
                    ],
                    [
                        -76.3720740170122241,
                        39.4250364755869
                    ],
                    [
                        -76.3695253806685059,
                        39.4250228520670163
                    ],
                    [
                        -76.366551973247752,
                        39.4250068872940886
                    ],
                    [
                        -76.36400333959898,
                        39.4249931437221051
                    ],
                    [
                        -76.3642005701094888,
                        39.4030305558856568
                    ],
                    [
                        -76.3616527278764892,
                        39.4030167614741771
                    ],
                    [
                        -76.3586802466187748,
                        39.4030005979994087
                    ],
                    [
                        -76.3561324061824109,
                        39.4029866841918661
                    ],
                    [
                        -76.3535845666443436,
                        39.4029727148512947
                    ],
                    [
                        -76.3537849655128724,
                        39.38100998348763
                    ],
                    [
                        -76.3508134095199011,
                        39.3809936211910241
                    ],
                    [
                        -76.3482663622959308,
                        39.3809795363508
                    ],
                    [
                        -76.3457193159702712,
                        39.380965396654311
                    ],
                    [
                        -76.3431722705429081,
                        39.3809512021014854
                    ],
                    [
                        -76.34322317357848,
                        39.3754604988181924
                    ],
                    [
                        -76.34025185204581,
                        39.3754438699589642
                    ],
                    [
                        -76.33770500694277,
                        39.375429556929241
                    ],
                    [
                        -76.335158161839729,
                        39.3754151883443413
                    ],
                    [
                        -76.3326113185333242,
                        39.37540076489865
                    ],
                    [
                        -76.3327755691948227,
                        39.3579596574147956
                    ],
                    [
                        -76.332921501411036,
                        39.3424563687725737
                    ],
                    [
                        -76.33037584208418,
                        39.3424418968362133
                    ],
                    [
                        -76.327830184553946,
                        39.342427369318365
                    ],
                    [
                        -76.3248602518166877,
                        39.3424103511863592
                    ],
                    [
                        -76.3223145960830891,
                        39.3423957048629092
                    ],
                    [
                        -76.3225769679264374,
                        39.3149418027558042
                    ],
                    [
                        -76.3200322985429978,
                        39.3149271061979206
                    ],
                    [
                        -76.3170635192425948,
                        39.3149098909410242
                    ],
                    [
                        -76.3145188525541016,
                        39.3148950755306146
                    ],
                    [
                        -76.3119741867639476,
                        39.3148802052116935
                    ],
                    [
                        -76.3120274577586173,
                        39.3093894012401037
                    ],
                    [
                        -76.3149960052936933,
                        39.309406743660972
                    ],
                    [
                        -76.3175404752511213,
                        39.3094215491125283
                    ],
                    [
                        -76.32008494610686,
                        39.3094362989562853
                    ],
                    [
                        -76.3226294178609095,
                        39.3094509938872534
                    ],
                    [
                        -76.3229347013270853,
                        39.2774749287208991
                    ],
                    [
                        -76.3231011034536948,
                        39.2600333106519983
                    ],
                    [
                        -76.3232581855592116,
                        39.2435605903792819
                    ],
                    [
                        -76.3258002965407059,
                        39.2435752170399468
                    ],
                    [
                        -76.3283424093188358,
                        39.2435897887362515
                    ],
                    [
                        -76.3313082080091476,
                        39.2436067195895362
                    ],
                    [
                        -76.33385032348221,
                        39.24362117161683
                    ],
                    [
                        -76.3363924389552722,
                        39.2436355686798919
                    ],
                    [
                        -76.3389345553266594,
                        39.2436499114745629
                    ],
                    [
                        -76.34190035940685,
                        39.2436665744643562
                    ],
                    [
                        -76.3444424784731979,
                        39.2436807968945445
                    ],
                    [
                        -76.3445438829973995,
                        39.2326989220730553
                    ],
                    [
                        -76.34708560949997,
                        39.23271308827799
                    ],
                    [
                        -76.3496273377991344,
                        39.2327271988143949
                    ],
                    [
                        -76.3521690660983268,
                        39.2327412543782472
                    ],
                    [
                        -76.3551344183259459,
                        39.2327575831824333
                    ],
                    [
                        -76.3576761493200564,
                        39.2327715197550475
                    ],
                    [
                        -76.3602178812125061,
                        39.2327854013551018
                    ],
                    [
                        -76.3631832361350575,
                        39.2328015269698156
                    ],
                    [
                        -76.3657249698241287,
                        39.2328152888830246
                    ],
                    [
                        -76.3686903283399658,
                        39.2328312753270367
                    ],
                    [
                        -76.3712320638256585,
                        39.2328449182493912
                    ],
                    [
                        -76.3737738011080012,
                        39.2328585061994772
                    ],
                    [
                        -76.3763155392886546,
                        39.2328720384813749
                    ],
                    [
                        -76.3788572783676187,
                        39.2328855164868386
                    ],
                    [
                        -76.3813990192432186,
                        39.2328989395200622
                    ],
                    [
                        -76.3839407601188185,
                        39.2329123068853036
                    ],
                    [
                        -76.3869061258211559,
                        39.2329278333714555
                    ],
                    [
                        -76.3870957395163686,
                        39.210963912586422
                    ],
                    [
                        -76.38963669706105,
                        39.2109771574508414
                    ],
                    [
                        -76.39260114827843,
                        39.2109925398379033
                    ],
                    [
                        -76.3951421067214085,
                        39.2110056649787637
                    ],
                    [
                        -76.3976830669610223,
                        39.2110187351304376
                    ],
                    [
                        -76.4006475217716741,
                        39.2110339142661246
                    ],
                    [
                        -76.4031884838079094,
                        39.2110468653905642
                    ],
                    [
                        -76.4057294467424839,
                        39.2110597608297766
                    ],
                    [
                        -76.4082704105753407,
                        39.2110726019759639
                    ],
                    [
                        -76.4083619003937713,
                        39.2000905751841486
                    ],
                    [
                        -76.4109024716628653,
                        39.20010335916372
                    ],
                    [
                        -76.4138664737226065,
                        39.2001182044213223
                    ],
                    [
                        -76.416407047686647,
                        39.2001308693553412
                    ],
                    [
                        -76.4189476225490125,
                        39.2001434792918246
                    ],
                    [
                        -76.4214881983096888,
                        39.2001560342307016
                    ],
                    [
                        -76.4244522048609838,
                        39.2001706114622337
                    ],
                    [
                        -76.4269927824182957,
                        39.2001830473558783
                    ],
                    [
                        -76.4295333608739327,
                        39.2001954275559115
                    ],
                    [
                        -76.4296215493836826,
                        39.1892133523286859
                    ],
                    [
                        -76.4321617361738248,
                        39.1892256759766013
                    ],
                    [
                        -76.4347019238623062,
                        39.18923794531473
                    ],
                    [
                        -76.4376654767643942,
                        39.1892521892185144
                    ],
                    [
                        -76.4402056662494971,
                        39.1892643381006565
                    ],
                    [
                        -76.442745856632925,
                        39.189276432673104
                    ],
                    [
                        -76.4452860479146636,
                        39.1892884722396673
                    ],
                    [
                        -76.4478262400946988,
                        39.1893004568004457
                    ],
                    [
                        -76.4507897992850047,
                        39.1893143692763886
                    ],
                    [
                        -76.4510443881247426,
                        39.156367905100872
                    ],
                    [
                        -76.4485053727376993,
                        39.156355990853001
                    ],
                    [
                        -76.4459663582489952,
                        39.1563440208769507
                    ],
                    [
                        -76.4434273437602911,
                        39.1563319958692944
                    ],
                    [
                        -76.4404651616873139,
                        39.1563178971494494
                    ],
                    [
                        -76.4379261498935421,
                        39.1563057537192023
                    ],
                    [
                        -76.4353871389980952,
                        39.1562935545606692
                    ],
                    [
                        -76.4324249605184036,
                        39.1562792531291137
                    ],
                    [
                        -76.4298859505212675,
                        39.1562669348512173
                    ],
                    [
                        -76.4299740303348756,
                        39.1452847327519322
                    ],
                    [
                        -76.4274354137998273,
                        39.1452723616912834
                    ],
                    [
                        -76.4248967990614148,
                        39.1452599355902677
                    ],
                    [
                        -76.4223581843230022,
                        39.1452474544487643
                    ],
                    [
                        -76.4193964684756679,
                        39.1452328233294011
                    ],
                    [
                        -76.4168578564322161,
                        39.14522022304967
                    ],
                    [
                        -76.4143192443887358,
                        39.1452075684259952
                    ],
                    [
                        -76.4113575321346588,
                        39.1451927345624
                    ],
                    [
                        -76.4088189227861534,
                        39.1451799601036114
                    ],
                    [
                        -76.4090230110355577,
                        39.12063143320438
                    ],
                    [
                        -76.4092323229883306,
                        39.09543673841717
                    ],
                    [
                        -76.40943612557345,
                        39.0708879151529089
                    ],
                    [
                        -76.4096397871230977,
                        39.0463389519075506
                    ],
                    [
                        -76.40710470276376,
                        39.0463261399927788
                    ],
                    [
                        -76.4045696202010447,
                        39.04631327365783
                    ],
                    [
                        -76.4016120240276,
                        39.046298192931701
                    ],
                    [
                        -76.39907694326152,
                        39.0462852072909286
                    ],
                    [
                        -76.39654186339375,
                        39.0462721665322121
                    ],
                    [
                        -76.3935842708135766,
                        39.0462568834743351
                    ],
                    [
                        -76.3910491927424289,
                        39.0462437241071925
                    ],
                    [
                        -76.3885141155696061,
                        39.0462305096220774
                    ],
                    [
                        -76.388749873924354,
                        39.0187743134959248
                    ],
                    [
                        -76.3889854499210941,
                        38.9913179548695439
                    ],
                    [
                        -76.3915185732581676,
                        38.9913311593732956
                    ],
                    [
                        -76.3940516974935662,
                        38.9913443087162008
                    ],
                    [
                        -76.3970070101495651,
                        38.9913595806069893
                    ],
                    [
                        -76.3995401361815709,
                        38.9913726112494032
                    ],
                    [
                        -76.4020732631119159,
                        38.991385586731063
                    ],
                    [
                        -76.4046063909405575,
                        38.9913985077501621
                    ],
                    [
                        -76.4075617080881386,
                        38.99141351291432
                    ],
                    [
                        -76.4100948386117267,
                        38.9914263145349906
                    ],
                    [
                        -76.4101857642881583,
                        38.980443710398589
                    ],
                    [
                        -76.4127185049429443,
                        38.9804564560430578
                    ],
                    [
                        -76.4152512464960125,
                        38.9804691465183666
                    ],
                    [
                        -76.41778398894742,
                        38.9804817818245439
                    ],
                    [
                        -76.4207388560390228,
                        38.980496454111865
                    ],
                    [
                        -76.423271600287066,
                        38.980508970699745
                    ],
                    [
                        -76.4258043454333915,
                        38.9805214328168645
                    ],
                    [
                        -76.4283370914780562,
                        38.9805338397650374
                    ],
                    [
                        -76.4312919630612413,
                        38.9805482452856324
                    ],
                    [
                        -76.4313796080902534,
                        38.9695656004330573
                    ],
                    [
                        -76.4339119660627091,
                        38.9695778870768805
                    ],
                    [
                        -76.4364443240351648,
                        38.9695901185432234
                    ],
                    [
                        -76.4389766838042561,
                        38.9696022948321286
                    ],
                    [
                        -76.4419311035348414,
                        38.9696164315889106
                    ],
                    [
                        -76.4444634651005543,
                        38.9696284898400691
                    ],
                    [
                        -76.4474178875261,
                        38.969642487605725
                    ],
                    [
                        -76.4499502508884632,
                        38.9696544264223874
                    ],
                    [
                        -76.4524826142507976,
                        38.96966631076014
                    ],
                    [
                        -76.452651322352736,
                        38.9477009186371319
                    ],
                    [
                        -76.4501197387280484,
                        38.9476890382997993
                    ],
                    [
                        -76.4475881560016859,
                        38.9476771027681181
                    ],
                    [
                        -76.444634643569529,
                        38.9476631090462959
                    ],
                    [
                        -76.4421030626397879,
                        38.947651054741705
                    ],
                    [
                        -76.4395714826083861,
                        38.9476389459412715
                    ],
                    [
                        -76.4370399034752666,
                        38.9476267819462834
                    ],
                    [
                        -76.4345083252404862,
                        38.9476145634554527
                    ],
                    [
                        -76.4315548181982223,
                        38.9476002385664515
                    ],
                    [
                        -76.4317299205083458,
                        38.9256347835916259
                    ],
                    [
                        -76.4346825175572206,
                        38.9256491038332655
                    ],
                    [
                        -76.4372133160543541,
                        38.9256613184219233
                    ],
                    [
                        -76.4397441154497983,
                        38.9256734784978065
                    ],
                    [
                        -76.4422749157435391,
                        38.9256855840609006
                    ],
                    [
                        -76.4448057169356048,
                        38.9256976344124155
                    ],
                    [
                        -76.4473365190259813,
                        38.9257096302512906
                    ],
                    [
                        -76.4498673220146827,
                        38.9257215708785935
                    ],
                    [
                        -76.4528199262501,
                        38.9257354326542711
                    ],
                    [
                        -76.4529884259428769,
                        38.9037698566756376
                    ],
                    [
                        -76.455518451888878,
                        38.9037816751621719
                    ],
                    [
                        -76.4584701488258389,
                        38.9037953944190207
                    ],
                    [
                        -76.4610001756701365,
                        38.9038070940593315
                    ],
                    [
                        -76.4635302043110556,
                        38.9038187391703119
                    ],
                    [
                        -76.4664819048413023,
                        38.9038322556897143
                    ],
                    [
                        -76.4690119343805321,
                        38.903843781954663
                    ],
                    [
                        -76.471541964818087,
                        38.90385525369026
                    ],
                    [
                        -76.4740719961539526,
                        38.9038666701975586
                    ],
                    [
                        -76.4743148179617691,
                        38.8709180990915826
                    ],
                    [
                        -76.4772651593409734,
                        38.8709313435135968
                    ],
                    [
                        -76.4797940246636045,
                        38.8709426366247754
                    ],
                    [
                        -76.4823228908845607,
                        38.8709538744820193
                    ],
                    [
                        -76.4848517571055027,
                        38.870965057784808
                    ],
                    [
                        -76.48738062422477,
                        38.8709761865331629
                    ],
                    [
                        -76.4903309709938668,
                        38.8709891008307338
                    ],
                    [
                        -76.4928598399097694,
                        38.8710001106785157
                    ],
                    [
                        -76.4953887097239686,
                        38.8710110659718922
                    ],
                    [
                        -76.4954663583005043,
                        38.8600281530174243
                    ],
                    [
                        -76.4929378774567965,
                        38.8600171995290253
                    ],
                    [
                        -76.4899879843369206,
                        38.8600043510898558
                    ],
                    [
                        -76.4874595052898485,
                        38.8599932786825164
                    ],
                    [
                        -76.484931026242819,
                        38.8599821517123516
                    ],
                    [
                        -76.4824025489923827,
                        38.8599709701793188
                    ],
                    [
                        -76.4798740726402713,
                        38.8599597340833611
                    ],
                    [
                        -76.4773455962881457,
                        38.8599484427250346
                    ],
                    [
                        -76.4743957085581769,
                        38.859935200453819
                    ],
                    [
                        -76.4746097115133523,
                        38.8308627247838842
                    ],
                    [
                        -76.4747997896375722,
                        38.80502041173397
                    ],
                    [
                        -76.4777474091214913,
                        38.8050336439243466
                    ],
                    [
                        -76.4802739415193145,
                        38.805044926496393
                    ],
                    [
                        -76.4828004739171519,
                        38.80505615446333
                    ],
                    [
                        -76.4853270081116108,
                        38.8050673278253271
                    ],
                    [
                        -76.4878535423060839,
                        38.8050784458823088
                    ],
                    [
                        -76.4903800773988678,
                        38.8050895100343638
                    ],
                    [
                        -76.4933277031709906,
                        38.8051023487888429
                    ],
                    [
                        -76.495854240060396,
                        38.8051132939302406
                    ],
                    [
                        -76.4959317449064855,
                        38.79413026575476
                    ],
                    [
                        -76.4988789197243193,
                        38.7941429643536324
                    ],
                    [
                        -76.5014050694398406,
                        38.7941537893525066
                    ],
                    [
                        -76.5039312209519835,
                        38.794164559038002
                    ],
                    [
                        -76.5064573724641548,
                        38.7941752748104776
                    ],
                    [
                        -76.5089835248746226,
                        38.794185935969729
                    ],
                    [
                        -76.5115096781834154,
                        38.79419654181573
                    ],
                    [
                        -76.514035832390519,
                        38.7942070937487316
                    ],
                    [
                        -76.5169830134965565,
                        38.7942193344371375
                    ],
                    [
                        -76.5172056807026593,
                        38.7612701049268793
                    ],
                    [
                        -76.5197306724897857,
                        38.7612805328458592
                    ],
                    [
                        -76.5222556642769121,
                        38.7612909068270426
                    ],
                    [
                        -76.5247806569623634,
                        38.7613012254695093
                    ],
                    [
                        -76.52772648251063,
                        38.7613131951209269
                    ],
                    [
                        -76.5302514760943922,
                        38.7613233953805931
                    ],
                    [
                        -76.5327764714747758,
                        38.7613335410020312
                    ],
                    [
                        -76.5353014668551594,
                        38.7613436319853193
                    ],
                    [
                        -76.5382472959966975,
                        38.7613553354507516
                    ],
                    [
                        -76.5383891624379373,
                        38.7393890731538235
                    ],
                    [
                        -76.5358649423036468,
                        38.7393790491353229
                    ],
                    [
                        -76.533340722169342,
                        38.7393689704618822
                    ],
                    [
                        -76.5303957994279358,
                        38.739357142873331
                    ],
                    [
                        -76.5278715810902668,
                        38.7393469450800865
                    ],
                    [
                        -76.5249266601454678,
                        38.7393349794525932
                    ],
                    [
                        -76.5224024436044346,
                        38.7393246639407778
                    ],
                    [
                        -76.5198782270634013,
                        38.7393142930731429
                    ],
                    [
                        -76.5173540123190037,
                        38.7393038682511772
                    ],
                    [
                        -76.5175763372669877,
                        38.7063543962474057
                    ],
                    [
                        -76.5205198990607443,
                        38.7063665482593748
                    ],
                    [
                        -76.5230429531818146,
                        38.706376904982541
                    ],
                    [
                        -76.5255660073028707,
                        38.7063872063244716
                    ],
                    [
                        -76.5280890623222234,
                        38.7063974536870816
                    ],
                    [
                        -76.52805282967357,
                        38.7118890450349724
                    ],
                    [
                        -76.5305760787290268,
                        38.7118992383364
                    ],
                    [
                        -76.5330993286828374,
                        38.7119093769618487
                    ],
                    [
                        -76.53562257953493,
                        38.71191946161224
                    ],
                    [
                        -76.5385663730940422,
                        38.7119311570571654
                    ],
                    [
                        -76.5385309417426072,
                        38.7174227480845019
                    ],
                    [
                        -76.54105438842744,
                        38.7174327142056356
                    ],
                    [
                        -76.5439984092603254,
                        38.7174442727736263
                    ],
                    [
                        -76.5465218577417943,
                        38.7174541204393989
                    ],
                    [
                        -76.5490453053249382,
                        38.7174639141343775
                    ],
                    [
                        -76.5511481796583695,
                        38.7174720333749676
                    ],
                    [
                        -76.5536716290381491,
                        38.7174817268386562
                    ],
                    [
                        -76.5557745042699054,
                        38.7174897626699774
                    ],
                    [
                        -76.5582979554463208,
                        38.7174993552015465
                    ],
                    [
                        -76.5608214075210327,
                        38.717508893762421
                    ],
                    [
                        -76.5629242836511,
                        38.7175168006249564
                    ],
                    [
                        -76.5654477366241366,
                        38.717526238954683
                    ],
                    [
                        -76.5675506145508393,
                        38.7175340624081059
                    ],
                    [
                        -76.5696534924775278,
                        38.7175418480120968
                    ],
                    [
                        -76.5721769472472,
                        38.7175511398503289
                    ],
                    [
                        -76.5742798269705247,
                        38.717558842045257
                    ],
                    [
                        -76.5768032826385081,
                        38.7175680343534268
                    ],
                    [
                        -76.5789061623618466,
                        38.7175756531394057
                    ],
                    [
                        -76.5814296198264657,
                        38.7175847452167261
                    ],
                    [
                        -76.5839530772910848,
                        38.7175937826226928
                    ],
                    [
                        -76.5860559588110306,
                        38.7176012717394258
                    ],
                    [
                        -76.5885794171739747,
                        38.7176102089145928
                    ],
                    [
                        -76.59068230049057,
                        38.7176176146225188
                    ],
                    [
                        -76.5927851838071518,
                        38.7176249831820414
                    ],
                    [
                        -76.5948880671237475,
                        38.7176323131912952
                    ],
                    [
                        -76.5974115281816239,
                        38.7176410590169908
                    ],
                    [
                        -76.5995144123965161,
                        38.7176483056175513
                    ],
                    [
                        -76.6020378743527033,
                        38.7176569512126463
                    ],
                    [
                        -76.6041407603642455,
                        38.7176641144045632
                    ],
                    [
                        -76.6066642232187576,
                        38.7176726597691854
                    ],
                    [
                        -76.6087671092302855,
                        38.7176797395525156
                    ],
                    [
                        -76.6112905738814334,
                        38.7176881846867147
                    ],
                    [
                        -76.6133934607912863,
                        38.7176951803606073
                    ],
                    [
                        -76.6154963485994358,
                        38.7177021388861675
                    ],
                    [
                        -76.6180198150472194,
                        38.7177104382307249
                    ],
                    [
                        -76.6201227037536938,
                        38.7177173133478973
                    ],
                    [
                        -76.6226461702014632,
                        38.7177255124621453
                    ],
                    [
                        -76.6226171923470361,
                        38.7232171229715405
                    ],
                    [
                        -76.6251408537292207,
                        38.7232252681906459
                    ],
                    [
                        -76.6280851260903688,
                        38.72323470226226
                    ],
                    [
                        -76.6306087883708784,
                        38.723242729036599
                    ],
                    [
                        -76.6331324515496988,
                        38.723250701144174
                    ],
                    [
                        -76.6329351392924849,
                        38.7616918814090994
                    ],
                    [
                        -76.635039323369611,
                        38.7616984868163286
                    ],
                    [
                        -76.636722670990622,
                        38.7617037438234675
                    ],
                    [
                        -76.6384060186116329,
                        38.7617089763138694
                    ],
                    [
                        -76.64051020358707,
                        38.7617154829536474
                    ],
                    [
                        -76.6426143894608174,
                        38.7617219517676332
                    ],
                    [
                        -76.6442977379801533,
                        38.76172709950022
                    ],
                    [
                        -76.6464019238538867,
                        38.7617334996673719
                    ],
                    [
                        -76.6485061106259593,
                        38.7617398620087386
                    ],
                    [
                        -76.6506102973980177,
                        38.7617461865243484
                    ],
                    [
                        -76.6522936468156786,
                        38.7617512186780857
                    ],
                    [
                        -76.6543978344860619,
                        38.76175747454694
                    ],
                    [
                        -76.6565020221564311,
                        38.76176369259003
                    ],
                    [
                        -76.6581853733707277,
                        38.7617686399861512
                    ],
                    [
                        -76.6602895619394076,
                        38.7617747893825282
                    ],
                    [
                        -76.6623937505080875,
                        38.7617809009532195
                    ],
                    [
                        -76.6644979399751065,
                        38.76178697469819
                    ],
                    [
                        -76.6645494871027466,
                        38.7508037863100654
                    ],
                    [
                        -76.6670741267502791,
                        38.75081102324183
                    ],
                    [
                        -76.6695987663978116,
                        38.7508182062286224
                    ],
                    [
                        -76.672123406943669,
                        38.7508253338694146
                    ],
                    [
                        -76.6750688219618439,
                        38.7508335810266473
                    ],
                    [
                        -76.6750937816520093,
                        38.7453419781979918
                    ],
                    [
                        -76.67719748782541,
                        38.7453478228353347
                    ],
                    [
                        -76.67888045366243,
                        38.7453524708000359
                    ],
                    [
                        -76.6809841607341411,
                        38.7453582474756715
                    ],
                    [
                        -76.6830878678058383,
                        38.7453639856163079
                    ],
                    [
                        -76.68519157577586,
                        38.7453696859226184
                    ],
                    [
                        -76.6868745425111911,
                        38.7453742189829811
                    ],
                    [
                        -76.6885575092465359,
                        38.7453787275210857
                    ],
                    [
                        -76.6906612172165438,
                        38.7453843290376909
                    ],
                    [
                        -76.6927649260848767,
                        38.7453898927200271
                    ],
                    [
                        -76.6944478937185323,
                        38.7453943157806293
                    ],
                    [
                        -76.69655160348519,
                        38.7453998115013292
                    ],
                    [
                        -76.6986553132518338,
                        38.7454052686870867
                    ],
                    [
                        -76.7007590230184775,
                        38.7454106880385538
                    ],
                    [
                        -76.7028627336834319,
                        38.7454160695557732
                    ],
                    [
                        -76.7049664443484005,
                        38.7454214132387591
                    ],
                    [
                        -76.7066494137786918,
                        38.74542566043997
                    ],
                    [
                        -76.706536701261669,
                        38.7728836649707915
                    ],
                    [
                        -76.7090621251384448,
                        38.7728899927007333
                    ],
                    [
                        -76.7115875490152206,
                        38.7728962665026131
                    ],
                    [
                        -76.7141129737903213,
                        38.7729024849756669
                    ],
                    [
                        -76.717059302395171,
                        38.7729096706416172
                    ],
                    [
                        -76.71688525560549,
                        38.8168422707959451
                    ],
                    [
                        -76.71435827674496,
                        38.8168361128492663
                    ],
                    [
                        -76.7118312987827267,
                        38.8168298996079173
                    ],
                    [
                        -76.7088831582759809,
                        38.8168225811830325
                    ],
                    [
                        -76.7063561812120724,
                        38.8168162496529874
                    ],
                    [
                        -76.7062472317377768,
                        38.843304871644861
                    ],
                    [
                        -76.7061528313778354,
                        38.86624005081287
                    ],
                    [
                        -76.7036241043957574,
                        38.8662336600295006
                    ],
                    [
                        -76.7006739238149891,
                        38.8662261347537168
                    ],
                    [
                        -76.6981451986295326,
                        38.8662196250642324
                    ],
                    [
                        -76.6956164734440762,
                        38.86621306081782
                    ],
                    [
                        -76.6930877482586482,
                        38.8662064413150787
                    ],
                    [
                        -76.6905590248698275,
                        38.8661997679547326
                    ],
                    [
                        -76.688030300582696,
                        38.8661930393380217
                    ],
                    [
                        -76.6850801235951991,
                        38.86618511957348
                    ],
                    [
                        -76.6849346674860612,
                        38.8991340689427076
                    ],
                    [
                        -76.68240477628737,
                        38.8991272183023185
                    ],
                    [
                        -76.6798748859870045,
                        38.8991203131302115
                    ],
                    [
                        -76.6773449965849494,
                        38.8991133534263511
                    ],
                    [
                        -76.6743934595480994,
                        38.8991051639758822
                    ],
                    [
                        -76.6743683920600887,
                        38.9045966342681027
                    ],
                    [
                        -76.6768984754982483,
                        38.9046036591463888
                    ],
                    [
                        -76.6794285598347187,
                        38.9046106287980606
                    ],
                    [
                        -76.6823803259419776,
                        38.904618690384261
                    ],
                    [
                        -76.6849104111767588,
                        38.9046255411938517
                    ],
                    [
                        -76.6848618886766928,
                        38.91560847100672
                    ],
                    [
                        -76.6873923637803045,
                        38.91561526763526
                    ],
                    [
                        -76.689922839782227,
                        38.9156220104436628
                    ],
                    [
                        -76.6928750622336537,
                        38.91562980727381
                    ],
                    [
                        -76.6954055400322261,
                        38.9156364305597506
                    ],
                    [
                        -76.6952412776926309,
                        38.9540765209025679
                    ],
                    [
                        -76.69777312003211,
                        38.9540830930957966
                    ],
                    [
                        -76.7003049623716038,
                        38.9540896107995493
                    ],
                    [
                        -76.7028368056093939,
                        38.9540960733152772
                    ],
                    [
                        -76.7057906225704329,
                        38.9541035438738064
                    ],
                    [
                        -76.7056545646358217,
                        38.9870519752440359
                    ],
                    [
                        -76.7081875792767391,
                        38.9870583216364892
                    ],
                    [
                        -76.7107205948159958,
                        38.987064613564911
                    ],
                    [
                        -76.7132536103552383,
                        38.9870708510292587
                    ],
                    [
                        -76.7162087963487807,
                        38.9870780576634957
                    ],
                    [
                        -76.7161869214732945,
                        38.9925694434960093
                    ],
                    [
                        -76.7191423347405816,
                        38.9925765769581218
                    ],
                    [
                        -76.7216755479092143,
                        38.9925826317077764
                    ],
                    [
                        -76.7242087601794935,
                        38.992588631299526
                    ],
                    [
                        -76.7267419742464085,
                        38.9925945764315216
                    ],
                    [
                        -76.726699840564649,
                        39.0035773330533431
                    ],
                    [
                        -76.7296557128710646,
                        39.0035842001328348
                    ],
                    [
                        -76.7321893177051209,
                        39.0035900270625433
                    ],
                    [
                        -76.7347229225391914,
                        39.0035957995409817
                    ],
                    [
                        -76.7372565282715726,
                        39.0036015168701127
                    ],
                    [
                        -76.7372362712619207,
                        39.0090928868027049
                    ],
                    [
                        -76.739770072827028,
                        39.00909854993909
                    ],
                    [
                        -76.7423038743921637,
                        39.0091041579304374
                    ],
                    [
                        -76.7448376768555818,
                        39.0091097107768405
                    ],
                    [
                        -76.747793779130717,
                        39.0091161201082386
                    ],
                    [
                        -76.7477354308580573,
                        39.0255901984967863
                    ],
                    [
                        -76.7502698199213711,
                        39.0255956342023467
                    ],
                    [
                        -76.7528042098829957,
                        39.0256010147758445
                    ],
                    [
                        -76.7553385998446345,
                        39.0256063402172089
                    ],
                    [
                        -76.7582953884326287,
                        39.0256124842589074
                    ],
                    [
                        -76.7582767474921752,
                        39.0311038324736828
                    ],
                    [
                        -76.7612337651505641,
                        39.0311099020690833
                    ],
                    [
                        -76.7637683518432539,
                        39.03111504496573
                    ],
                    [
                        -76.7663029385359295,
                        39.03112013343241
                    ],
                    [
                        -76.76883752612693,
                        39.031125166073565
                    ],
                    [
                        -76.7688196972634813,
                        39.0366165095401314
                    ],
                    [
                        -76.7717769439922648,
                        39.0366223128153109
                    ],
                    [
                        -76.7743117274159914,
                        39.0366272278408744
                    ],
                    [
                        -76.7768465117380288,
                        39.0366320877429587
                    ],
                    [
                        -76.77938129606008,
                        39.0366368925216989
                    ],
                    [
                        -76.7793642783753256,
                        39.0421282304996637
                    ],
                    [
                        -76.7818992585301032,
                        39.042132981181247
                    ],
                    [
                        -76.7848567361259171,
                        39.0421384539883789
                    ],
                    [
                        -76.7873917171790055,
                        39.0421430853615448
                    ],
                    [
                        -76.7899266982320938,
                        39.0421476616156369
                    ],
                    [
                        -76.7928841767262327,
                        39.0421529320869
                    ],
                    [
                        -76.795419158677646,
                        39.0421573897303134
                    ],
                    [
                        -76.7979541415273559,
                        39.0421617922546744
                    ],
                    [
                        -76.8004891243770658,
                        39.0421661403577147
                    ],
                    [
                        -76.8004583409089179,
                        39.05314880173033
                    ],
                    [
                        -76.8029937145257691,
                        39.0531530954421129
                    ],
                    [
                        -76.8055290890409452,
                        39.0531573340434122
                    ],
                    [
                        -76.8084870265742126,
                        39.0531622102483738
                    ],
                    [
                        -76.8110224010893887,
                        39.0531663295600637
                    ],
                    [
                        -76.8110078214323266,
                        39.0586576515156949
                    ],
                    [
                        -76.8139659871376779,
                        39.0586623892273508
                    ],
                    [
                        -76.8165015583838766,
                        39.0586663903334284
                    ],
                    [
                        -76.8190371296301038,
                        39.0586703363333356
                    ],
                    [
                        -76.8215727017746559,
                        39.0586742279247545
                    ],
                    [
                        -76.8245308692766287,
                        39.0586786977788734
                    ],
                    [
                        -76.8270664414211666,
                        39.0586824707875309
                    ],
                    [
                        -76.8296020144640295,
                        39.0586861879925635
                    ],
                    [
                        -76.8321375875068782,
                        39.05868985009154
                    ],
                    [
                        -76.8321246346988,
                        39.0641811679641293
                    ],
                    [
                        -76.8346604035743894,
                        39.0641847760715066
                    ],
                    [
                        -76.8371961733482749,
                        39.0641883290770693
                    ],
                    [
                        -76.839731942223878,
                        39.0641918269809381
                    ],
                    [
                        -76.842690340592867,
                        39.0641958382359391
                    ],
                    [
                        -76.8426417740753465,
                        39.0861610431119857
                    ],
                    [
                        -76.8401052209705284,
                        39.0861576083541635
                    ],
                    [
                        -76.8375686687639927,
                        39.0861541185117005
                    ],
                    [
                        -76.8346093586049932,
                        39.0861499774176835
                    ],
                    [
                        -76.8320728063984717,
                        39.08614636834146
                    ],
                    [
                        -76.8320598446072438,
                        39.091637650778452
                    ],
                    [
                        -76.8345965926464913,
                        39.0916412602709329
                    ],
                    [
                        -76.837556130977589,
                        39.0916454017397257
                    ],
                    [
                        -76.8400928790168223,
                        39.0916488920077256
                    ],
                    [
                        -76.8426296279543948,
                        39.091652327195419
                    ],
                    [
                        -76.842593177913443,
                        39.1081261346617524
                    ],
                    [
                        -76.839632952371133,
                        39.1081221203276925
                    ],
                    [
                        -76.8370956168337074,
                        39.10811862041934
                    ],
                    [
                        -76.8345582812962533,
                        39.1081150654434779
                    ],
                    [
                        -76.8320209466571242,
                        39.1081114547031561
                    ],
                    [
                        -76.8319820298423792,
                        39.1245851932167454
                    ],
                    [
                        -76.8298670947279589,
                        39.1245821422270907
                    ],
                    [
                        -76.8281751466363971,
                        39.1245796738383333
                    ],
                    [
                        -76.8260602115219626,
                        39.1245765545530872
                    ],
                    [
                        -76.8239452764075281,
                        39.124573396241793
                    ],
                    [
                        -76.8218303412930794,
                        39.1245702002982156
                    ],
                    [
                        -76.8197154061786449,
                        39.1245669660254478
                    ],
                    [
                        -76.8180234589854223,
                        39.1245643512890382
                    ],
                    [
                        -76.8159085247692843,
                        39.1245610480237715
                    ],
                    [
                        -76.8137935905531748,
                        39.1245577071261934
                    ],
                    [
                        -76.812101643359938,
                        39.1245550066717342
                    ],
                    [
                        -76.8104096961667011,
                        39.12455228182602
                    ],
                    [
                        -76.8082947628489023,
                        39.1245488412725138
                    ],
                    [
                        -76.8061798295311036,
                        39.1245453630867388
                    ],
                    [
                        -76.8040648962132622,
                        39.1245418465717734
                    ],
                    [
                        -76.8019499628954634,
                        39.1245382917275677
                    ],
                    [
                        -76.8002580166005515,
                        39.1245354198370165
                    ],
                    [
                        -76.8002425907304911,
                        39.13002664738125
                    ],
                    [
                        -76.7977044754553759,
                        39.1300222942381879
                    ],
                    [
                        -76.7951663610785857,
                        39.1300178860447616
                    ],
                    [
                        -76.7926282467017813,
                        39.1300134234976937
                    ],
                    [
                        -76.7896671138610714,
                        39.1300081470441015
                    ],
                    [
                        -76.7896021171570027,
                        39.1519729752710717
                    ],
                    [
                        -76.7870632185509692,
                        39.1519683915103514
                    ],
                    [
                        -76.7845243208432464,
                        39.1519637534129643
                    ],
                    [
                        -76.7819854240338344,
                        39.151959059585586
                    ],
                    [
                        -76.7790233767081673,
                        39.1519535144879072
                    ],
                    [
                        -76.7789892290492588,
                        39.1629358794841664
                    ],
                    [
                        -76.77644993967607,
                        39.1629310658922378
                    ],
                    [
                        -76.77391065120122,
                        39.1629261979720837
                    ],
                    [
                        -76.7713713627263274,
                        39.1629212743306425
                    ],
                    [
                        -76.7684088608531141,
                        39.1629154612432657
                    ],
                    [
                        -76.7683730665822992,
                        39.1738977920363993
                    ],
                    [
                        -76.7658333864419689,
                        39.1738927486852759
                    ],
                    [
                        -76.7632937071999635,
                        39.1738876503179014
                    ],
                    [
                        -76.7603307480842574,
                        39.1738816326979133
                    ],
                    [
                        -76.7577910688422378,
                        39.1738764152447771
                    ],
                    [
                        -76.75777234974835,
                        39.1793675676532587
                    ],
                    [
                        -76.7552324755719155,
                        39.17936229489932
                    ],
                    [
                        -76.7526926004971557,
                        39.1793569671333728
                    ],
                    [
                        -76.7497294141077049,
                        39.1793506811907477
                    ],
                    [
                        -76.7471895408295666,
                        39.1793452343482258
                    ],
                    [
                        -76.747170001573835,
                        39.1848363767194243
                    ],
                    [
                        -76.74462993156466,
                        39.1848308745983545
                    ],
                    [
                        -76.74208986245381,
                        39.1848253167733134
                    ],
                    [
                        -76.7391264496888965,
                        39.1848187639424026
                    ],
                    [
                        -76.7365863814763713,
                        39.1848130870499176
                    ],
                    [
                        -76.7340463132638178,
                        39.184807355845976
                    ],
                    [
                        -76.7310829013972437,
                        39.1848005996952651
                    ],
                    [
                        -76.7285428349813259,
                        39.1847947487275405
                    ],
                    [
                        -76.7260027676670973,
                        39.18478884275202
                    ],
                    [
                        -76.7259604067115646,
                        39.1957710963340276
                    ],
                    [
                        -76.72341994863018,
                        39.1957651341935573
                    ],
                    [
                        -76.7204560804194244,
                        39.1957581096720418
                    ],
                    [
                        -76.7179156223380545,
                        39.19575202848258
                    ],
                    [
                        -76.7153751651549953,
                        39.1957458929900966
                    ],
                    [
                        -76.71526511165122,
                        39.2232013727091484
                    ],
                    [
                        -76.71780655159121,
                        39.2232075113707879
                    ],
                    [
                        -76.7203479915311846,
                        39.2232135943587394
                    ],
                    [
                        -76.72288943236947,
                        39.22321962236893
                    ],
                    [
                        -76.7258544468305388,
                        39.2232265856874065
                    ],
                    [
                        -76.7258332447932077,
                        39.228717658440921
                    ],
                    [
                        -76.7283748832608694,
                        39.2287235683781006
                    ],
                    [
                        -76.7309165217285027,
                        39.22872942264604
                    ],
                    [
                        -76.7334581601961645,
                        39.2287352219405392
                    ],
                    [
                        -76.73642296534976,
                        39.228741917501722
                    ],
                    [
                        -76.7364229662480852,
                        39.2287415737471292
                    ],
                    [
                        -76.7389646056140577,
                        39.228747254048649
                    ],
                    [
                        -76.7419298527387781,
                        39.2287538111326413
                    ],
                    [
                        -76.7444714930030614,
                        39.2287593717453476
                    ],
                    [
                        -76.7470131341656554,
                        39.2287648773847835
                    ],
                    [
                        -76.7469935670621339,
                        39.2342559454551747
                    ],
                    [
                        -76.7444517291684889,
                        39.2342504395507774
                    ],
                    [
                        -76.7414862529733739,
                        39.2342439462986192
                    ],
                    [
                        -76.73894441597804,
                        39.2342383207148018
                    ],
                    [
                        -76.7364030209538157,
                        39.2342326408577122
                    ],
                    [
                        -76.736403020055505,
                        39.2342329845854536
                    ],
                    [
                        -76.7393684953523092,
                        39.2342396058667475
                    ],
                    [
                        -76.7419103323476577,
                        39.2342452224049936
                    ],
                    [
                        -76.7444521693429778,
                        39.2342507832783838
                    ],
                    [
                        -76.746994007236637,
                        39.2342562898785729
                    ],
                    [
                        -76.746974437438169,
                        39.239747349162549
                    ],
                    [
                        -76.7495164720628651,
                        39.2397528010627639
                    ],
                    [
                        -76.7520585066875611,
                        39.239758197302578
                    ],
                    [
                        -76.7550242146480173,
                        39.239764423572062
                    ],
                    [
                        -76.7575662501710383,
                        39.2397697008377051
                    ],
                    [
                        -76.7575474969411573,
                        39.2452607536710261
                    ],
                    [
                        -76.7600897300935259,
                        39.2452659762589207
                    ],
                    [
                        -76.7626319632458944,
                        39.24527114388642
                    ],
                    [
                        -76.765597902073381,
                        39.2452771032151659
                    ],
                    [
                        -76.7681401361240745,
                        39.2452821511822023
                    ],
                    [
                        -76.7681221985644839,
                        39.250773196826934
                    ],
                    [
                        -76.7706646302445392,
                        39.2507781908340618
                    ],
                    [
                        -76.7732070610262838,
                        39.2507831291895428
                    ],
                    [
                        -76.7757494927063391,
                        39.2507880125890409
                    ],
                    [
                        -76.7787156641974775,
                        39.2507936403239484
                    ],
                    [
                        -76.7786985432064881,
                        39.2562846794332572
                    ],
                    [
                        -76.781241172515891,
                        39.2562894435043575
                    ],
                    [
                        -76.7837838018252938,
                        39.2562941533193595
                    ],
                    [
                        -76.7867502032851519,
                        39.2562995781968027
                    ],
                    [
                        -76.7892928343912047,
                        39.2563041683703062
                    ],
                    [
                        -76.7892765308671272,
                        39.2617951995108569
                    ],
                    [
                        -76.7918193578058919,
                        39.2617997350731258
                    ],
                    [
                        -76.79478599013278,
                        39.261804957124788
                    ],
                    [
                        -76.79732881796987,
                        39.2618093730549234
                    ],
                    [
                        -76.79987164670527,
                        39.2618137340378652
                    ],
                    [
                        -76.7998251813472024,
                        39.2782867805037981
                    ],
                    [
                        -76.797281763316974,
                        39.2782824184598027
                    ],
                    [
                        -76.7947383443884064,
                        39.27827800148151
                    ],
                    [
                        -76.7917710239520375,
                        39.2782727785711288
                    ],
                    [
                        -76.7892276059217949,
                        39.278268241988826
                    ],
                    [
                        -76.7891623370281877,
                        39.3002321731156741
                    ],
                    [
                        -76.7917065428809309,
                        39.3002367110559234
                    ],
                    [
                        -76.7942507478353491,
                        39.3002411940790353
                    ],
                    [
                        -76.7972189881466107,
                        39.3002463541779505
                    ],
                    [
                        -76.79976319489765,
                        39.3002507176346327
                    ],
                    [
                        -76.7997321868506759,
                        39.311232631662115
                    ],
                    [
                        -76.80312498803319,
                        39.3112383650545212
                    ],
                    [
                        -76.8065177892157038,
                        39.3112440004456829
                    ],
                    [
                        -76.8094864912609978,
                        39.3112488504403572
                    ],
                    [
                        -76.8128792933418367,
                        39.31125430164488
                    ],
                    [
                        -76.8158479962854415,
                        39.3112589917794111
                    ],
                    [
                        -76.8192407992645911,
                        39.311264259492475
                    ],
                    [
                        -76.8226336031420374,
                        39.3112694292043727
                    ],
                    [
                        -76.8260264079178228,
                        39.3112745009151681
                    ],
                    [
                        -76.82941921269358,
                        39.3112794746249037
                    ],
                    [
                        -76.8328120174693652,
                        39.3112843510286254
                    ],
                    [
                        -76.8362048231434471,
                        39.3112891287362629
                    ],
                    [
                        -76.83959762971584,
                        39.31129380844289
                    ],
                    [
                        -76.8425663353544053,
                        39.3112978236907367
                    ],
                    [
                        -76.8459591428251372,
                        39.3113023199061615
                    ],
                    [
                        -76.8493519502958549,
                        39.3113067181206262
                    ],
                    [
                        -76.8527447577665725,
                        39.3113110183342016
                    ],
                    [
                        -76.8527333554506811,
                        39.31680196757938
                    ],
                    [
                        -76.8552781586830775,
                        39.3168051290688609
                    ],
                    [
                        -76.8582470960869841,
                        39.3168087478586017
                    ],
                    [
                        -76.8607918993193806,
                        39.3168117898102594
                    ],
                    [
                        -76.863336703450102,
                        39.3168147761629427
                    ],
                    [
                        -76.8633155355487361,
                        39.3277966493606854
                    ],
                    [
                        -76.86586073403987,
                        39.3277995810440686
                    ],
                    [
                        -76.8684059325310045,
                        39.327802458526925
                    ],
                    [
                        -76.8709511310221245,
                        39.3278052804195681
                    ],
                    [
                        -76.8739205301600919,
                        39.3278085025608561
                    ],
                    [
                        -76.8764657295495226,
                        39.3278112049345339
                    ],
                    [
                        -76.8790109280406426,
                        39.3278138524129375
                    ],
                    [
                        -76.8815561283284126,
                        39.3278164449959817
                    ],
                    [
                        -76.88452552746638,
                        39.3278193996094174
                    ],
                    [
                        -76.8844718450433078,
                        39.3607648020463188
                    ],
                    [
                        -76.8874426248918752,
                        39.3607676830341831
                    ],
                    [
                        -76.8899890091591658,
                        39.3607700931179
                    ],
                    [
                        -76.89253539252816,
                        39.360772447637693
                    ],
                    [
                        -76.89508177589714,
                        39.3607747465934992
                    ],
                    [
                        -76.8950329785125888,
                        39.3937198064898979
                    ],
                    [
                        -76.892060815258489,
                        39.3937171177724039
                    ],
                    [
                        -76.88951324790996,
                        39.393714752561749
                    ],
                    [
                        -76.8869656796631347,
                        39.3937123325075689
                    ],
                    [
                        -76.8844181123145916,
                        39.3937098576098421
                    ],
                    [
                        -76.8843732971616873,
                        39.4211637969832509
                    ],
                    [
                        -76.8869218517587285,
                        39.4211662729886854
                    ],
                    [
                        -76.8898951666530195,
                        39.4211690924981184
                    ],
                    [
                        -76.892443723046668,
                        39.4211714484503659
                    ],
                    [
                        -76.8949922785420057,
                        39.4211737502746828
                    ],
                    [
                        -76.8949841353139476,
                        39.4266645083205631
                    ],
                    [
                        -76.8975328884386613,
                        39.4266667544520288
                    ],
                    [
                        -76.9000816424617,
                        39.4266689457658828
                    ],
                    [
                        -76.9026303964847244,
                        39.4266710815681662
                    ],
                    [
                        -76.9056039431443423,
                        39.4266735039481944
                    ],
                    [
                        -76.90558929970689,
                        39.43765499045125
                    ],
                    [
                        -76.9026152913132108,
                        39.4376525684530037
                    ],
                    [
                        -76.9000661420314628,
                        39.4376504322934736
                    ],
                    [
                        -76.8975169927497291,
                        39.4376482406312334
                    ],
                    [
                        -76.8949678434679527,
                        39.4376459941600217
                    ],
                    [
                        -76.8949189400822206,
                        39.470590200597492
                    ],
                    [
                        -76.8923686041259771,
                        39.4705878983256824
                    ],
                    [
                        -76.889393212326766,
                        39.4705851418404592
                    ],
                    [
                        -76.8868428763705083,
                        39.4705827189072167
                    ],
                    [
                        -76.8842925413126039,
                        39.4705802411909019
                    ],
                    [
                        -76.884265598142278,
                        39.4870521991326058
                    ],
                    [
                        -76.8817146692979634,
                        39.4870496658462713
                    ],
                    [
                        -76.8787385848976612,
                        39.4870466403230438
                    ],
                    [
                        -76.8761876569516289,
                        39.4870439870970813
                    ],
                    [
                        -76.8736367281073285,
                        39.4870412784077516
                    ],
                    [
                        -76.8735876675163894,
                        39.5144943202454328
                    ],
                    [
                        -76.871035749626941,
                        39.5144915557982657
                    ],
                    [
                        -76.8684838308391676,
                        39.5144887359095094
                    ],
                    [
                        -76.8655065930020527,
                        39.5144853761598824
                    ],
                    [
                        -76.8629546751125758,
                        39.5144824363788558
                    ],
                    [
                        -76.8628907959127332,
                        39.5474257154100144
                    ],
                    [
                        -76.860337688653857,
                        39.5474227195302461
                    ],
                    [
                        -76.8577845813949523,
                        39.5474196675425276
                    ],
                    [
                        -76.8548059565590336,
                        39.5474160378520239
                    ],
                    [
                        -76.8522528501984681,
                        39.5474128660287789
                    ],
                    [
                        -76.8521954379703374,
                        39.574865281806396
                    ],
                    [
                        -76.8496413398696916,
                        39.5748620537678164
                    ],
                    [
                        -76.8466615589019852,
                        39.5748582184810971
                    ],
                    [
                        -76.8441074608013537,
                        39.57485487065442
                    ],
                    [
                        -76.8415533627006937,
                        39.5748514674343141
                    ],
                    [
                        -76.8414917697132438,
                        39.602303586781133
                    ],
                    [
                        -76.8389366789741928,
                        39.6023001274612909
                    ],
                    [
                        -76.8363815891334809,
                        39.6022966127700613
                    ],
                    [
                        -76.8334006511357046,
                        39.6022924419290518
                    ],
                    [
                        -76.8308455612949786,
                        39.6022888068048715
                    ],
                    [
                        -76.8307666173478054,
                        39.6352309506456209
                    ],
                    [
                        -76.8282103354427051,
                        39.6352272591388157
                    ],
                    [
                        -76.82565405443593,
                        39.6352235122869345
                    ],
                    [
                        -76.822671726744403,
                        39.6352190708558751
                    ],
                    [
                        -76.8201154457375992,
                        39.63521520362827
                    ],
                    [
                        -76.8200454588921389,
                        39.6626666494150655
                    ],
                    [
                        -76.8174881834503367,
                        39.6626627256332966
                    ],
                    [
                        -76.8149309089068453,
                        39.6626587465283791
                    ],
                    [
                        -76.8119474214902738,
                        39.6626540337021467
                    ],
                    [
                        -76.8093901478451073,
                        39.6626499349607542
                    ],
                    [
                        -76.8093011140206556,
                        39.6955912511572251
                    ],
                    [
                        -76.8067426456161542,
                        39.6955870942350444
                    ],
                    [
                        -76.8037577658108859,
                        39.6955821756017357
                    ],
                    [
                        -76.8011992983047094,
                        39.6955778991000656
                    ],
                    [
                        -76.7986408307985187,
                        39.6955735673015013
                    ],
                    [
                        -76.798546732272527,
                        39.728514416357406
                    ],
                    [
                        -76.7964136799354264,
                        39.7285107623049925
                    ],
                    [
                        -76.794707238425076,
                        39.7285078115660468
                    ],
                    [
                        -76.7912943554044034,
                        39.7285018361637938
                    ],
                    [
                        -76.7878814732820274,
                        39.7284957619654335
                    ],
                    [
                        -76.7861750326699877,
                        39.7284926882495526
                    ],
                    [
                        -76.784041981231212,
                        39.7284888110424319
                    ],
                    [
                        -76.780629100007161,
                        39.7284825281977874
                    ],
                    [
                        -76.7789226602934463,
                        39.7284793494678752
                    ],
                    [
                        -76.7767896097529814,
                        39.7284753416840388
                    ],
                    [
                        -76.7733767303255661,
                        39.7284688488111968
                    ],
                    [
                        -76.7716702906118513,
                        39.7284655657579719
                    ],
                    [
                        -76.7695372409697114,
                        39.7284614267065237
                    ],
                    [
                        -76.7674041922258965,
                        39.7284572496564294
                    ],
                    [
                        -76.7656977534104641,
                        39.7284538802428955
                    ],
                    [
                        -76.7622848757796987,
                        39.7284470674913806
                    ],
                    [
                        -76.7588719981488907,
                        39.7284401559435381
                    ],
                    [
                        -76.7567389503033866,
                        39.7284357861370836
                    ],
                    [
                        -76.7550325123862933,
                        39.7284322626565469
                    ],
                    [
                        -76.7528994654391,
                        39.7284278237617485
                    ],
                    [
                        -76.7511930275220209,
                        39.7284242450105651
                    ],
                    [
                        -76.7477801525861594,
                        39.7284170135835879
                    ],
                    [
                        -76.7460737155674053,
                        39.7284133609077941
                    ],
                    [
                        -76.7439406695185227,
                        39.7284087603461344
                    ],
                    [
                        -76.7418076234696542,
                        39.7284041210949752
                    ],
                    [
                        -76.7401011873491825,
                        39.7284003820586307
                    ],
                    [
                        -76.7379681421986248,
                        39.7283956737190209
                    ],
                    [
                        -76.7362617060781673,
                        39.7283918794119373
                    ],
                    [
                        -76.7328488338372523,
                        39.72838421687306
                    ],
                    [
                        -76.7307157895850054,
                        39.7283793779561663
                    ],
                    [
                        -76.7290093543628728,
                        39.7283754786345327
                    ],
                    [
                        -76.72730291914074,
                        39.7283715551319077
                    ],
                    [
                        -76.7251698757868184,
                        39.7283666160366877
                    ],
                    [
                        -76.7230368324328822,
                        39.72836163825184
                    ],
                    [
                        -76.7213303981090462,
                        39.728357628388494
                    ],
                    [
                        -76.7179175303597276,
                        39.7283495347370987
                    ],
                    [
                        -76.7162110960358916,
                        39.7283454509489857
                    ],
                    [
                        -76.7140780544785912,
                        39.728340311496801
                    ],
                    [
                        -76.7106651876275976,
                        39.7283320085068894
                    ],
                    [
                        -76.7085321460702829,
                        39.7283267688761583
                    ],
                    [
                        -76.7068257135430827,
                        39.72832254967426
                    ],
                    [
                        -76.7034128484887106,
                        39.7283140373455979
                    ],
                    [
                        -76.699999984332635,
                        39.7283054269109783
                    ],
                    [
                        -76.69829355270376,
                        39.7283010840403037
                    ],
                    [
                        -76.6961605138414058,
                        39.7282956219439427
                    ],
                    [
                        -76.6927476514819659,
                        39.7282868014794559
                    ],
                    [
                        -76.6910412207514014,
                        39.728282354284751
                    ],
                    [
                        -76.6889081827873582,
                        39.728276760919627
                    ],
                    [
                        -76.6872017520567937,
                        39.728272258453849
                    ],
                    [
                        -76.6850687149910755,
                        39.728266595999898
                    ],
                    [
                        -76.6833622851588359,
                        39.7282620375721436
                    ],
                    [
                        -76.6812292480931177,
                        39.728256306029337
                    ],
                    [
                        -76.6778163893269351,
                        39.7282470544504562
                    ],
                    [
                        -76.6756833531595277,
                        39.7282412227287409
                    ],
                    [
                        -76.6739769251238954,
                        39.7282365288867538
                    ],
                    [
                        -76.6705640681543485,
                        39.7282270686593009
                    ],
                    [
                        -76.6688576401187447,
                        39.7282223015829388
                    ],
                    [
                        -76.6667246057479446,
                        39.7282163075021941
                    ],
                    [
                        -76.6633117514733584,
                        39.7282066379350383
                    ],
                    [
                        -76.6616053243360511,
                        39.7282017658434441
                    ],
                    [
                        -76.65947229086359,
                        39.728195641184378
                    ],
                    [
                        -76.65733925828944,
                        39.7281894785262821
                    ],
                    [
                        -76.6556328320504576,
                        39.7281845200733343
                    ],
                    [
                        -76.6539264067097861,
                        39.7281795374391891
                    ],
                    [
                        -76.6517933741356217,
                        39.7281732746018861
                    ],
                    [
                        -76.6500869487949643,
                        39.728168236005537
                    ],
                    [
                        -76.64795391801745,
                        39.7281619040790943
                    ],
                    [
                        -76.6445410691327425,
                        39.7281516921625411
                    ],
                    [
                        -76.6428346446903817,
                        39.7281465492415009
                    ],
                    [
                        -76.6407016148111779,
                        39.7281400860455847
                    ],
                    [
                        -76.6372887677231063,
                        39.7281296647886251
                    ],
                    [
                        -76.63558234417907,
                        39.7281244175428512
                    ],
                    [
                        -76.6334493160964882,
                        39.7281178230773762
                    ],
                    [
                        -76.6300364708050523,
                        39.7281071924798823
                    ],
                    [
                        -76.6279034436207809,
                        39.7281004985257411
                    ],
                    [
                        -76.6261970218733666,
                        39.7280951158648605
                    ],
                    [
                        -76.6227841783785664,
                        39.7280842759266122
                    ],
                    [
                        -76.6206511529909307,
                        39.7280774507026422
                    ],
                    [
                        -76.6189447321418271,
                        39.72807196302589
                    ],
                    [
                        -76.617238311292752,
                        39.7280664511678481
                    ],
                    [
                        -76.6151052868034412,
                        39.7280595257641735
                    ],
                    [
                        -76.6129722614158055,
                        39.7280525623613059
                    ],
                    [
                        -76.6112658423633519,
                        39.7280469641413774
                    ],
                    [
                        -76.6078530042584163,
                        39.7280356930848768
                    ],
                    [
                        -76.6057199815657413,
                        39.7280285984119033
                    ],
                    [
                        -76.6040135625132734,
                        39.72802289517584
                    ],
                    [
                        -76.6006007271032985,
                        39.728011415468778
                    ],
                    [
                        -76.5971878925916485,
                        39.7279998362726872
                    ],
                    [
                        -76.595481476234113,
                        39.7279940100571167
                    ],
                    [
                        -76.5933484553380737,
                        39.7279866929155077
                    ],
                    [
                        -76.589935622623031,
                        39.7279749043776889
                    ],
                    [
                        -76.5882292071638346,
                        39.7279689738366315
                    ],
                    [
                        -76.5860961880644027,
                        39.72796152542459
                    ],
                    [
                        -76.5843897735035171,
                        39.72795553892086
                    ],
                    [
                        -76.5822567544040993,
                        39.7279480214190031
                    ],
                    [
                        -76.5788439261806388,
                        39.727935912995477
                    ],
                    [
                        -76.5767109088778568,
                        39.7279282953133475
                    ],
                    [
                        -76.5750044961135927,
                        39.7279221733935159
                    ],
                    [
                        -76.5715916696867822,
                        39.7279098556276864
                    ],
                    [
                        -76.5698852578208289,
                        39.7279036597816244
                    ],
                    [
                        -76.5677522423146826,
                        39.7278958804291378
                    ],
                    [
                        -76.566045830448715,
                        39.7278896293110932
                    ],
                    [
                        -76.5639128158408795,
                        39.7278817808685787
                    ],
                    [
                        -76.5640825749717067,
                        39.7004313437454286
                    ]
                ]
            ],
            [
                [
                    [
                        -75.7474420167713447,
                        39.4584852741810153
                    ],
                    [
                        -75.7478363394518226,
                        39.4362015168936964
                    ],
                    [
                        -75.7482247045053327,
                        39.4142405447066224
                    ],
                    [
                        -75.7486014166129991,
                        39.3929253265735611
                    ],
                    [
                        -75.7489950089631634,
                        39.3706410741069419
                    ],
                    [
                        -75.75154151090976,
                        39.3706681340582776
                    ],
                    [
                        -75.7540880146529929,
                        39.3706951391375739
                    ],
                    [
                        -75.7570589382319923,
                        39.3707265754895062
                    ],
                    [
                        -75.759605446466793,
                        39.3707534604065046
                    ],
                    [
                        -75.7621519564982577,
                        39.3707802911460334
                    ],
                    [
                        -75.7646984683263156,
                        39.3708070663193936
                    ],
                    [
                        -75.7672449819510234,
                        39.3708337866210982
                    ],
                    [
                        -75.77021591720812,
                        39.3708648902698783
                    ],
                    [
                        -75.7727624353243954,
                        39.3708914904099387
                    ],
                    [
                        -75.7753089552373069,
                        39.3709180363729132
                    ],
                    [
                        -75.7782798976809318,
                        39.3709489365110912
                    ],
                    [
                        -75.7808264220854113,
                        39.3709753623129046
                    ],
                    [
                        -75.7833729473882158,
                        39.371001733243375
                    ],
                    [
                        -75.7859194753859526,
                        39.3710280486081459
                    ],
                    [
                        -75.7888904268127277,
                        39.3710586806414256
                    ],
                    [
                        -75.79143695840375,
                        39.3710848772344661
                    ],
                    [
                        -75.7939834926897049,
                        39.3711110182620629
                    ],
                    [
                        -75.7969544513029945,
                        39.3711414467863392
                    ],
                    [
                        -75.7995009891821923,
                        39.3711674683481689
                    ],
                    [
                        -75.8020475288580542,
                        39.3711934350391033
                    ],
                    [
                        -75.8050184937595617,
                        39.3712236593608012
                    ],
                    [
                        -75.8075650379269916,
                        39.3712495065864445
                    ],
                    [
                        -75.8101115829927181,
                        39.3712752982469283
                    ],
                    [
                        -75.8126581307534053,
                        39.371301035036872
                    ],
                    [
                        -75.815629104638063,
                        39.3713309919511758
                    ],
                    [
                        -75.8181756568903324,
                        39.371356609276333
                    ],
                    [
                        -75.8207222100408842,
                        39.3713821717310992
                    ],
                    [
                        -75.8232687649880859,
                        39.3714076786210612
                    ],
                    [
                        -75.826239747855908,
                        39.3714373674347584
                    ],
                    [
                        -75.8287863072946919,
                        39.3714627548605307
                    ],
                    [
                        -75.8313328685300974,
                        39.3714880874160471
                    ],
                    [
                        -75.8338794306638277,
                        39.3715133644071358
                    ],
                    [
                        -75.8340601339697571,
                        39.3605325265258941
                    ],
                    [
                        -75.837030665883276,
                        39.3605619428374212
                    ],
                    [
                        -75.8395768372498651,
                        39.3605870966806677
                    ],
                    [
                        -75.8421230113113864,
                        39.3606121956453947
                    ],
                    [
                        -75.8446691871695435,
                        39.3606372390370467
                    ],
                    [
                        -75.8472153648243363,
                        39.3606622282449123
                    ],
                    [
                        -75.8501859075176554,
                        39.3606913118126513
                    ],
                    [
                        -75.8527320887656913,
                        39.3607161808441575
                    ],
                    [
                        -75.8552782718103771,
                        39.3607409949974425
                    ],
                    [
                        -75.8578244566516844,
                        39.36076575427257
                    ],
                    [
                        -75.860370644187924,
                        39.3607904579750425
                    ],
                    [
                        -75.8629168326225169,
                        39.3608151067994712
                    ],
                    [
                        -75.8658873878922577,
                        39.3608437937166755
                    ],
                    [
                        -75.86843357992008,
                        39.3608683230600889
                    ],
                    [
                        -75.8714041396813741,
                        39.3608968710460445
                    ],
                    [
                        -75.8739503362007923,
                        39.3609212809087126
                    ],
                    [
                        -75.8764965345168321,
                        39.3609456351990872
                    ],
                    [
                        -75.8790427337311826,
                        39.3609699346117878
                    ],
                    [
                        -75.88158893564048,
                        39.3609941791468714
                    ],
                    [
                        -75.8841351384481015,
                        39.3610183688044515
                    ],
                    [
                        -75.8871057107858178,
                        39.3610465194488057
                    ],
                    [
                        -75.8896519180850078,
                        39.3610705896263511
                    ],
                    [
                        -75.8921981262825227,
                        39.3610946042319654
                    ],
                    [
                        -75.8951687049084427,
                        39.3611225520384451
                    ],
                    [
                        -75.8977149175975256,
                        39.3611464471644794
                    ],
                    [
                        -75.90026113208323,
                        39.3611702874133584
                    ],
                    [
                        -75.9032317169973823,
                        39.3611980309934779
                    ],
                    [
                        -75.905777935076344,
                        39.3612217517631535
                    ],
                    [
                        -75.9083241540536449,
                        39.3612454169612107
                    ],
                    [
                        -75.9108703757258922,
                        39.3612690272823471
                    ],
                    [
                        -75.9138409687248554,
                        39.3612965034240787
                    ],
                    [
                        -75.9163871939903458,
                        39.3613199942665162
                    ],
                    [
                        -75.9189334201541612,
                        39.3613434302321252
                    ],
                    [
                        -75.9219040203396531,
                        39.36137070214906
                    ],
                    [
                        -75.9244502500967116,
                        39.3613940186364033
                    ],
                    [
                        -75.9269964816504341,
                        39.3614172802470748
                    ],
                    [
                        -75.929542715899089,
                        39.3614404862866962
                    ],
                    [
                        -75.93208895104604,
                        39.3614636367552535
                    ],
                    [
                        -75.9346351879896559,
                        39.3614867330419287
                    ],
                    [
                        -75.93718142583154,
                        39.3615097737576392
                    ],
                    [
                        -75.9401520394917782,
                        39.361536585128917
                    ],
                    [
                        -75.9426982818252583,
                        39.3615595063671719
                    ],
                    [
                        -75.9456688999770506,
                        39.3615861781167311
                    ],
                    [
                        -75.9482151450055056,
                        39.3616089798777793
                    ],
                    [
                        -75.9507613927288787,
                        39.3616317267627309
                    ],
                    [
                        -75.9533076413505768,
                        39.3616544180770731
                    ],
                    [
                        -75.9558538917688963,
                        39.3616770545154182
                    ],
                    [
                        -75.9584001439838516,
                        39.36169963607783
                    ],
                    [
                        -75.9613707738137407,
                        39.3617259111920532
                    ],
                    [
                        -75.9639170296219675,
                        39.3617483725834134
                    ],
                    [
                        -75.9664632863284908,
                        39.3617707797935594
                    ],
                    [
                        -75.9694339224465978,
                        39.3617968506867442
                    ],
                    [
                        -75.9719801827463925,
                        39.3618191384207563
                    ],
                    [
                        -75.974526444842823,
                        39.3618413705846635
                    ],
                    [
                        -75.9770727096342,
                        39.3618635471784089
                    ],
                    [
                        -75.9800433529388215,
                        39.3618893506400127
                    ],
                    [
                        -75.9825896195268058,
                        39.3619114084526629
                    ],
                    [
                        -75.985135888809765,
                        39.3619334106954213
                    ],
                    [
                        -75.9881065384026044,
                        39.3619590106319635
                    ],
                    [
                        -75.9906528103804959,
                        39.3619808933993838
                    ],
                    [
                        -75.9931990841550231,
                        39.3620027212916384
                    ],
                    [
                        -75.9957453597261718,
                        39.3620244943086561
                    ],
                    [
                        -75.99871601650554,
                        39.3620498261209661
                    ],
                    [
                        -76.001262295669946,
                        39.3620714789686161
                    ],
                    [
                        -76.0038085757326769,
                        39.3620930769413135
                    ],
                    [
                        -76.0036541768948979,
                        39.3730741513975175
                    ],
                    [
                        -76.0062008540129739,
                        39.3730956980522109
                    ],
                    [
                        -76.0087475320293748,
                        39.3731171891461287
                    ],
                    [
                        -76.0117186586276432,
                        39.3731421919437423
                    ],
                    [
                        -76.0142653402372872,
                        39.3731635635822386
                    ],
                    [
                        -76.01681202274527,
                        39.37318488035455
                    ],
                    [
                        -76.0193587070498751,
                        39.3732061415663992
                    ],
                    [
                        -76.0223298417329687,
                        39.3732308769786243
                    ],
                    [
                        -76.02487652873252,
                        39.3732520187354567
                    ],
                    [
                        -76.0274232184270318,
                        39.37327310562636
                    ],
                    [
                        -76.0303943576016934,
                        39.3732976368542182
                    ],
                    [
                        -76.0329410508894483,
                        39.3733186042904464
                    ],
                    [
                        -76.0354877450755282,
                        39.3733395161664745
                    ],
                    [
                        -76.0380344401599189,
                        39.3733603731768085
                    ],
                    [
                        -76.04100558741942,
                        39.37338463702109
                    ],
                    [
                        -76.0435522860970678,
                        39.3734053745771888
                    ],
                    [
                        -76.0460989865713657,
                        39.3734260565732868
                    ],
                    [
                        -76.0490701392207455,
                        39.3734501162344941
                    ],
                    [
                        -76.0516168423899757,
                        39.3734706794711329
                    ],
                    [
                        -76.0541635473558273,
                        39.373491187147998
                    ],
                    [
                        -76.0567102541183147,
                        39.3735116392650113
                    ],
                    [
                        -76.0592569617791412,
                        39.37353203721117
                    ],
                    [
                        -76.0618036712365608,
                        39.3735523795976832
                    ],
                    [
                        -76.0647748346657551,
                        39.3735760427008259
                    ],
                    [
                        -76.0673215468181212,
                        39.3735962649396072
                    ],
                    [
                        -76.0698682607671373,
                        39.3736164330077756
                    ],
                    [
                        -76.0724149765127748,
                        39.3736365455163906
                    ],
                    [
                        -76.0749616940550482,
                        39.3736566031600574
                    ],
                    [
                        -76.0779328655690534,
                        39.3736799336005916
                    ],
                    [
                        -76.0804795858062732,
                        39.3736998710971093
                    ],
                    [
                        -76.083026306941818,
                        39.3737197544231563
                    ],
                    [
                        -76.0855730298739843,
                        39.3737395821900051
                    ],
                    [
                        -76.0885442085745183,
                        39.3737626445568907
                    ],
                    [
                        -76.0882615860097218,
                        39.3957248833308569
                    ],
                    [
                        -76.0879787873751212,
                        39.4176869628129865
                    ],
                    [
                        -76.0854304834080608,
                        39.4176671870896271
                    ],
                    [
                        -76.0828821803393112,
                        39.4176473572300381
                    ],
                    [
                        -76.0799091627873878,
                        39.4176241518318236
                    ],
                    [
                        -76.0773608624135846,
                        39.417604201900879
                    ],
                    [
                        -76.0743878484549185,
                        39.4175808569976027
                    ],
                    [
                        -76.0718395516743726,
                        39.4175607876890837
                    ],
                    [
                        -76.0692912566904624,
                        39.41754066285614
                    ],
                    [
                        -76.0667429626048772,
                        39.4175204824985954
                    ],
                    [
                        -76.066508772708616,
                        39.4352837687619555
                    ],
                    [
                        -76.0663085526048377,
                        39.4504632179248418
                    ],
                    [
                        -76.063334161528843,
                        39.4504395947748776
                    ],
                    [
                        -76.06078468526033,
                        39.4504192859070741
                    ],
                    [
                        -76.0582352098901282,
                        39.4503989222344771
                    ],
                    [
                        -76.0556857363165761,
                        39.4503785030633694
                    ],
                    [
                        -76.0527113524270817,
                        39.4503546107457908
                    ],
                    [
                        -76.0501618824467869,
                        39.4503340722526517
                    ],
                    [
                        -76.0476124133648028,
                        39.4503134782608527
                    ],
                    [
                        -76.04506294518113,
                        39.4502928294640611
                    ],
                    [
                        -76.0448319245411994,
                        39.4674099437044958
                    ],
                    [
                        -76.0446182386913136,
                        39.483235108599736
                    ],
                    [
                        -76.0471688935494541,
                        39.4832557670370647
                    ],
                    [
                        -76.0497195493059337,
                        39.4832763700019953
                    ],
                    [
                        -76.0526953166009463,
                        39.4833003376849021
                    ],
                    [
                        -76.0552459759506974,
                        39.4833208213840763
                    ],
                    [
                        -76.058221746838953,
                        39.48334464899937
                    ],
                    [
                        -76.0607724097819613,
                        39.4833650127397817
                    ],
                    [
                        -76.06332307362328,
                        39.4833853217013271
                    ],
                    [
                        -76.06587373836291,
                        39.4834055751907229
                    ],
                    [
                        -76.0656604468734372,
                        39.4995536471599848
                    ],
                    [
                        -76.065438518980784,
                        39.5163475416702994
                    ],
                    [
                        -76.0679903739881809,
                        39.5163677495210592
                    ],
                    [
                        -76.0709675408584047,
                        39.5163912546536622
                    ],
                    [
                        -76.07351939856072,
                        39.5164113426029644
                    ],
                    [
                        -76.0760712580596987,
                        39.5164313751065848
                    ],
                    [
                        -76.0786231193552709,
                        39.51645135216463
                    ],
                    [
                        -76.0811749815491822,
                        39.5164712744700495
                    ],
                    [
                        -76.0841521565042456,
                        39.5164944469287533
                    ],
                    [
                        -76.0867040222914142,
                        39.5165142486402843
                    ],
                    [
                        -76.086482867848261,
                        39.5336310351166489
                    ],
                    [
                        -76.0862783079833207,
                        39.5494558905317533
                    ],
                    [
                        -76.0888313649365529,
                        39.5494756468251936
                    ],
                    [
                        -76.09138442278811,
                        39.5494953476995477
                    ],
                    [
                        -76.0939374815379637,
                        39.549514993154844
                    ],
                    [
                        -76.096916052474981,
                        39.5495378428862026
                    ],
                    [
                        -76.099469114818092,
                        39.5495573684979433
                    ],
                    [
                        -76.1020221789578528,
                        39.54957683869084
                    ],
                    [
                        -76.1050007552847632,
                        39.5495994840649985
                    ],
                    [
                        -76.1075538221194563,
                        39.5496188351073243
                    ],
                    [
                        -76.1072764043934171,
                        39.5715797504071389
                    ],
                    [
                        -76.1102559104766385,
                        39.5716022632653051
                    ],
                    [
                        -76.1128097732186859,
                        39.5716215001477707
                    ],
                    [
                        -76.115363637757369,
                        39.5716406816291268
                    ],
                    [
                        -76.1179175040926594,
                        39.5716598077094588
                    ],
                    [
                        -76.1204713713262748,
                        39.57167887838871
                    ],
                    [
                        -76.12302524035654,
                        39.5716978936670216
                    ],
                    [
                        -76.1260047563212225,
                        39.5717200083301321
                    ],
                    [
                        -76.12855862804642,
                        39.5717389038039613
                    ],
                    [
                        -76.1282876548342244,
                        39.593699682025516
                    ],
                    [
                        -76.1308423224667479,
                        39.5937185278971029
                    ],
                    [
                        -76.13339699099761,
                        39.5937373190776682
                    ],
                    [
                        -76.13595166042677,
                        39.5937560541828546
                    ],
                    [
                        -76.1389321106393737,
                        39.5937778419997031
                    ],
                    [
                        -76.1414867836618043,
                        39.5937964580310862
                    ],
                    [
                        -76.1444672365693123,
                        39.5938181060056493
                    ],
                    [
                        -76.1470219122867036,
                        39.5938366022711961
                    ],
                    [
                        -76.1495765898007022,
                        39.5938550424615912
                    ],
                    [
                        -76.1493120691871894,
                        39.6158156778861965
                    ],
                    [
                        -76.1518675426085281,
                        39.615834068628196
                    ],
                    [
                        -76.1544230169282059,
                        39.615852404004869
                    ],
                    [
                        -76.1574044049819463,
                        39.6158737253789752
                    ],
                    [
                        -76.1599598819965564,
                        39.6158919410283232
                    ],
                    [
                        -76.162941273643554,
                        39.6159131219133229
                    ],
                    [
                        -76.1654967533531106,
                        39.6159312178354455
                    ],
                    [
                        -76.1680522348592888,
                        39.6159492583925257
                    ],
                    [
                        -76.1706077172637919,
                        39.6159672428925944
                    ],
                    [
                        -76.170421779474708,
                        39.6317917320301376
                    ],
                    [
                        -76.1702205676308495,
                        39.6489079027162319
                    ],
                    [
                        -76.1727772447946876,
                        39.6489258399162452
                    ],
                    [
                        -76.1753339228568365,
                        39.6489437224693191
                    ],
                    [
                        -76.1783167149773561,
                        39.648964515582918
                    ],
                    [
                        -76.1808733957344515,
                        39.6489822777747349
                    ],
                    [
                        -76.1838561914482284,
                        39.6490029311586767
                    ],
                    [
                        -76.18641287490027,
                        39.6490205736810566
                    ],
                    [
                        -76.1889695601489336,
                        39.6490381608650608
                    ],
                    [
                        -76.191526246295922,
                        39.6490556927107036
                    ],
                    [
                        -76.1914004309521715,
                        39.6600358365199455
                    ],
                    [
                        -76.1939575159511548,
                        39.6600533157839834
                    ],
                    [
                        -76.1969407841787643,
                        39.6600736380594086
                    ],
                    [
                        -76.19949787187268,
                        39.6600909969819213
                    ],
                    [
                        -76.2020549613632312,
                        39.6601083005750468
                    ],
                    [
                        -76.2046120517520933,
                        39.6601255495304486
                    ],
                    [
                        -76.20759532536961,
                        39.6601456027668533
                    ],
                    [
                        -76.2101524184534043,
                        39.6601627313811065
                    ],
                    [
                        -76.2127095124355378,
                        39.6601798039745574
                    ],
                    [
                        -76.2124643990254214,
                        39.6821399857102008
                    ],
                    [
                        -76.2150222907115165,
                        39.6821570086274491
                    ],
                    [
                        -76.2180064985769405,
                        39.682176798981935
                    ],
                    [
                        -76.2205643929579679,
                        39.6821937015966242
                    ],
                    [
                        -76.2231222891356452,
                        39.68221054889991
                    ],
                    [
                        -76.2256801853133084,
                        39.682227341583058
                    ],
                    [
                        -76.2282380832876214,
                        39.6822440782635226
                    ],
                    [
                        -76.2312222992378565,
                        39.6822635346753216
                    ],
                    [
                        -76.2337801999071161,
                        39.6822801510537388
                    ],
                    [
                        -76.23354157143504,
                        39.7042401726692233
                    ],
                    [
                        -76.2365267198365615,
                        39.7042594950249992
                    ],
                    [
                        -76.2390854191080933,
                        39.704275996912429
                    ],
                    [
                        -76.2416441201762609,
                        39.7042924428151451
                    ],
                    [
                        -76.244202822142725,
                        39.7043088341155013
                    ],
                    [
                        -76.2467615259058249,
                        39.7043251694312147
                    ],
                    [
                        -76.24932023056725,
                        39.70434145014454
                    ],
                    [
                        -76.25230538705361,
                        39.7043603736959412
                    ],
                    [
                        -76.2548640944099958,
                        39.7043765334550471
                    ],
                    [
                        -76.2547036633850865,
                        39.7195546922146647
                    ],
                    [
                        -76.2545158364389692,
                        39.73731624044656
                    ],
                    [
                        -76.2528092350284936,
                        39.7373054682740658
                    ],
                    [
                        -76.25067598326541,
                        39.7372919688619675
                    ],
                    [
                        -76.2485427324006366,
                        39.73727843007223
                    ],
                    [
                        -76.246836131888486,
                        39.73726757154504
                    ],
                    [
                        -76.2447028819220378,
                        39.73725396436231
                    ],
                    [
                        -76.2429962832065229,
                        39.73724305056804
                    ],
                    [
                        -76.2408630350366963,
                        39.7372293736105817
                    ],
                    [
                        -76.2391564372195205,
                        39.7372184045492247
                    ],
                    [
                        -76.2374498403006129,
                        39.73720741061765
                    ],
                    [
                        -76.2353165948257327,
                        39.7371936334884666
                    ],
                    [
                        -76.2336099979068393,
                        39.7371825842896627
                    ],
                    [
                        -76.2314767542286091,
                        39.7371687380764271
                    ],
                    [
                        -76.2293435105503647,
                        39.7371548531761221
                    ],
                    [
                        -76.2276369163264178,
                        39.7371437176221818
                    ],
                    [
                        -76.2255036744448091,
                        39.7371297636377108
                    ],
                    [
                        -76.2237970811191872,
                        39.7371185728164349
                    ],
                    [
                        -76.2220904886918618,
                        39.7371073571247848
                    ],
                    [
                        -76.2199572495052,
                        39.7370933029681552
                    ],
                    [
                        -76.2182506579761991,
                        39.7370820320090843
                    ],
                    [
                        -76.2161174196878619,
                        39.7370679087680614
                    ],
                    [
                        -76.214410829955483,
                        39.737056582541463
                    ],
                    [
                        -76.2122775925654707,
                        39.7370423895251932
                    ],
                    [
                        -76.2105710046297133,
                        39.7370310080310034
                    ],
                    [
                        -76.2084377690363226,
                        39.7370167459302408
                    ],
                    [
                        -76.20673118199889,
                        39.7370053084776416
                    ],
                    [
                        -76.204597948202121,
                        39.7369909772922369
                    ],
                    [
                        -76.2028913620630135,
                        39.7369794845719255
                    ],
                    [
                        -76.2007581300628658,
                        39.7369650843019144
                    ],
                    [
                        -76.1990515448220833,
                        39.73695353631382
                    ],
                    [
                        -76.1969183146185713,
                        39.7369390662682278
                    ],
                    [
                        -76.1952117302761,
                        39.7369274630122931
                    ],
                    [
                        -76.1930785018692092,
                        39.7369129238818815
                    ],
                    [
                        -76.1909452734623329,
                        39.7368983460639669
                    ],
                    [
                        -76.1892386918148077,
                        39.7368866564519294
                    ],
                    [
                        -76.1871054652045387,
                        39.7368720102398356
                    ],
                    [
                        -76.1853988853536492,
                        39.7368602646690334
                    ],
                    [
                        -76.183265660540016,
                        39.736845548681174
                    ],
                    [
                        -76.1815590806891265,
                        39.7368337478423044
                    ],
                    [
                        -76.1794258576721433,
                        39.7368189627692843
                    ],
                    [
                        -76.1777192796178753,
                        39.7368071066623045
                    ],
                    [
                        -76.1755860583975135,
                        39.7367922525040527
                    ],
                    [
                        -76.1738794821398812,
                        39.73678034112892
                    ],
                    [
                        -76.171746261817816,
                        39.7367654171946114
                    ],
                    [
                        -76.1700396864585088,
                        39.7367534498604158
                    ],
                    [
                        -76.168333111997498,
                        39.7367414590371126
                    ],
                    [
                        -76.1661998943704077,
                        39.7367264349290963
                    ],
                    [
                        -76.1644933208077077,
                        39.7367143881466447
                    ],
                    [
                        -76.1623601049772532,
                        39.7366992949531195
                    ],
                    [
                        -76.1602268900450952,
                        39.7366841630717431
                    ],
                    [
                        -76.1585203182790309,
                        39.7366720299323788
                    ],
                    [
                        -76.1563871051435086,
                        39.7366568289654154
                    ],
                    [
                        -76.15468053517408,
                        39.7366446405575218
                    ],
                    [
                        -76.1525473229368544,
                        39.7366293705049
                    ],
                    [
                        -76.1508407547640616,
                        39.7366171261376735
                    ],
                    [
                        -76.1487075443235,
                        39.7366017869992376
                    ],
                    [
                        -76.14700097704899,
                        39.7365894873633607
                    ],
                    [
                        -76.1452944097745217,
                        39.7365771635473877
                    ],
                    [
                        -76.1431612029272031,
                        39.7365617235436872
                    ],
                    [
                        -76.1414546374493426,
                        39.7365493444590143
                    ],
                    [
                        -76.139321431500349,
                        39.7365338353693645
                    ],
                    [
                        -76.1376148669208135,
                        39.7365214010158354
                    ],
                    [
                        -76.1354816627684556,
                        39.7365058228401367
                    ],
                    [
                        -76.1337750999855416,
                        39.7364933325269618
                    ],
                    [
                        -76.1316418976298053,
                        39.7364776852650934
                    ],
                    [
                        -76.129935335745202,
                        39.73646513968297
                    ],
                    [
                        -76.1278021351860872,
                        39.7364494226441423
                    ],
                    [
                        -76.1260955750981338,
                        39.7364368217929993
                    ],
                    [
                        -76.1239623763356548,
                        39.7364210356678171
                    ],
                    [
                        -76.1218291775731757,
                        39.7364052115451329
                    ],
                    [
                        -76.1201226201801546,
                        39.7363925236452289
                    ],
                    [
                        -76.1179894232142971,
                        39.7363766304361192
                    ],
                    [
                        -76.116282866719601,
                        39.7363638872670677
                    ],
                    [
                        -76.1145763111232156,
                        39.7363511199176855
                    ],
                    [
                        -76.11244311775063,
                        39.7363351265330778
                    ],
                    [
                        -76.1103099243780576,
                        39.7363190944599936
                    ],
                    [
                        -76.108603370578308,
                        39.7363062407523415
                    ],
                    [
                        -76.1064701799006542,
                        39.7362901389017651
                    ],
                    [
                        -76.1047636269992154,
                        39.7362772299247737
                    ],
                    [
                        -76.1026304381181973,
                        39.7362610596781778
                    ],
                    [
                        -76.1009238870134084,
                        39.7362480947409011
                    ],
                    [
                        -76.0992173368069018,
                        39.7362351063139769
                    ],
                    [
                        -76.0970841497225052,
                        39.7362188352006669
                    ],
                    [
                        -76.0949509635364478,
                        39.736202526089464
                    ],
                    [
                        -76.0932444160249162,
                        39.7361894506130184
                    ],
                    [
                        -76.0915378685133419,
                        39.7361763509560717
                    ],
                    [
                        -76.0894046850222452,
                        39.7361599409778918
                    ],
                    [
                        -76.0872715024294308,
                        39.7361434936924738
                    ],
                    [
                        -76.0855649576128314,
                        39.736130307676639
                    ],
                    [
                        -76.0821518688779435,
                        39.7361038617216167
                    ],
                    [
                        -76.0804453258579656,
                        39.7360906017823936
                    ],
                    [
                        -76.0783121477567477,
                        39.7360739921420034
                    ],
                    [
                        -76.0761789705538263,
                        39.7360573438126465
                    ],
                    [
                        -76.0744724293304984,
                        39.7360439975142228
                    ],
                    [
                        -76.0727658890054812,
                        39.7360306270350776
                    ],
                    [
                        -76.0706327144974921,
                        39.7360138792196977
                    ],
                    [
                        -76.0689261759691107,
                        39.7360004527797344
                    ],
                    [
                        -76.0667930032577715,
                        39.7359836351859244
                    ],
                    [
                        -76.0646598314447573,
                        39.73596677959388
                    ],
                    [
                        -76.0629532947129974,
                        39.7359532667943185
                    ],
                    [
                        -76.06082012469659,
                        39.73593634211452
                    ],
                    [
                        -76.0591135897614663,
                        39.7359227740447025
                    ],
                    [
                        -76.0574070557246387,
                        39.7359091817940921
                    ],
                    [
                        -76.0552738884032067,
                        39.7358921562461163
                    ],
                    [
                        -76.053567355264704,
                        39.7358785087251931
                    ],
                    [
                        -76.0514341897398793,
                        39.735861414089193
                    ],
                    [
                        -76.04930102601169,
                        39.7358442814547388
                    ],
                    [
                        -76.0475944946698377,
                        39.7358305468829514
                    ],
                    [
                        -76.045887965124578,
                        39.7358167888210829
                    ],
                    [
                        -76.0437548031930248,
                        39.7357995553180388
                    ],
                    [
                        -76.0420482745461044,
                        39.7357857412947837
                    ],
                    [
                        -76.0399151153095119,
                        39.7357684393942989
                    ],
                    [
                        -76.0382085884592129,
                        39.7357545694095577
                    ],
                    [
                        -76.036075430120917,
                        39.7357371977299252
                    ],
                    [
                        -76.0343689050672538,
                        39.735723273165263
                    ],
                    [
                        -76.0322357494239043,
                        39.7357058323971373
                    ],
                    [
                        -76.0305292252685518,
                        39.7356918518709108
                    ],
                    [
                        -76.0283960714218381,
                        39.7356743420142422
                    ],
                    [
                        -76.0262629184734351,
                        39.73565679346801
                    ],
                    [
                        -76.0245563970130291,
                        39.73564272658102
                    ],
                    [
                        -76.0224232458612619,
                        39.7356251089461026
                    ],
                    [
                        -76.0207167252991809,
                        39.73561098678811
                    ],
                    [
                        -76.01858357684236,
                        39.7355933000643589
                    ],
                    [
                        -76.0168770580769007,
                        39.7355791226353432
                    ],
                    [
                        -76.0147439105183906,
                        39.7355613661319111
                    ],
                    [
                        -76.0130373935495669,
                        39.73554713343173
                    ],
                    [
                        -76.0113308774790539,
                        39.7355328758595476
                    ],
                    [
                        -76.0091977335138012,
                        39.7355150191771
                    ],
                    [
                        -76.0070645904468734,
                        39.7354971244956232
                    ],
                    [
                        -76.0053580761729961,
                        39.7354827805620872
                    ],
                    [
                        -76.0032249349026756,
                        39.7354648167913993
                    ],
                    [
                        -76.0015184224254341,
                        39.7354504175865273
                    ],
                    [
                        -75.9993852829517635,
                        39.7354323840357537
                    ],
                    [
                        -75.9976787722711435,
                        39.7354179295594108
                    ],
                    [
                        -75.9955456354924337,
                        39.7353998269192914
                    ],
                    [
                        -75.99383912571011,
                        39.7353853164805741
                    ],
                    [
                        -75.9921326177244367,
                        39.7353707825513141
                    ],
                    [
                        -75.9899994827423484,
                        39.735352579731483
                    ],
                    [
                        -75.9878663495568958,
                        39.7353343382214774
                    ],
                    [
                        -75.98615984336783,
                        39.7353197172394843
                    ],
                    [
                        -75.9844533380771026,
                        39.7353050720760663
                    ],
                    [
                        -75.9823202075865964,
                        39.7352867303860577
                    ],
                    [
                        -75.9806137040924909,
                        39.7352720299508135
                    ],
                    [
                        -75.9784805753986063,
                        39.7352536191710115
                    ],
                    [
                        -75.9763474485013575,
                        39.7352351703917535
                    ],
                    [
                        -75.9746409468038877,
                        39.73522038290335
                    ],
                    [
                        -75.97250782170326,
                        39.7352018650340852
                    ],
                    [
                        -75.9708013218024121,
                        39.7351870222737134
                    ],
                    [
                        -75.9690948236982,
                        39.7351721553317674
                    ],
                    [
                        -75.9669617012925187,
                        39.7351535372819242
                    ],
                    [
                        -75.964828579785177,
                        39.7351348798508113
                    ],
                    [
                        -75.963122083477586,
                        39.7351199265461474
                    ],
                    [
                        -75.9614155880683342,
                        39.7351049490598385
                    ],
                    [
                        -75.9592824692559105,
                        39.7350861921386809
                    ],
                    [
                        -75.9575759756432944,
                        39.7350711586892444
                    ],
                    [
                        -75.9554428586274923,
                        39.7350523326776823
                    ],
                    [
                        -75.95330974340834,
                        39.7350334679754482
                    ],
                    [
                        -75.9516032524906564,
                        39.7350183481629742
                    ],
                    [
                        -75.9494701390681257,
                        39.7349994143701792
                    ],
                    [
                        -75.9477636490487527,
                        39.7349842392851968
                    ],
                    [
                        -75.9456305383211685,
                        39.7349652364017487
                    ],
                    [
                        -75.9439240500984312,
                        39.7349500060441727
                    ],
                    [
                        -75.9417909411674827,
                        39.7349309333791254
                    ],
                    [
                        -75.9400844547413669,
                        39.7349156477488847
                    ],
                    [
                        -75.9379513476070542,
                        39.7348965059929071
                    ],
                    [
                        -75.9362448629775741,
                        39.734881164399134
                    ],
                    [
                        -75.9341117585381937,
                        39.7348619535521976
                    ],
                    [
                        -75.9324052748070386,
                        39.7348465566855751
                    ],
                    [
                        -75.9302721721642939,
                        39.7348272767475521
                    ],
                    [
                        -75.9285656911280853,
                        39.7348118246080162
                    ],
                    [
                        -75.9268592100918625,
                        39.7347963482864941
                    ],
                    [
                        -75.9247261110423892,
                        39.7347769674754332
                    ],
                    [
                        -75.9230196318028021,
                        39.7347614358808769
                    ],
                    [
                        -75.92088653454995,
                        39.7347419859784878
                    ],
                    [
                        -75.9187534372970987,
                        39.7347224980757261
                    ],
                    [
                        -75.9170469616507688,
                        39.7347068794261347
                    ],
                    [
                        -75.9149138670928494,
                        39.7346873224318813
                    ],
                    [
                        -75.9132073923448445,
                        39.7346716485090283
                    ],
                    [
                        -75.91150091849515,
                        39.73465595040404
                    ],
                    [
                        -75.9093678275305166,
                        39.7346362925361376
                    ],
                    [
                        -75.9076613554774582,
                        39.734620539157774
                    ],
                    [
                        -75.9055282663094459,
                        39.7346008121981171
                    ],
                    [
                        -75.90339517803973,
                        39.7345810472378957
                    ],
                    [
                        -75.9016887086816183,
                        39.7345652074947537
                    ],
                    [
                        -75.8999822402218172,
                        39.7345493428785872
                    ],
                    [
                        -75.8978491555453729,
                        39.7345294770442123
                    ],
                    [
                        -75.8957160717672537,
                        39.7345095738999916
                    ],
                    [
                        -75.8940096060023848,
                        39.7344936229187766
                    ],
                    [
                        -75.8923031411358551,
                        39.7344776477552415
                    ],
                    [
                        -75.8901700600526823,
                        39.7344576437365973
                    ],
                    [
                        -75.8884635969827741,
                        39.7344416132992535
                    ],
                    [
                        -75.8863305185945336,
                        39.7344215401883076
                    ],
                    [
                        -75.8841974420029288,
                        39.7344014283856879
                    ],
                    [
                        -75.8824909807296706,
                        39.7343853115828836
                    ],
                    [
                        -75.8803579059346873,
                        39.734365130687749
                    ],
                    [
                        -75.8786514473563471,
                        39.7343489579201332
                    ],
                    [
                        -75.8769449887780354,
                        39.734332760970041
                    ],
                    [
                        -75.8748119175763094,
                        39.734312480581508
                    ],
                    [
                        -75.8726788463746118,
                        39.7342921608102841
                    ],
                    [
                        -75.8709723913895147,
                        39.7342758774943263
                    ],
                    [
                        -75.8688393228827636,
                        39.7342554893211357
                    ],
                    [
                        -75.8671328696943164,
                        39.734239150730879
                    ],
                    [
                        -75.8649998038825117,
                        39.7342186927739007
                    ],
                    [
                        -75.8632933515923753,
                        39.7342022982184773
                    ],
                    [
                        -75.8615869002005638,
                        39.7341858801712533
                    ],
                    [
                        -75.8594538379820165,
                        39.7341653220294049
                    ],
                    [
                        -75.8577473883868407,
                        39.7341488480168437
                    ],
                    [
                        -75.8556143279649007,
                        39.7341282207818267
                    ],
                    [
                        -75.8534812684413,
                        39.7341075548546314
                    ],
                    [
                        -75.8517748224393671,
                        39.7340909944755083
                    ],
                    [
                        -75.8500683764374486,
                        39.7340744099136813
                    ],
                    [
                        -75.847935320507105,
                        39.73405364380109
                    ],
                    [
                        -75.8458022654750579,
                        39.7340328396870817
                    ],
                    [
                        -75.8440958230664251,
                        39.7340161687583731
                    ],
                    [
                        -75.8423893806577638,
                        39.7339994729560573
                    ],
                    [
                        -75.8402563292189882,
                        39.7339785686563118
                    ],
                    [
                        -75.8385498895052734,
                        39.7339618175790861
                    ],
                    [
                        -75.8364168398631193,
                        39.7339408434947714
                    ],
                    [
                        -75.8342837920176152,
                        39.7339198320995948
                    ],
                    [
                        -75.8325773549988469,
                        39.7339029946550468
                    ],
                    [
                        -75.8304443089499784,
                        39.733881913475166
                    ],
                    [
                        -75.8287378737278317,
                        39.7338650200646484
                    ],
                    [
                        -75.8270314385056992,
                        39.7338481031619182
                    ],
                    [
                        -75.8248983969483845,
                        39.7338269217956466
                    ],
                    [
                        -75.8231919635228877,
                        39.7338099489268544
                    ],
                    [
                        -75.8210589237622088,
                        39.7337886984663484
                    ],
                    [
                        -75.8193524930316443,
                        39.73377167032212
                    ],
                    [
                        -75.8172194550676011,
                        39.7337503500765123
                    ],
                    [
                        -75.8155130261336865,
                        39.7337332666567207
                    ],
                    [
                        -75.8133799908645756,
                        39.7337118773166935
                    ],
                    [
                        -75.8112469564938039,
                        39.7336904499745671
                    ],
                    [
                        -75.8095405302548215,
                        39.7336732794958678
                    ],
                    [
                        -75.80783410491415,
                        39.7336560855247782
                    ],
                    [
                        -75.8057010741366213,
                        39.7336345579954866
                    ],
                    [
                        -75.8035680442574176,
                        39.7336129917731995
                    ],
                    [
                        -75.8018616225100033,
                        39.7335957107429536
                    ],
                    [
                        -75.799728595325746,
                        39.7335740754257714
                    ],
                    [
                        -75.7980221744766425,
                        39.7335567391195852
                    ],
                    [
                        -75.7958891499873317,
                        39.7335350347074368
                    ],
                    [
                        -75.7941827309348781,
                        39.7335176431252179
                    ],
                    [
                        -75.7924763127807495,
                        39.733500227359599
                    ],
                    [
                        -75.7903432918846818,
                        39.7334784220688206
                    ],
                    [
                        -75.7886368764254712,
                        39.73346095102702
                    ],
                    [
                        -75.7865038573260676,
                        39.7334390766409982
                    ],
                    [
                        -75.7843708400232714,
                        39.73341716425238
                    ],
                    [
                        -75.7826644263606966,
                        39.7333996068414876
                    ],
                    [
                        -75.7809580144947574,
                        39.7333820245563345
                    ],
                    [
                        -75.7788250007852184,
                        39.7333600119793573
                    ],
                    [
                        -75.7766919879740186,
                        39.7333379607089654
                    ],
                    [
                        -75.7749855788030118,
                        39.7333202920543158
                    ],
                    [
                        -75.7732791705303441,
                        39.7333025992161524
                    ],
                    [
                        -75.7711461613123873,
                        39.7332804477570036
                    ],
                    [
                        -75.7690131529927413,
                        39.7332582582951019
                    ],
                    [
                        -75.7673067474150059,
                        39.7332404790871934
                    ],
                    [
                        -75.7638939398528208,
                        39.73320484604794
                    ],
                    [
                        -75.76418271228404,
                        39.7167359826378785
                    ],
                    [
                        -75.7645052982008878,
                        39.6983294666260917
                    ],
                    [
                        -75.76479378496785,
                        39.6818603565762373
                    ],
                    [
                        -75.7650934422853766,
                        39.6647452777857268
                    ],
                    [
                        -75.765376004663068,
                        39.6485988651875942
                    ],
                    [
                        -75.7656810267194771,
                        39.6311606189344516
                    ],
                    [
                        -75.7659802537439759,
                        39.6140451834805418
                    ],
                    [
                        -75.7662906189796956,
                        39.5962837586347689
                    ],
                    [
                        -75.7665839117334485,
                        39.5794910243311833
                    ],
                    [
                        -75.766882701278405,
                        39.5623752394058883
                    ],
                    [
                        -75.7671813461946044,
                        39.545259342610791
                    ],
                    [
                        -75.7674911077624529,
                        39.5274974442829361
                    ],
                    [
                        -75.7677838300859889,
                        39.51070426931912
                    ],
                    [
                        -75.768093288921591,
                        39.4929421432369665
                    ],
                    [
                        -75.7684025923486359,
                        39.47517990335384
                    ],
                    [
                        -75.7686892618237948,
                        39.4587093612877382
                    ],
                    [
                        -75.7661395852309738,
                        39.4586826732579041
                    ],
                    [
                        -75.7631649650845844,
                        39.4586514679683376
                    ],
                    [
                        -75.7606152929833456,
                        39.4586246599279349
                    ],
                    [
                        -75.7580656226787283,
                        39.458597797084785
                    ],
                    [
                        -75.7550910097188535,
                        39.4585663871524943
                    ],
                    [
                        -75.7525413430075218,
                        39.4585394049918818
                    ],
                    [
                        -75.7499916789911083,
                        39.4585123673347411
                    ],
                    [
                        -75.7474420167713447,
                        39.4584852741810153
                    ]
                ]
            ]
        ]
    }
}